CAS #,Formatted CAS #,Substance Name,Acidification Air (kg SO2 eq / kg substance),"Ecotox. CF [CTUeco/kg], Em.airU, freshwater","Ecotox. CF [CTUeco/kg], Em.airC, freshwater","Ecotox. CF [CTUeco/kg], Em.fr.waterC, freshwater","Ecotox. CF [CTUeco/kg], Em.sea waterC, freshwater","Ecotox. CF [CTUeco/kg], Em.nat.soilC, freshwater","Ecotox. CF [CTUeco/kg], Em.agr.soilC, freshwater",CF Flag Ecotox,Global Climate Air (kg CO2 eq / kg substance),"Human health CF  [CTUcancer/kg], Emission to urban air, cancer","Human health CF  [CTUnoncancer/kg], Emission to urban air, non-canc.","Human health CF  [CTUcancer/kg], Emission to cont. rural air, cancer","Human health CF  [CTUnoncancer/kg], Emission to cont. rural air, non-canc.","Human health CF  [CTUcancer/kg], Emission to cont. freshwater, cancer","Human health CF  [CTUnoncancer/kg], Emission to cont. freshwater, non-canc.","Human health CF  [CTUcancer/kg], Emission to cont. sea water, cancer","Human health CF  [CTUnoncancer/kg], Emission to cont. sea water, non-canc.","Human health CF  [CTUcancer/kg], Emission to cont. natural soil, cancer","Human health CF  [CTUnoncancer/kg], Emission to cont. natural soil, non-canc.","Human health CF  [CTUcancer/kg], Emission to cont. agric. Soil, cancer","Human health CF  [CTUnoncancer/kg], Emission to cont. agric. Soil, non-canc.",CF Flag HH carcinogenic,CF Flag HH non-carcinogenic,HH Particulate Air (PM2.5 eq / kg substance),Ozone Depletion Air (kg CFC-11 eq / kg substance),Photochemical Oxidation Formation Air (kg O3 eq / kg substance),
50000,50-00-0,FORMALDEHYDE,n/a,2.76E+01,2.60E+01,2.97E+02,2.44E-02,8.40E+01,8.40E+01,Recommended,n/a,2.54E-05,2.67E-07,1.39E-06,7.54E-08,1.24E-07,3.24E-07,1.31E-09,1.37E-10,2.76E-07,9.96E-08,2.88E-07,1.48E-07,Recommended,Recommended,n/a,n/a,9.46E+00,
50066,50-06-6,PHENOBARBITAL,n/a,1.44E+01,1.38E+01,8.10E+01,1.73E-10,1.52E+01,1.52E+01,Interim,n/a,2.34E-05,n/a,1.74E-05,n/a,2.27E-05,n/a,6.83E-09,n/a,4.28E-06,n/a,7.92E-06,n/a,Recommended,n/a,n/a,n/a,n/a,
50180,50-18-0,CYCLOPHOSPHAMIDE,n/a,n/a,n/a,n/a,n/a,n/a,n/a,n/a,n/a,2.45E-06,n/a,8.81E-07,n/a,7.33E-06,n/a,1.94E-09,n/a,1.03E-06,n/a,1.61E-06,n/a,Recommended,n/a,n/a,n/a,n/a,
50248,50-24-8,PREDNISOLONE,n/a,n/a,n/a,n/a,n/a,n/a,n/a,n/a,n/a,9.25E-05,n/a,7.74E-05,n/a,8.63E-05,n/a,7.38E-08,n/a,1.50E-05,n/a,2.67E-05,n/a,Recommended,n/a,n/a,n/a,n/a,
50282,50-28-2,ESTRADIOL,n/a,3.28E+06,8.05E+05,1.84E+08,4.99E-01,2.55E+05,2.55E+05,Interim,n/a,n/a,n/a,n/a,n/a,n/a,n/a,n/a,n/a,n/a,n/a,n/a,n/a,n/a,n/a,n/a,n/a,n/a,
50293,50-29-3,"P,P'-DDT",n/a,6.74E+03,4.90E+03,2.78E+05,1.89E+02,3.15E+02,3.15E+02,Recommended,n/a,5.83E-05,4.65E-05,5.24E-05,4.18E-05,5.33E-04,4.25E-04,9.25E-05,7.37E-05,1.21E-06,9.67E-07,1.65E-06,1.32E-06,Recommended,Recommended,n/a,n/a,n/a,
50306,50-30-6,"2,6-DICHLOROBENZOIC ACID",n/a,5.73E+01,5.53E+01,3.00E+02,3.99E-04,6.50E+01,6.50E+01,Interim,n/a,n/a,n/a,n/a,n/a,n/a,n/a,n/a,n/a,n/a,n/a,n/a,n/a,n/a,n/a,n/a,n/a,n/a,
50317,50-31-7,"2,3,6-TRICHLOROBENZOIC ACID",n/a,5.58E+01,5.19E+01,3.99E+02,5.55E-03,5.50E+01,5.50E+01,Interim,n/a,n/a,n/a,n/a,n/a,n/a,n/a,n/a,n/a,n/a,n/a,n/a,n/a,n/a,n/a,n/a,n/a,n/a,
50328,50-32-8,BENZO[A]PYRENE,n/a,1.70E+02,4.35E+01,1.17E+04,5.40E-02,2.09E+00,2.09E+00,Recommended,n/a,4.50E-05,n/a,2.48E-05,n/a,3.42E-05,n/a,6.79E-06,n/a,7.69E-09,n/a,1.15E-06,n/a,Interim,n/a,n/a,n/a,n/a,
50339,50-33-9,PHENYLBUTAZONE,n/a,n/a,n/a,n/a,n/a,n/a,n/a,n/a,n/a,1.78E-07,n/a,5.41E-08,n/a,3.75E-07,n/a,3.41E-09,n/a,1.32E-09,n/a,5.57E-09,n/a,Recommended,n/a,n/a,n/a,n/a,
50442,50-44-2,6-PURINETHIOL HYDRATE,n/a,7.27E+00,3.14E+00,3.44E+02,1.92E-10,2.44E+01,2.44E+01,Interim,n/a,n/a,n/a,n/a,n/a,n/a,n/a,n/a,n/a,n/a,n/a,n/a,n/a,n/a,n/a,n/a,n/a,n/a,
50555,50-55-5,RESERPINE,n/a,n/a,n/a,n/a,n/a,n/a,n/a,n/a,n/a,5.82E-04,n/a,5.20E-04,n/a,1.66E-05,n/a,5.04E-07,n/a,7.93E-09,n/a,8.04E-08,n/a,Recommended,n/a,n/a,n/a,n/a,
50657,50-65-7,NICLOSAMIDE,n/a,2.14E+04,1.52E+04,4.35E+05,2.71E-04,6.07E+03,6.07E+03,Recommended,n/a,n/a,n/a,n/a,n/a,n/a,n/a,n/a,n/a,n/a,n/a,n/a,n/a,n/a,n/a,n/a,n/a,n/a,
51036,51-03-6,PIPERONYL BUTOXIDE,n/a,6.92E+02,1.78E+02,4.69E+04,8.42E-02,1.36E+03,1.36E+03,Recommended,n/a,1.85E-07,7.52E-08,6.24E-08,2.54E-08,1.77E-06,7.20E-07,2.96E-08,1.20E-08,5.21E-08,2.12E-08,6.77E-07,2.76E-07,Recommended,Recommended,n/a,n/a,n/a,
51218,51-21-8,5-FLUOROURACIL,n/a,4.13E+03,3.98E+03,2.59E+04,7.57E-06,6.75E+03,6.75E+03,Interim,n/a,n/a,n/a,n/a,n/a,n/a,n/a,n/a,n/a,n/a,n/a,n/a,n/a,n/a,n/a,n/a,n/a,n/a,
51285,51-28-5,"2,4-DINITROPHENOL",n/a,2.57E+02,2.11E+02,3.56E+03,6.48E-02,1.41E+02,1.41E+02,Interim,n/a,n/a,3.32E-06,n/a,1.90E-06,n/a,5.13E-06,n/a,4.50E-09,n/a,2.22E-07,n/a,3.47E-07,n/a,Interim,n/a,n/a,n/a,
51525,51-52-5,PROPYLTHIOURACIL,n/a,3.44E+01,2.86E+01,9.12E+02,1.37E-06,2.28E+02,2.28E+02,Interim,n/a,2.17E-06,n/a,8.00E-07,n/a,6.85E-06,n/a,1.51E-09,n/a,1.71E-06,n/a,2.88E-06,n/a,Recommended,n/a,n/a,n/a,n/a,
51796,51-79-6,ETHYL CARBAMATE,n/a,1.00E+00,9.48E-01,8.17E+00,1.19E-04,1.78E+00,1.78E+00,Interim,n/a,4.55E-06,n/a,1.87E-06,n/a,4.71E-06,n/a,1.04E-09,n/a,1.09E-06,n/a,1.64E-06,n/a,Recommended,n/a,n/a,n/a,n/a,
52517,52-51-7,"1,3-PROPANEDIOL, 2-BROMO-2-NITRO-",n/a,6.36E+02,6.29E+02,2.50E+03,1.25E-05,8.08E+02,8.08E+02,Recommended,n/a,n/a,n/a,n/a,n/a,n/a,n/a,n/a,n/a,n/a,n/a,n/a,n/a,n/a,n/a,n/a,n/a,n/a,
52686,52-68-6,TRICHLOROFON,n/a,3.31E+04,3.13E+04,2.48E+05,2.57E-03,5.25E+04,5.25E+04,Recommended,n/a,n/a,1.32E-05,n/a,1.00E-05,n/a,1.75E-05,n/a,4.58E-09,n/a,3.70E-06,n/a,5.38E-06,n/a,Recommended,n/a,n/a,n/a,
52766,52-76-6,LYNESTRENOL,n/a,n/a,n/a,n/a,n/a,n/a,n/a,n/a,n/a,2.87E-05,n/a,8.09E-06,n/a,7.44E-04,n/a,2.92E-05,n/a,7.92E-07,n/a,2.88E-06,n/a,Recommended,n/a,n/a,n/a,n/a,
53167,53-16-7,ESTRONE,n/a,4.39E+01,1.10E+01,2.14E+04,9.31E-01,1.93E+01,1.93E+01,Interim,n/a,n/a,n/a,n/a,n/a,n/a,n/a,n/a,n/a,n/a,n/a,n/a,n/a,n/a,n/a,n/a,n/a,n/a,
53430,53-43-0,PRASTERONE,n/a,n/a,n/a,n/a,n/a,n/a,n/a,n/a,n/a,3.20E-07,n/a,7.98E-08,n/a,2.41E-06,n/a,3.22E-08,n/a,2.17E-08,n/a,5.18E-08,n/a,Recommended,n/a,n/a,n/a,n/a,
53703,53-70-3,"DIBENZ(A,H)ANTHRACENE",n/a,5.28E+01,1.65E+01,2.92E+03,4.05E-03,4.72E-01,4.72E-01,Interim,n/a,1.73E-05,n/a,1.13E-05,n/a,3.06E-05,n/a,9.35E-06,n/a,5.06E-09,n/a,6.81E-07,n/a,Interim,n/a,n/a,n/a,n/a,
53861,53-86-1,INDOMETHACIN,n/a,n/a,n/a,n/a,n/a,n/a,n/a,n/a,n/a,3.43E-05,n/a,1.01E-05,n/a,7.10E-04,n/a,1.49E-05,n/a,1.67E-05,n/a,4.80E-05,n/a,Recommended,n/a,n/a,n/a,n/a,
53952,53-95-2,N-HYDROXY-N-ACETYL-2-AMINOFLUORENE,n/a,n/a,n/a,n/a,n/a,n/a,n/a,n/a,n/a,4.66E-05,n/a,2.27E-05,n/a,1.03E-04,n/a,3.74E-07,n/a,5.61E-07,n/a,1.19E-06,n/a,Recommended,n/a,n/a,n/a,n/a,
53963,53-96-3,2-ACETYLAMINOFLUORENE,n/a,1.85E+01,8.60E+00,1.50E+03,4.28E-02,1.33E+01,1.33E+01,Interim,n/a,2.94E-05,n/a,9.34E-06,n/a,8.44E-05,n/a,5.99E-07,n/a,1.05E-06,n/a,2.65E-06,n/a,Recommended,n/a,n/a,n/a,n/a,
54115,54-11-5,NICOTINE,n/a,8.03E+01,3.11E+01,3.95E+03,9.48E-04,1.39E+02,1.39E+02,Recommended,n/a,n/a,n/a,n/a,n/a,n/a,n/a,n/a,n/a,n/a,n/a,n/a,n/a,n/a,n/a,n/a,n/a,n/a,
54217,54-21-7,SODIUM SALICYLATE,n/a,1.44E+00,1.35E+00,1.09E+01,1.34E-13,1.92E+00,1.92E+00,Interim,n/a,n/a,n/a,n/a,n/a,n/a,n/a,n/a,n/a,n/a,n/a,n/a,n/a,n/a,n/a,n/a,n/a,n/a,
54319,54-31-9,FUROSEMIDE,n/a,n/a,n/a,n/a,n/a,n/a,n/a,n/a,n/a,1.62E-07,n/a,1.05E-07,n/a,3.19E-07,n/a,2.23E-10,n/a,5.60E-08,n/a,1.06E-07,n/a,Interim,n/a,n/a,n/a,n/a,
54648,54-64-8,THIMEROSAL,n/a,1.55E+02,1.38E+02,1.51E+03,2.73E-13,1.38E+02,1.38E+02,Interim,n/a,n/a,n/a,n/a,n/a,n/a,n/a,n/a,n/a,n/a,n/a,n/a,n/a,n/a,n/a,n/a,n/a,n/a,
54853,54-85-3,ISONIAZID,n/a,8.21E+00,8.10E+00,4.11E+01,5.01E-07,1.43E+01,1.43E+01,Interim,n/a,5.55E-06,n/a,4.01E-06,n/a,6.16E-06,n/a,1.15E-09,n/a,2.13E-06,n/a,2.71E-06,n/a,Recommended,n/a,n/a,n/a,n/a,
55185,55-18-5,N-NITROSODIETHYLAMINE,n/a,4.07E-01,3.59E-01,3.02E+01,5.26E-03,3.77E+00,3.77E+00,Recommended,n/a,1.07E-03,n/a,8.60E-05,n/a,2.41E-03,n/a,2.01E-06,n/a,3.12E-04,n/a,4.18E-04,n/a,Recommended,n/a,n/a,n/a,n/a,
55210,55-21-0,BENZAMIDE,n/a,3.47E+00,3.21E+00,2.84E+01,1.39E-06,4.32E+00,4.32E+00,Interim,n/a,n/a,n/a,n/a,n/a,n/a,n/a,n/a,n/a,n/a,n/a,n/a,n/a,n/a,n/a,n/a,n/a,n/a,
55221,55-22-1,ISONICOTINIC ACID,n/a,1.39E+00,1.36E+00,6.41E+00,7.35E-07,1.61E+00,1.61E+00,Interim,n/a,n/a,n/a,n/a,n/a,n/a,n/a,n/a,n/a,n/a,n/a,n/a,n/a,n/a,n/a,n/a,n/a,n/a,
55389,55-38-9,FENTHION,n/a,1.55E+03,4.50E+02,1.97E+05,1.99E+00,2.44E+03,2.44E+03,Recommended,n/a,n/a,1.22E-05,n/a,3.73E-06,n/a,1.23E-04,n/a,2.51E-06,n/a,1.67E-06,n/a,6.98E-06,n/a,Recommended,n/a,n/a,n/a,
55630,55-63-0,NITROGLYCERIN,n/a,5.07E+02,4.66E+02,4.15E+03,1.35E-01,5.05E+02,5.05E+02,Recommended,n/a,3.62E-07,n/a,2.21E-07,n/a,5.15E-07,n/a,3.13E-10,n/a,6.82E-08,n/a,1.05E-07,n/a,Recommended,n/a,n/a,n/a,n/a,
55801,55-80-1,4-DIMETHYLAMINO-3'-METHYLAZOBENZENE,n/a,n/a,n/a,n/a,n/a,n/a,n/a,n/a,n/a,7.05E-06,n/a,1.87E-06,n/a,1.66E-04,n/a,7.96E-06,n/a,1.64E-06,n/a,1.27E-05,n/a,Recommended,n/a,n/a,n/a,n/a,
55914,55-91-4,ISOFLUROPHATE,n/a,2.51E+00,2.02E+00,1.09E+03,2.40E-02,1.06E+02,1.06E+02,Interim,n/a,n/a,n/a,n/a,n/a,n/a,n/a,n/a,n/a,n/a,n/a,n/a,n/a,n/a,n/a,n/a,n/a,n/a,
56042,56-04-2,METHYLTHIOURACIL,n/a,n/a,n/a,n/a,n/a,n/a,n/a,n/a,n/a,2.22E-07,n/a,4.72E-08,n/a,3.68E-07,n/a,1.56E-10,n/a,2.02E-08,n/a,4.43E-08,n/a,Recommended,n/a,n/a,n/a,n/a,
56235,56-23-5,CARBON TETRACHLORIDE,n/a,1.07E+00,1.07E+00,6.64E+01,2.77E-01,2.27E+00,2.27E+00,Recommended,1.40E+03,4.80E-05,1.59E-04,4.54E-05,1.50E-04,4.16E-05,1.42E-04,1.18E-05,3.91E-05,4.21E-05,1.40E-04,4.21E-05,1.41E-04,Recommended,Recommended,n/a,7.30E-01,n/a,
56348,56-34-8,TETRAETHYL AMMONIUM CHLORIDE,n/a,3.91E-01,2.36E-01,1.33E+01,4.59E-13,6.90E-01,6.90E-01,Interim,n/a,n/a,n/a,n/a,n/a,n/a,n/a,n/a,n/a,n/a,n/a,n/a,n/a,n/a,n/a,n/a,n/a,n/a,
56359,56-35-9,BIS(TRI-N-BUTYLTIN) OXIDE,n/a,1.26E+02,2.02E+01,9.49E+03,2.43E-04,1.97E-01,1.97E-01,Interim,n/a,n/a,3.74E-06,n/a,4.16E-07,n/a,1.05E-07,n/a,1.94E-08,n/a,2.26E-12,n/a,1.35E-10,n/a,Interim,n/a,n/a,n/a,
56360,56-36-0,TRIBUTYL TIN ACETATE,n/a,2.89E+03,1.76E+03,8.34E+05,1.84E+01,2.30E+03,2.30E+03,Interim,n/a,n/a,n/a,n/a,n/a,n/a,n/a,n/a,n/a,n/a,n/a,n/a,n/a,n/a,n/a,n/a,n/a,n/a,
56382,56-38-2,PARATHION,n/a,8.93E+04,1.90E+04,6.82E+06,1.73E+01,8.31E+04,8.31E+04,Recommended,n/a,n/a,7.57E-06,n/a,2.12E-06,n/a,4.48E-05,n/a,5.18E-07,n/a,5.71E-07,n/a,2.93E-06,n/a,Recommended,n/a,n/a,n/a,
56406,56-40-6,GLYCINE,n/a,n/a,n/a,n/a,n/a,n/a,n/a,n/a,n/a,1.24E-09,n/a,3.21E-10,n/a,1.09E-09,n/a,6.16E-13,n/a,2.81E-10,n/a,4.91E-10,n/a,Interim,n/a,n/a,n/a,n/a,
56495,56-49-5,3-METHYLCHOLANTHRENE,n/a,1.13E+05,1.41E+04,2.22E+07,3.09E+02,1.12E+04,1.12E+04,Interim,n/a,4.82E-05,n/a,2.61E-05,n/a,4.18E-05,n/a,6.01E-06,n/a,6.16E-08,n/a,1.17E-05,n/a,Recommended,n/a,n/a,n/a,n/a,
56531,56-53-1,DIETHYLSTILBESTROL,n/a,7.28E+02,2.53E+02,3.61E+04,1.71E-04,5.84E+00,5.84E+00,Interim,n/a,1.84E-03,n/a,7.55E-04,n/a,4.98E-03,n/a,4.66E-04,n/a,8.05E-07,n/a,2.00E-05,n/a,Recommended,n/a,n/a,n/a,n/a,
56553,56-55-3,BENZ[A]ANTHRACENE,n/a,6.10E+03,1.78E+03,7.94E+05,7.14E+01,2.51E+02,2.51E+02,Interim,n/a,n/a,n/a,n/a,n/a,n/a,n/a,n/a,n/a,n/a,n/a,n/a,n/a,n/a,n/a,n/a,n/a,n/a,
56724,56-72-4,COUMAPHOS,n/a,3.94E+03,8.78E+02,2.31E+05,7.74E-02,1.26E+03,1.26E+03,Recommended,n/a,n/a,n/a,n/a,n/a,n/a,n/a,n/a,n/a,n/a,n/a,n/a,n/a,n/a,n/a,n/a,n/a,n/a,
56757,56-75-7,CHLORAMPHENICOL,n/a,1.24E+02,1.23E+02,3.98E+02,1.66E-10,1.50E+02,1.50E+02,Recommended,n/a,n/a,n/a,n/a,n/a,n/a,n/a,n/a,n/a,n/a,n/a,n/a,n/a,n/a,n/a,n/a,n/a,n/a,
56815,56-81-5,GLYCEROL,n/a,1.86E-02,1.74E-02,2.13E-01,3.43E-07,5.42E-02,5.42E-02,Interim,n/a,n/a,n/a,n/a,n/a,n/a,n/a,n/a,n/a,n/a,n/a,n/a,n/a,n/a,n/a,n/a,n/a,3.15E+00,
56939,56-93-9,BENZYL TRIMETHYL AMMONIUM CHLORIDE,n/a,5.54E+01,3.35E+01,1.72E+03,2.91E-10,3.82E+01,3.82E+01,Interim,n/a,n/a,n/a,n/a,n/a,n/a,n/a,n/a,n/a,n/a,n/a,n/a,n/a,n/a,n/a,n/a,n/a,n/a,
57067,57-06-7,3-ISOTHIOCYANATO-1-PROPENE,n/a,6.80E+01,6.98E+01,5.73E+04,5.38E+00,3.89E+03,3.89E+03,Interim,n/a,2.73E-07,n/a,8.64E-09,n/a,1.33E-07,n/a,1.61E-09,n/a,1.33E-08,n/a,5.27E-08,n/a,Recommended,n/a,n/a,n/a,n/a,
57090,57-09-0,CETRIMONIUM BROMIDE,n/a,1.32E+03,8.18E+02,3.46E+04,4.32E-10,1.25E+01,1.25E+01,Interim,n/a,n/a,n/a,n/a,n/a,n/a,n/a,n/a,n/a,n/a,n/a,n/a,n/a,n/a,n/a,n/a,n/a,n/a,
57136,57-13-6,UREA,n/a,2.31E+00,2.27E+00,1.02E+01,8.81E-09,3.05E+00,3.05E+00,Recommended,n/a,n/a,n/a,n/a,n/a,n/a,n/a,n/a,n/a,n/a,n/a,n/a,n/a,n/a,n/a,n/a,n/a,n/a,
57147,57-14-7,"1,1-DIMETHYL HYDRAZINE",n/a,4.51E+01,4.47E+01,1.07E+03,1.01E+00,1.80E+02,1.80E+02,Recommended,n/a,1.51E-05,n/a,2.78E-06,n/a,1.22E-05,n/a,6.57E-08,n/a,2.75E-06,n/a,4.23E-06,n/a,Recommended,n/a,n/a,n/a,n/a,
57158,57-15-8,"B,B,B-TRICHLORO-T-BUTANOL",n/a,2.62E+01,2.57E+01,2.90E+02,3.52E-01,8.91E+01,8.91E+01,Interim,n/a,n/a,n/a,n/a,n/a,n/a,n/a,n/a,n/a,n/a,n/a,n/a,n/a,n/a,n/a,n/a,n/a,n/a,
57249,57-24-9,STRYCHNINE,n/a,9.45E+02,2.28E+02,5.33E+04,6.52E-07,3.18E+02,3.18E+02,Interim,n/a,n/a,1.02E-05,n/a,3.19E-06,n/a,4.40E-05,n/a,8.92E-08,n/a,2.63E-07,n/a,4.98E-07,n/a,Interim,n/a,n/a,n/a,
57307,57-30-7,SODIUM PHENOBARBITAL,n/a,n/a,n/a,n/a,n/a,n/a,n/a,n/a,n/a,6.13E-06,n/a,4.67E-06,n/a,5.71E-06,n/a,3.70E-09,n/a,4.89E-07,n/a,5.98E-07,n/a,Interim,n/a,n/a,n/a,n/a,
57330,57-33-0,PENTOBARBITAL SODIUM,n/a,1.81E+02,1.77E+02,7.93E+02,3.12E-14,2.10E+02,2.10E+02,Interim,n/a,n/a,n/a,n/a,n/a,n/a,n/a,n/a,n/a,n/a,n/a,n/a,n/a,n/a,n/a,n/a,n/a,n/a,
57396,57-39-6,METEPA,n/a,n/a,n/a,n/a,n/a,n/a,n/a,n/a,n/a,9.54E-06,n/a,4.10E-06,n/a,2.10E-05,n/a,6.79E-09,n/a,6.29E-06,n/a,8.57E-06,n/a,Recommended,n/a,n/a,n/a,n/a,
57410,57-41-0,PHENYTOIN,n/a,n/a,n/a,n/a,n/a,n/a,n/a,n/a,n/a,2.22E-06,n/a,1.44E-06,n/a,3.21E-06,n/a,1.16E-08,n/a,4.24E-08,n/a,9.17E-08,n/a,Interim,n/a,n/a,n/a,n/a,
57432,57-43-2,AMOBARBITAL,n/a,1.07E+02,1.05E+02,4.59E+02,2.65E-08,1.25E+02,1.25E+02,Interim,n/a,n/a,n/a,n/a,n/a,n/a,n/a,n/a,n/a,n/a,n/a,n/a,n/a,n/a,n/a,n/a,n/a,n/a,
57556,57-55-6,PROPYLENE GLYCOL,n/a,1.00E-01,9.43E-02,9.23E-01,1.48E-06,2.20E-01,2.20E-01,Recommended,n/a,n/a,n/a,n/a,n/a,n/a,n/a,n/a,n/a,n/a,n/a,n/a,n/a,n/a,n/a,n/a,n/a,2.58E+00,
57578,57-57-8,BETA-PROPIOLACTONE,n/a,n/a,n/a,n/a,n/a,n/a,n/a,n/a,n/a,6.66E-05,n/a,2.83E-05,n/a,6.29E-05,n/a,4.52E-08,n/a,2.03E-05,n/a,2.76E-05,n/a,Interim,n/a,n/a,n/a,n/a,
57625,57-62-5,AUREOMYCIN,n/a,2.54E+02,2.52E+02,8.69E+02,1.38E-18,3.07E+02,3.07E+02,Interim,n/a,n/a,n/a,n/a,n/a,n/a,n/a,n/a,n/a,n/a,n/a,n/a,n/a,n/a,n/a,n/a,n/a,n/a,
57636,57-63-6,ETHINYL ESTRADIOL,n/a,3.02E+04,7.57E+03,1.69E+06,2.28E-03,1.45E+03,1.45E+03,Interim,n/a,1.56E-04,n/a,5.61E-05,n/a,3.76E-04,n/a,1.95E-06,n/a,3.21E-07,n/a,2.32E-06,n/a,Recommended,n/a,n/a,n/a,n/a,
57669,57-66-9,PROBENECID,n/a,n/a,n/a,n/a,n/a,n/a,n/a,n/a,n/a,1.75E-07,n/a,1.01E-07,n/a,3.15E-07,n/a,2.03E-10,n/a,4.90E-08,n/a,1.89E-07,n/a,Interim,n/a,n/a,n/a,n/a,
57681,57-68-1,SULFAMETHAZINE,n/a,n/a,n/a,n/a,n/a,n/a,n/a,n/a,n/a,3.95E-08,n/a,1.47E-08,n/a,1.12E-07,n/a,7.27E-11,n/a,9.39E-09,n/a,1.33E-08,n/a,Interim,n/a,n/a,n/a,n/a,
57749,57-74-9,CHLORDANE,n/a,2.22E+03,1.73E+03,1.82E+05,3.18E+02,5.22E+02,5.22E+02,Recommended,n/a,5.39E-04,8.65E-04,4.91E-04,8.32E-04,8.43E-03,1.44E-02,1.65E-03,2.81E-03,7.11E-05,1.21E-04,8.38E-05,1.42E-04,Recommended,Recommended,n/a,n/a,n/a,
57976,57-97-6,"7,12-DIMETHYLBENZ(A)ANTHRACENE",n/a,n/a,n/a,n/a,n/a,n/a,n/a,n/a,n/a,5.48E-04,n/a,2.50E-04,n/a,3.19E-03,n/a,4.77E-04,n/a,4.11E-06,n/a,7.50E-05,n/a,Recommended,n/a,n/a,n/a,n/a,
58082,58-08-2,CAFFEINE,n/a,6.15E+03,5.69E+03,6.99E+04,7.47E-07,1.66E+04,1.66E+04,Interim,n/a,n/a,n/a,n/a,n/a,n/a,n/a,n/a,n/a,n/a,n/a,n/a,n/a,n/a,n/a,n/a,n/a,n/a,
58140,58-14-0,PYRIMETHAMINE,n/a,1.10E+02,2.72E+01,6.00E+03,4.74E-06,1.20E+02,1.20E+02,Recommended,n/a,n/a,n/a,n/a,n/a,n/a,n/a,n/a,n/a,n/a,n/a,n/a,n/a,n/a,n/a,n/a,n/a,n/a,
58220,58-22-0,TESTOSTERONE,n/a,2.37E+02,6.24E+01,1.30E+04,5.36E-05,1.17E+02,1.17E+02,Interim,n/a,n/a,n/a,n/a,n/a,n/a,n/a,n/a,n/a,n/a,n/a,n/a,n/a,n/a,n/a,n/a,n/a,n/a,
58275,58-27-5,"2-METHYL-1,4-NAPHTHOQUINONE",n/a,1.75E+03,1.03E+03,5.87E+04,3.29E-01,6.15E+02,6.15E+02,Interim,n/a,n/a,n/a,n/a,n/a,n/a,n/a,n/a,n/a,n/a,n/a,n/a,n/a,n/a,n/a,n/a,n/a,n/a,
58899,58-89-9,GAMMA-HCH (LINDANE),n/a,1.89E+04,1.84E+04,2.90E+05,8.68E+02,2.10E+04,2.10E+04,Recommended,n/a,1.49E-05,1.73E-04,1.33E-05,1.54E-04,3.35E-05,3.88E-04,1.90E-06,2.20E-05,4.46E-06,5.16E-05,6.57E-06,7.61E-05,Recommended,Recommended,n/a,n/a,n/a,
58902,58-90-2,"2,3,4,6-TETRACHLOROPHENOL",n/a,1.34E+03,1.29E+03,2.49E+04,4.71E+01,4.43E+02,4.43E+02,Interim,n/a,n/a,2.59E-06,n/a,2.36E-06,n/a,2.69E-06,n/a,1.34E-07,n/a,2.73E-07,n/a,5.04E-07,n/a,Interim,n/a,n/a,n/a,
59063,59-06-3,ETHOPABATE,n/a,2.83E+01,2.57E+01,5.14E+02,3.15E-05,1.53E+02,1.53E+02,Interim,n/a,n/a,n/a,n/a,n/a,n/a,n/a,n/a,n/a,n/a,n/a,n/a,n/a,n/a,n/a,n/a,n/a,n/a,
59336,59-33-6,PYRILAMINE MALEATE,n/a,n/a,n/a,n/a,n/a,n/a,n/a,n/a,n/a,5.16E-07,n/a,4.34E-07,n/a,4.69E-07,n/a,3.36E-10,n/a,8.89E-08,n/a,1.60E-07,n/a,Recommended,n/a,n/a,n/a,n/a,
59507,59-50-7,3-METHYL-4-CHLOROPHENOL,n/a,5.87E+01,3.98E+01,5.68E+03,3.62E-01,1.94E+02,1.94E+02,Recommended,n/a,n/a,n/a,n/a,n/a,n/a,n/a,n/a,n/a,n/a,n/a,n/a,n/a,n/a,n/a,n/a,n/a,n/a,
59676,59-67-6,NICOTINIC ACID,n/a,1.85E+01,1.81E+01,8.52E+01,2.68E-05,2.14E+01,2.14E+01,Interim,n/a,n/a,n/a,n/a,n/a,n/a,n/a,n/a,n/a,n/a,n/a,n/a,n/a,n/a,n/a,n/a,n/a,n/a,
59870,59-87-0,NITROFURAZONE,n/a,4.09E+01,2.89E+01,1.00E+03,4.35E-05,5.03E+01,5.03E+01,Interim,n/a,7.67E-06,n/a,4.26E-06,n/a,1.36E-05,n/a,8.84E-09,n/a,6.84E-07,n/a,9.79E-07,n/a,Interim,n/a,n/a,n/a,n/a,
59881,59-88-1,"PHENYLHYDRAZINE, MONOHYDROCHLORIDE",n/a,n/a,n/a,n/a,n/a,n/a,n/a,n/a,n/a,7.48E-07,n/a,1.82E-07,n/a,1.11E-06,n/a,1.88E-10,n/a,3.33E-08,n/a,4.89E-08,n/a,Interim,n/a,n/a,n/a,n/a,
59892,59-89-2,N-NITROSOMORPHOLINE,n/a,n/a,n/a,n/a,n/a,n/a,n/a,n/a,n/a,2.67E-04,n/a,8.02E-05,n/a,8.57E-04,n/a,1.70E-07,n/a,2.40E-04,n/a,3.05E-04,n/a,Recommended,n/a,n/a,n/a,n/a,
59927,59-92-7,DOPA,n/a,1.08E+03,5.33E+02,4.69E+04,1.07E-08,3.27E+03,3.27E+03,Interim,n/a,n/a,n/a,n/a,n/a,n/a,n/a,n/a,n/a,n/a,n/a,n/a,n/a,n/a,n/a,n/a,n/a,n/a,
60004,60-00-4,ETHYLENEDIAMINE TETRAACETIC ACID,n/a,1.14E+00,2.53E-01,6.28E+01,1.13E-13,8.81E-01,8.81E-01,Interim,n/a,n/a,n/a,n/a,n/a,n/a,n/a,n/a,n/a,n/a,n/a,n/a,n/a,n/a,n/a,n/a,n/a,n/a,
60093,60-09-3,4-AMINOAZOBENZENE,n/a,7.35E+02,2.95E+02,3.47E+04,1.18E-02,3.75E+02,3.75E+02,Interim,n/a,n/a,n/a,n/a,n/a,n/a,n/a,n/a,n/a,n/a,n/a,n/a,n/a,n/a,n/a,n/a,n/a,n/a,
60117,60-11-7,DIMETHYLAMINOAZOBENZENE,n/a,n/a,n/a,n/a,n/a,n/a,n/a,n/a,n/a,8.95E-06,n/a,2.67E-06,n/a,1.46E-04,n/a,2.92E-06,n/a,2.24E-06,n/a,1.43E-05,n/a,Recommended,n/a,n/a,n/a,n/a,
60128,60-12-8,2-PHENYLETHANOL,n/a,3.32E+00,2.86E+00,5.47E+01,1.28E-03,7.48E+00,7.48E+00,Recommended,n/a,n/a,n/a,n/a,n/a,n/a,n/a,n/a,n/a,n/a,n/a,n/a,n/a,n/a,n/a,n/a,n/a,n/a,
60242,60-24-2,"ETHANOL, 2-MERCAPTO-",n/a,1.97E+01,1.67E+01,5.24E+02,6.13E-03,1.46E+02,1.46E+02,Recommended,n/a,n/a,n/a,n/a,n/a,n/a,n/a,n/a,n/a,n/a,n/a,n/a,n/a,n/a,n/a,n/a,n/a,n/a,
60297,60-29-7,DIETHYL ETHER,n/a,1.81E-03,1.83E-03,3.03E+00,1.74E-04,1.97E-01,1.97E-01,Interim,n/a,n/a,1.25E-08,n/a,7.03E-10,n/a,4.84E-09,n/a,8.50E-11,n/a,8.25E-10,n/a,1.54E-09,n/a,Recommended,n/a,n/a,3.76E+00,
60344,60-34-4,METHYLHYDRAZINE,n/a,5.77E+01,4.49E+01,9.35E+03,3.13E-01,1.54E+03,1.54E+03,Interim,n/a,5.46E-06,n/a,1.53E-07,n/a,8.63E-06,n/a,7.32E-09,n/a,1.45E-06,n/a,2.27E-06,n/a,Interim,n/a,n/a,n/a,n/a,
60355,60-35-5,ACETAMIDE,n/a,5.93E-01,5.83E-01,2.64E+00,1.81E-06,7.90E-01,7.90E-01,Recommended,n/a,3.36E-07,n/a,1.97E-07,n/a,2.49E-07,n/a,4.26E-11,n/a,7.49E-08,n/a,1.11E-07,n/a,Recommended,n/a,n/a,n/a,n/a,
60515,60-51-5,DIMETHOATE,n/a,6.34E+02,4.96E+02,1.79E+04,1.72E-04,3.62E+03,3.62E+03,Recommended,n/a,n/a,2.38E-06,n/a,5.21E-07,n/a,4.17E-06,n/a,1.25E-09,n/a,8.43E-07,n/a,1.59E-06,n/a,Recommended,n/a,n/a,n/a,
60548,60-54-8,TETRACYCLINE,n/a,5.90E+01,5.78E+01,2.49E+02,1.24E-18,6.88E+01,6.88E+01,Interim,n/a,n/a,n/a,n/a,n/a,n/a,n/a,n/a,n/a,n/a,n/a,n/a,n/a,n/a,n/a,n/a,n/a,n/a,
60560,60-56-0,METHIMAZOLE,n/a,n/a,n/a,n/a,n/a,n/a,n/a,n/a,n/a,1.77E-05,n/a,2.96E-06,n/a,3.94E-05,n/a,6.71E-09,n/a,8.57E-06,n/a,1.34E-05,n/a,Recommended,n/a,n/a,n/a,n/a,
60571,60-57-1,DIELDRIN,n/a,7.73E+03,5.88E+03,6.14E+05,4.47E+02,5.16E+03,5.16E+03,Recommended,n/a,5.20E-04,1.18E-03,4.54E-04,1.03E-03,9.52E-03,2.16E-02,8.64E-04,1.96E-03,1.22E-04,2.77E-04,1.96E-04,4.46E-04,Recommended,Recommended,n/a,n/a,n/a,
60800,60-80-0,ANTIPYRINE,n/a,n/a,n/a,n/a,n/a,n/a,n/a,n/a,n/a,2.65E-08,n/a,7.53E-09,n/a,3.64E-08,n/a,7.55E-12,n/a,1.89E-09,n/a,3.28E-09,n/a,Recommended,n/a,n/a,n/a,n/a,
61734,61-73-4,METHYLENE BLUE,n/a,1.73E+01,2.99E+00,9.78E+02,9.07E-08,4.03E+00,4.03E+00,Interim,n/a,n/a,n/a,n/a,n/a,n/a,n/a,n/a,n/a,n/a,n/a,n/a,n/a,n/a,n/a,n/a,n/a,n/a,
61825,61-82-5,AMITROLE,n/a,1.28E+02,1.20E+02,9.81E+02,5.30E-08,1.89E+02,1.89E+02,Recommended,n/a,5.23E-06,7.14E-06,2.71E-06,3.70E-06,4.60E-06,6.28E-06,2.64E-09,3.60E-09,8.86E-07,1.21E-06,1.32E-06,1.80E-06,Recommended,Recommended,n/a,n/a,n/a,
61949,61-94-9,ARECOLINE.HCL,n/a,n/a,n/a,n/a,n/a,n/a,n/a,n/a,n/a,1.12E-06,n/a,3.12E-07,n/a,4.30E-06,n/a,2.80E-09,n/a,1.17E-06,n/a,1.63E-06,n/a,Interim,n/a,n/a,n/a,n/a,
62237,62-23-7,P-NITROBENZOIC ACID,n/a,n/a,n/a,n/a,n/a,n/a,n/a,n/a,n/a,3.71E-07,n/a,2.88E-07,n/a,3.33E-07,n/a,2.18E-10,n/a,9.13E-08,n/a,1.78E-07,n/a,Interim,n/a,n/a,n/a,n/a,
62384,62-38-4,PHENYLMERCURIC ACETATE,n/a,6.17E+04,5.87E+04,3.83E+05,9.75E-02,7.35E+04,7.35E+04,Interim,n/a,n/a,1.20E-03,n/a,8.84E-04,n/a,1.24E-03,n/a,2.97E-07,n/a,2.38E-04,n/a,3.77E-04,n/a,Interim,n/a,n/a,n/a,
62442,62-44-2,PHENACETIN,n/a,n/a,n/a,n/a,n/a,n/a,n/a,n/a,n/a,5.03E-08,n/a,3.11E-08,n/a,9.85E-08,n/a,4.90E-10,n/a,2.22E-08,n/a,3.78E-08,n/a,Recommended,n/a,n/a,n/a,n/a,
62533,62-53-3,ANILINE,n/a,3.01E+00,1.58E+00,6.31E+02,5.92E-03,6.68E+01,6.68E+01,Recommended,n/a,3.53E-08,1.74E-06,7.61E-10,3.76E-08,6.91E-08,3.41E-06,2.65E-11,1.31E-09,7.41E-09,3.66E-07,1.21E-08,5.97E-07,Recommended,Recommended,n/a,n/a,n/a,
62555,62-55-5,THIOACETAMIDE,n/a,6.29E+00,5.31E+00,2.54E+02,1.18E-02,5.47E+01,5.47E+01,Interim,n/a,5.72E-06,n/a,5.74E-07,n/a,8.60E-06,n/a,6.65E-09,n/a,1.94E-06,n/a,2.87E-06,n/a,Interim,n/a,n/a,n/a,n/a,
62566,62-56-6,THIOUREA,n/a,1.22E+01,1.09E+01,2.17E+02,4.47E-05,5.64E+01,5.64E+01,Recommended,n/a,3.39E-07,n/a,9.98E-08,n/a,4.85E-07,n/a,1.81E-10,n/a,1.26E-07,n/a,1.87E-07,n/a,Recommended,n/a,n/a,n/a,n/a,
62737,62-73-7,DICHLORVOS,n/a,3.85E+04,3.38E+04,7.26E+05,6.47E+01,1.35E+05,1.35E+05,Recommended,n/a,2.34E-06,8.77E-05,2.28E-06,1.13E-05,2.18E-05,6.16E-05,1.89E-08,6.25E-08,4.25E-06,1.28E-05,5.77E-06,1.71E-05,Recommended,Recommended,n/a,n/a,n/a,
62759,62-75-9,N-NITROSODIMETHYLAMINE,n/a,1.91E+00,1.83E+00,2.51E+01,1.55E-02,5.82E+00,5.82E+00,Recommended,n/a,4.12E-04,n/a,1.27E-04,n/a,7.92E-04,n/a,1.24E-06,n/a,2.01E-04,n/a,2.49E-04,n/a,Recommended,n/a,n/a,n/a,n/a,
62760,62-76-0,SODIUM OXALATE,n/a,1.69E+00,1.64E+00,7.64E+00,5.59E-12,1.84E+00,1.84E+00,Interim,n/a,n/a,n/a,n/a,n/a,n/a,n/a,n/a,n/a,n/a,n/a,n/a,n/a,n/a,n/a,n/a,n/a,n/a,
63058,63-05-8,ANDROSTENEDIONE,n/a,8.53E+01,2.10E+01,4.79E+03,1.13E-03,4.50E+01,4.50E+01,Interim,n/a,n/a,n/a,n/a,n/a,n/a,n/a,n/a,n/a,n/a,n/a,n/a,n/a,n/a,n/a,n/a,n/a,n/a,
63252,63-25-2,CARBARYL,n/a,1.65E+03,1.13E+03,4.60E+04,1.29E-02,3.07E+03,3.07E+03,Recommended,n/a,3.26E-06,2.41E-06,1.62E-06,1.20E-06,7.09E-06,5.26E-06,1.25E-08,9.24E-09,4.75E-07,3.52E-07,1.02E-06,7.57E-07,Recommended,Recommended,n/a,n/a,n/a,
64006,64-00-6,N-METHYL O-(3-IPRPHENYL)CARBAMATE,n/a,4.63E+03,4.35E+03,3.67E+05,1.09E+02,3.01E+04,3.01E+04,Interim,n/a,n/a,n/a,n/a,n/a,n/a,n/a,n/a,n/a,n/a,n/a,n/a,n/a,n/a,n/a,n/a,n/a,n/a,
64028,64-02-8,"EDTA, SODIUM SALT",n/a,1.20E+00,2.75E-01,6.65E+01,2.92E-16,9.32E-01,9.32E-01,Interim,n/a,n/a,n/a,n/a,n/a,n/a,n/a,n/a,n/a,n/a,n/a,n/a,n/a,n/a,n/a,n/a,n/a,n/a,
64175,64-17-5,ETHANOL,n/a,1.54E-01,1.51E-01,3.11E+00,9.83E-04,6.04E-01,6.04E-01,Recommended,n/a,3.64E-09,n/a,6.38E-10,n/a,2.54E-09,n/a,4.64E-12,n/a,6.35E-10,n/a,1.06E-09,n/a,Recommended,n/a,n/a,n/a,1.53E+00,
64186,64-18-6,FORMIC ACID,n/a,9.20E+00,8.96E+00,4.44E+01,2.15E-03,1.12E+01,1.12E+01,Interim,n/a,n/a,n/a,n/a,n/a,n/a,n/a,n/a,n/a,n/a,n/a,n/a,n/a,n/a,n/a,n/a,n/a,6.60E-02,
64197,64-19-7,ACETIC ACID,n/a,1.05E+01,1.02E+01,4.98E+01,1.35E-03,1.26E+01,1.26E+01,Interim,n/a,n/a,n/a,n/a,n/a,n/a,n/a,n/a,n/a,n/a,n/a,n/a,n/a,n/a,n/a,n/a,n/a,6.85E-01,
64755,64-75-5,AMYCIN HYDROCHLORIDE,n/a,2.74E+03,2.66E+03,1.31E+04,8.30E-26,3.11E+03,3.11E+03,Interim,n/a,n/a,n/a,n/a,n/a,n/a,n/a,n/a,n/a,n/a,n/a,n/a,n/a,n/a,n/a,n/a,n/a,n/a,
65305,65-30-5,NICOTINE SULFATE,n/a,7.87E+01,4.10E+01,2.71E+03,1.73E-10,2.27E+00,2.27E+00,Interim,n/a,n/a,n/a,n/a,n/a,n/a,n/a,n/a,n/a,n/a,n/a,n/a,n/a,n/a,n/a,n/a,n/a,n/a,
65452,65-45-2,O-HYDROXYBENZAMIDE,n/a,1.51E+00,1.18E+00,1.61E+02,5.02E-03,2.26E+01,2.26E+01,Interim,n/a,n/a,n/a,n/a,n/a,n/a,n/a,n/a,n/a,n/a,n/a,n/a,n/a,n/a,n/a,n/a,n/a,n/a,
65850,65-85-0,BENZOIC ACID,n/a,3.99E+01,3.72E+01,2.89E+02,2.49E-03,4.16E+01,4.16E+01,Interim,n/a,n/a,3.51E-07,n/a,1.94E-07,n/a,2.82E-07,n/a,1.78E-10,n/a,4.36E-08,n/a,9.84E-08,n/a,Interim,n/a,n/a,n/a,
66228,66-22-8,URACIL,n/a,n/a,n/a,n/a,n/a,n/a,n/a,n/a,n/a,7.38E-08,n/a,3.71E-08,n/a,6.82E-08,n/a,4.00E-11,n/a,1.95E-08,n/a,2.89E-08,n/a,Interim,n/a,n/a,n/a,n/a,
66251,66-25-1,HEXANAL,n/a,2.08E-01,2.17E-01,1.86E+02,9.92E-03,1.81E+01,1.81E+01,Interim,n/a,n/a,n/a,n/a,n/a,n/a,n/a,n/a,n/a,n/a,n/a,n/a,n/a,n/a,n/a,n/a,n/a,4.35E+00,
66273,66-27-3,METHYL METHANE SULFONATE,n/a,n/a,n/a,n/a,n/a,n/a,n/a,n/a,n/a,2.98E-06,n/a,1.53E-06,n/a,2.51E-06,n/a,7.43E-10,n/a,7.84E-07,n/a,1.11E-06,n/a,Recommended,n/a,n/a,n/a,n/a,
66762,66-76-2,DICOUMAROL,n/a,4.45E+02,4.07E+02,3.67E+03,4.78E-14,4.25E+02,4.25E+02,Interim,n/a,n/a,n/a,n/a,n/a,n/a,n/a,n/a,n/a,n/a,n/a,n/a,n/a,n/a,n/a,n/a,n/a,n/a,
66819,66-81-9,CYCLOHEXIMIDE,n/a,8.05E+03,7.99E+03,2.80E+04,1.97E-10,9.71E+03,9.71E+03,Interim,n/a,n/a,n/a,n/a,n/a,n/a,n/a,n/a,n/a,n/a,n/a,n/a,n/a,n/a,n/a,n/a,n/a,n/a,
67209,67-20-9,NITROFURANTOIN,n/a,n/a,n/a,n/a,n/a,n/a,n/a,n/a,n/a,3.30E-07,n/a,1.87E-07,n/a,5.74E-07,n/a,1.08E-10,n/a,6.97E-08,n/a,9.03E-08,n/a,Recommended,n/a,n/a,n/a,n/a,
67210,67-21-0,"DL-HOMOCYSTEINE, S-ETHYL-",n/a,n/a,n/a,n/a,n/a,n/a,n/a,n/a,n/a,2.91E-06,n/a,7.17E-07,n/a,4.69E-06,n/a,2.74E-09,n/a,9.46E-07,n/a,1.38E-06,n/a,Interim,n/a,n/a,n/a,n/a,
67436,67-43-6,DIETHYLENETRIAMINEPENTAACETIC ACID,n/a,8.06E-01,3.01E-01,3.84E+01,2.76E-18,4.82E-02,4.82E-02,Interim,n/a,n/a,n/a,n/a,n/a,n/a,n/a,n/a,n/a,n/a,n/a,n/a,n/a,n/a,n/a,n/a,n/a,n/a,
67458,67-45-8,FURAZOLIDONE,n/a,2.19E+03,1.19E+03,8.05E+04,3.05E-03,1.78E+03,1.78E+03,Recommended,n/a,n/a,n/a,n/a,n/a,n/a,n/a,n/a,n/a,n/a,n/a,n/a,n/a,n/a,n/a,n/a,n/a,n/a,
67470,67-47-0,"2-FURALDEHYDE, 5-HYDROXYMETHYL-",n/a,2.29E+01,2.12E+01,4.09E+02,8.91E-05,1.32E+02,1.32E+02,Interim,n/a,n/a,n/a,n/a,n/a,n/a,n/a,n/a,n/a,n/a,n/a,n/a,n/a,n/a,n/a,n/a,n/a,n/a,
67481,67-48-1,CHOLINE CHLORIDE,n/a,1.57E+00,1.50E+00,1.49E+01,2.30E-13,4.73E+00,4.73E+00,Interim,n/a,n/a,n/a,n/a,n/a,n/a,n/a,n/a,n/a,n/a,n/a,n/a,n/a,n/a,n/a,n/a,n/a,n/a,
67561,67-56-1,METHANOL,n/a,2.26E-01,2.22E-01,2.65E+00,1.49E-03,5.11E-01,5.11E-01,Recommended,n/a,n/a,1.63E-08,n/a,4.13E-09,n/a,1.05E-08,n/a,2.96E-11,n/a,2.93E-09,n/a,4.53E-09,n/a,Recommended,n/a,n/a,6.72E-01,
67630,67-63-0,ISOPROPANOL,n/a,8.05E-02,7.94E-02,2.46E+00,1.22E-03,5.63E-01,5.63E-01,Recommended,n/a,n/a,n/a,n/a,n/a,n/a,n/a,n/a,n/a,n/a,n/a,n/a,n/a,n/a,n/a,n/a,n/a,6.14E-01,
67641,67-64-1,ACETONE,n/a,7.93E-02,7.90E-02,1.21E+00,3.55E-03,2.57E-01,2.57E-01,Recommended,n/a,n/a,9.67E-09,n/a,2.83E-09,n/a,5.86E-09,n/a,1.28E-10,n/a,2.20E-09,n/a,3.19E-09,n/a,Recommended,n/a,n/a,3.56E-01,
67663,67-66-3,CHLOROFORM,n/a,2.82E-01,2.82E-01,4.12E+01,5.35E-02,2.09E+00,2.09E+00,Recommended,3.10E+01,2.99E-07,1.71E-06,1.62E-07,9.27E-07,3.90E-07,1.17E-06,3.45E-08,1.80E-07,1.48E-07,7.95E-07,1.89E-07,8.55E-07,Recommended,Recommended,n/a,n/a,2.15E-02,
67685,67-68-5,DIMETHYL SULFOXIDE,n/a,4.08E-02,3.71E-02,8.04E-01,1.15E-07,2.49E-01,2.49E-01,Recommended,n/a,n/a,n/a,n/a,n/a,n/a,n/a,n/a,n/a,n/a,n/a,n/a,n/a,n/a,n/a,n/a,n/a,6.68E+00,
67721,67-72-1,HEXACHLOROETHANE,n/a,4.28E+01,4.27E+01,1.91E+03,1.95E+01,1.35E+02,1.35E+02,Recommended,n/a,2.76E-06,3.39E-05,2.26E-06,2.77E-05,3.60E-06,4.42E-05,1.38E-06,1.69E-05,1.95E-06,2.40E-05,3.12E-06,3.84E-05,Recommended,Recommended,n/a,n/a,n/a,
68042,68-04-2,SODIUM CITRATE,n/a,4.21E-01,3.98E-01,2.60E+00,5.29E-16,4.46E-01,4.46E-01,Interim,n/a,n/a,n/a,n/a,n/a,n/a,n/a,n/a,n/a,n/a,n/a,n/a,n/a,n/a,n/a,n/a,n/a,n/a,
68111,68-11-1,MERCAPTOACETIC ACID,n/a,2.16E+01,1.92E+01,3.83E+02,2.32E-04,9.55E+01,9.55E+01,Interim,n/a,n/a,n/a,n/a,n/a,n/a,n/a,n/a,n/a,n/a,n/a,n/a,n/a,n/a,n/a,n/a,n/a,n/a,
68122,68-12-2,"N,N'-DIMETHYLFORMAMIDE",n/a,3.02E-01,2.89E-01,3.13E+00,4.46E-05,9.62E-01,9.62E-01,Recommended,n/a,n/a,2.72E-06,n/a,8.95E-07,n/a,3.30E-06,n/a,6.96E-10,n/a,1.06E-06,n/a,1.54E-06,n/a,Recommended,n/a,n/a,n/a,
68359,68-35-9,SULFADIAZINE,n/a,6.19E+02,5.17E+02,1.17E+04,3.78E-05,1.92E+03,1.92E+03,Interim,n/a,n/a,n/a,n/a,n/a,n/a,n/a,n/a,n/a,n/a,n/a,n/a,n/a,n/a,n/a,n/a,n/a,n/a,
68893,68-89-3,DIPYRONE,n/a,n/a,n/a,n/a,n/a,n/a,n/a,n/a,n/a,3.38E-07,n/a,2.72E-07,n/a,2.65E-07,n/a,4.92E-11,n/a,8.97E-08,n/a,1.10E-07,n/a,Interim,n/a,n/a,n/a,n/a,
69534,69-53-4,AMPICILLIN,n/a,4.50E+01,4.22E+01,3.07E+02,1.59E-12,4.64E+01,4.64E+01,Interim,n/a,n/a,n/a,n/a,n/a,n/a,n/a,n/a,n/a,n/a,n/a,n/a,n/a,n/a,n/a,n/a,n/a,n/a,
69727,69-72-7,SALICYLIC ACID,n/a,1.35E+01,1.22E+01,1.61E+02,1.52E-04,2.82E+01,2.82E+01,Interim,n/a,n/a,n/a,n/a,n/a,n/a,n/a,n/a,n/a,n/a,n/a,n/a,n/a,n/a,n/a,n/a,n/a,n/a,
70257,70-25-7,N-NITROSO-N-METHYL-N'-NITROGUANIDINE,n/a,n/a,n/a,n/a,n/a,n/a,n/a,n/a,n/a,1.13E-04,n/a,8.23E-05,n/a,1.17E-04,n/a,2.18E-08,n/a,1.95E-05,n/a,2.44E-05,n/a,Recommended,n/a,n/a,n/a,n/a,
70304,70-30-4,HEXACHLOROPRENE,n/a,5.43E+04,3.37E+04,1.42E+06,2.55E-05,8.07E+02,8.07E+02,Interim,n/a,n/a,1.19E-04,n/a,1.12E-04,n/a,2.28E-05,n/a,7.64E-07,n/a,1.30E-08,n/a,3.04E-06,n/a,Interim,n/a,n/a,n/a,
70382,70-38-2,DIMETHRIN,n/a,1.49E+01,3.30E+00,5.69E+04,3.87E-01,4.56E+01,4.56E+01,Interim,n/a,n/a,n/a,n/a,n/a,n/a,n/a,n/a,n/a,n/a,n/a,n/a,n/a,n/a,n/a,n/a,n/a,n/a,
70699,70-69-9,"1-PROPANONE, 1-(4-AMINOPHENYL)-",n/a,4.24E+00,2.45E+00,2.60E+02,2.64E-03,4.85E+01,4.85E+01,Interim,n/a,n/a,n/a,n/a,n/a,n/a,n/a,n/a,n/a,n/a,n/a,n/a,n/a,n/a,n/a,n/a,n/a,n/a,
71238,71-23-8,1-PROPANOL,n/a,9.33E-02,9.17E-02,2.97E+00,1.31E-03,6.49E-01,6.49E-01,Recommended,n/a,n/a,n/a,n/a,n/a,n/a,n/a,n/a,n/a,n/a,n/a,n/a,n/a,n/a,n/a,n/a,n/a,2.50E+00,
71363,71-36-3,1-BUTANOL,n/a,1.10E-01,1.08E-01,5.52E+00,9.91E-04,9.43E-01,9.43E-01,Recommended,n/a,n/a,5.27E-08,n/a,5.03E-09,n/a,3.75E-08,n/a,5.90E-11,n/a,7.62E-09,n/a,1.49E-08,n/a,Recommended,n/a,n/a,2.88E+00,
71410,71-41-0,1-PENTANOL,n/a,2.14E-01,2.11E-01,1.56E+01,2.52E-03,2.40E+00,2.40E+00,Recommended,n/a,n/a,n/a,n/a,n/a,n/a,n/a,n/a,n/a,n/a,n/a,n/a,n/a,n/a,n/a,n/a,n/a,2.83E+00,
71432,71-43-2,BENZENE,n/a,6.42E-02,6.38E-02,6.60E+01,1.30E-02,2.05E+00,2.05E+00,Recommended,n/a,4.74E-07,1.20E-07,1.20E-07,3.04E-08,2.42E-07,6.14E-08,2.49E-08,6.29E-09,1.08E-07,2.74E-08,1.29E-07,3.28E-08,Recommended,Recommended,n/a,n/a,7.21E-01,
71556,71-55-6,"1,1,1-TRICHLOROETHANE",n/a,2.05E-01,2.05E-01,2.17E+01,5.45E-02,6.45E-01,6.45E-01,Recommended,1.46E+02,n/a,1.90E-08,n/a,1.64E-08,n/a,1.62E-08,n/a,4.36E-09,n/a,1.50E-08,n/a,1.51E-08,n/a,Recommended,n/a,1.20E-01,4.88E-03,
71738,71-73-8,THIOPENTAL SODIUM,n/a,6.60E+01,4.55E+01,1.45E+03,2.92E-17,1.55E+01,1.55E+01,Interim,n/a,n/a,n/a,n/a,n/a,n/a,n/a,n/a,n/a,n/a,n/a,n/a,n/a,n/a,n/a,n/a,n/a,n/a,
72208,72-20-8,ENDRIN,n/a,1.47E+05,1.12E+05,1.17E+07,8.55E+03,9.82E+04,9.82E+04,Recommended,n/a,n/a,3.62E-04,n/a,3.06E-04,n/a,7.80E-03,n/a,7.05E-04,n/a,9.22E-05,n/a,1.50E-04,n/a,Recommended,n/a,n/a,n/a,
72435,72-43-5,METHOXYCHLOR,n/a,2.00E+04,5.11E+03,1.24E+06,9.74E+00,2.03E+03,2.03E+03,Recommended,n/a,n/a,5.63E-07,n/a,3.36E-07,n/a,3.17E-06,n/a,2.04E-07,n/a,5.47E-09,n/a,7.64E-08,n/a,Recommended,n/a,n/a,n/a,
72480,72-48-0,ALIZARINE,n/a,6.67E+02,4.25E+02,1.63E+04,9.65E-07,3.91E+01,3.91E+01,Interim,n/a,n/a,n/a,n/a,n/a,n/a,n/a,n/a,n/a,n/a,n/a,n/a,n/a,n/a,n/a,n/a,n/a,n/a,
72548,72-54-8,DDD,n/a,6.27E+04,4.69E+04,2.72E+06,2.53E+03,7.91E+03,7.91E+03,Recommended,n/a,1.07E-03,n/a,8.76E-04,n/a,3.54E-02,n/a,5.09E-03,n/a,1.13E-04,n/a,1.14E-04,n/a,Recommended,n/a,n/a,n/a,n/a,
72559,72-55-9,"P,P'-DDE",n/a,7.74E+03,5.59E+03,6.99E+05,9.18E+02,1.75E+03,1.75E+03,Recommended,n/a,4.20E-05,n/a,3.82E-05,n/a,3.95E-04,n/a,7.56E-05,n/a,4.60E-06,n/a,6.01E-06,n/a,Recommended,n/a,n/a,n/a,n/a,
72560,72-56-0,"1,1-DICHLORO-2,2-BIS(ETHYLPHENYL)ETHANE",n/a,6.92E+02,2.72E+02,7.84E+04,2.14E+01,2.13E+01,2.13E+01,Interim,n/a,n/a,n/a,n/a,n/a,n/a,n/a,n/a,n/a,n/a,n/a,n/a,n/a,n/a,n/a,n/a,n/a,n/a,
74828,74-82-8,METHANE,n/a,n/a,n/a,n/a,n/a,n/a,n/a,n/a,2.50E+01,n/a,n/a,n/a,n/a,n/a,n/a,n/a,n/a,n/a,n/a,n/a,n/a,n/a,n/a,n/a,n/a,1.44E-02,
74839,74-83-9,METHYL BROMIDE,n/a,1.16E+01,1.16E+01,1.59E+03,1.10E+00,5.06E+01,5.06E+01,Recommended,5.00E+00,n/a,1.14E-04,n/a,7.72E-05,n/a,6.11E-05,n/a,7.27E-06,n/a,6.72E-05,n/a,6.72E-05,n/a,Recommended,n/a,5.10E-01,1.87E-02,
74840,74-84-0,ETHANE,n/a,n/a,n/a,n/a,n/a,n/a,n/a,n/a,n/a,n/a,n/a,n/a,n/a,n/a,n/a,n/a,n/a,n/a,n/a,n/a,n/a,n/a,n/a,n/a,n/a,2.81E-01,
74851,74-85-1,ETHENE,n/a,n/a,n/a,n/a,n/a,n/a,n/a,n/a,n/a,n/a,n/a,n/a,n/a,n/a,n/a,n/a,n/a,n/a,n/a,n/a,n/a,n/a,n/a,n/a,n/a,9.00E+00,
74862,74-86-2,ACETYLENE,n/a,n/a,n/a,n/a,n/a,n/a,n/a,n/a,n/a,n/a,n/a,n/a,n/a,n/a,n/a,n/a,n/a,n/a,n/a,n/a,n/a,n/a,n/a,n/a,n/a,9.54E-01,
74873,74-87-3,METHYL CHLORIDE,n/a,6.32E-02,6.31E-02,9.12E+00,6.88E-03,2.78E-01,2.78E-01,Interim,1.30E+01,n/a,6.56E-07,n/a,4.41E-07,n/a,4.25E-07,n/a,4.80E-08,n/a,4.00E-07,n/a,4.04E-07,n/a,Interim,n/a,2.00E-02,3.83E-02,
74895,74-89-5,METHYLAMINE,n/a,4.65E-01,4.62E-01,4.46E+01,1.13E-02,7.68E+00,7.68E+00,Interim,n/a,n/a,n/a,n/a,n/a,n/a,n/a,n/a,n/a,n/a,n/a,n/a,n/a,n/a,n/a,n/a,n/a,7.70E+00,
74953,74-95-3,"METHANE, DIBROMO-",n/a,n/a,n/a,n/a,n/a,n/a,n/a,n/a,1.54E+00,n/a,n/a,n/a,n/a,n/a,n/a,n/a,n/a,n/a,n/a,n/a,n/a,n/a,n/a,n/a,n/a,n/a,
74964,74-96-4,BROMOETHANE,n/a,n/a,n/a,n/a,n/a,n/a,n/a,n/a,n/a,3.11E-07,n/a,1.24E-07,n/a,1.65E-07,n/a,1.15E-08,n/a,1.10E-07,n/a,1.16E-07,n/a,Recommended,n/a,n/a,n/a,1.29E-01,
74975,74-97-5,BROMOCHLOROMETHANE,n/a,7.98E-01,7.97E-01,6.50E+01,6.80E-02,3.91E+00,3.91E+00,Interim,n/a,n/a,n/a,n/a,n/a,n/a,n/a,n/a,n/a,n/a,n/a,n/a,n/a,n/a,n/a,n/a,1.20E-01,n/a,
74986,74-98-6,PROPANE,n/a,n/a,n/a,n/a,n/a,n/a,n/a,n/a,n/a,n/a,n/a,n/a,n/a,n/a,n/a,n/a,n/a,n/a,n/a,n/a,n/a,n/a,n/a,n/a,n/a,4.89E-01,
74997,74-99-7,METHYL ACETYLENE,n/a,n/a,n/a,n/a,n/a,n/a,n/a,n/a,n/a,n/a,n/a,n/a,n/a,n/a,n/a,n/a,n/a,n/a,n/a,n/a,n/a,n/a,n/a,n/a,n/a,6.72E+00,
75003,75-00-3,CHLOROETHANE,n/a,n/a,n/a,n/a,n/a,n/a,n/a,n/a,n/a,4.42E-08,1.64E-09,1.68E-08,6.25E-10,2.24E-08,8.31E-10,1.74E-09,6.47E-11,1.53E-08,5.68E-10,1.59E-08,5.91E-10,Recommended,Recommended,n/a,n/a,2.87E-01,
75014,75-01-4,VINYL CHLORIDE,n/a,n/a,n/a,n/a,n/a,n/a,n/a,n/a,n/a,5.03E-06,1.74E-06,4.63E-07,1.61E-07,1.57E-06,6.43E-06,5.23E-08,4.25E-08,4.47E-07,2.28E-07,5.04E-07,5.30E-07,Recommended,Recommended,n/a,n/a,2.83E+00,
75025,75-02-5,VINYLFLUORIDE,n/a,n/a,n/a,n/a,n/a,n/a,n/a,n/a,n/a,6.71E-06,n/a,7.25E-07,n/a,2.41E-06,n/a,8.33E-08,n/a,7.08E-07,n/a,7.42E-07,n/a,Recommended,n/a,n/a,n/a,n/a,
75047,75-04-7,ETHYLAMINE,n/a,2.31E-01,2.28E-01,3.13E+01,5.42E-03,4.75E+00,4.75E+00,Interim,n/a,n/a,n/a,n/a,n/a,n/a,n/a,n/a,n/a,n/a,n/a,n/a,n/a,n/a,n/a,n/a,n/a,5.78E+00,
75058,75-05-8,ACETONITRILE,n/a,7.43E-01,7.41E-01,9.86E+00,3.64E-02,1.96E+00,1.96E+00,Recommended,n/a,n/a,9.72E-08,n/a,2.96E-08,n/a,5.72E-08,n/a,1.47E-09,n/a,2.16E-08,n/a,3.03E-08,n/a,Recommended,n/a,n/a,n/a,
75070,75-07-0,ACETALDEHYDE,n/a,2.88E-01,2.96E-01,4.72E+01,1.97E-02,8.41E+00,8.41E+00,Recommended,n/a,1.81E-07,9.29E-07,9.18E-09,4.71E-08,8.83E-08,4.53E-07,6.55E-10,3.36E-09,1.97E-08,1.01E-07,4.43E-08,2.27E-07,Interim,Interim,n/a,n/a,6.54E+00,
75081,75-08-1,ETHYL MERCAPTAN,n/a,1.20E+00,1.12E+00,2.15E+04,1.15E-01,6.26E+02,6.26E+02,Interim,n/a,n/a,n/a,n/a,n/a,n/a,n/a,n/a,n/a,n/a,n/a,n/a,n/a,n/a,n/a,n/a,n/a,n/a,
75092,75-09-2,METHYLENECHLORIDE ,n/a,9.70E-02,9.69E-02,1.46E+01,1.96E-02,8.27E-01,8.27E-01,Recommended,8.70E+00,8.92E-08,1.04E-06,4.42E-08,5.16E-07,6.82E-08,7.00E-07,9.66E-09,1.10E-07,3.91E-08,4.52E-07,4.24E-08,4.79E-07,Recommended,Recommended,n/a,n/a,4.14E-02,
75105,75-10-5,HFC-32,n/a,n/a,n/a,n/a,n/a,n/a,n/a,n/a,6.75E+02,n/a,n/a,n/a,n/a,n/a,n/a,n/a,n/a,n/a,n/a,n/a,n/a,n/a,n/a,n/a,n/a,n/a,
75127,75-12-7,FORMAMIDE,n/a,1.69E+00,1.67E+00,7.03E+00,5.71E-06,2.28E+00,2.28E+00,Recommended,n/a,n/a,n/a,n/a,n/a,n/a,n/a,n/a,n/a,n/a,n/a,n/a,n/a,n/a,n/a,n/a,n/a,n/a,
75150,75-15-0,CARBON DISULFIDE,n/a,2.31E+00,2.31E+00,1.53E+02,2.30E-01,4.82E+00,4.82E+00,Recommended,n/a,n/a,5.31E-05,n/a,4.67E-05,n/a,3.75E-05,n/a,4.66E-06,n/a,4.24E-05,n/a,4.24E-05,n/a,Recommended,n/a,n/a,2.46E-01,
75183,75-18-3,DIMETHYLSULFIDE,n/a,3.72E-01,3.71E-01,2.60E+02,3.73E-02,1.17E+01,1.17E+01,Interim,n/a,n/a,n/a,n/a,n/a,n/a,n/a,n/a,n/a,n/a,n/a,n/a,n/a,n/a,n/a,n/a,n/a,n/a,
75194,75-19-4,CYCLOPROPANE,n/a,n/a,n/a,n/a,n/a,n/a,n/a,n/a,n/a,n/a,n/a,n/a,n/a,n/a,n/a,n/a,n/a,n/a,n/a,n/a,n/a,n/a,n/a,n/a,n/a,8.71E-02,
75218,75-21-8,ETHYLENE OXIDE,n/a,1.01E+00,1.01E+00,2.35E+01,8.58E-02,3.77E+00,3.77E+00,Interim,n/a,1.22E-06,n/a,4.42E-07,n/a,1.72E-06,n/a,3.85E-08,n/a,4.73E-07,n/a,8.69E-07,n/a,Recommended,n/a,n/a,n/a,3.92E-02,
75252,75-25-2,TRIBROMOMETHANE,n/a,3.90E+00,3.89E+00,1.90E+02,5.80E-01,1.30E+01,1.30E+01,Recommended,n/a,7.80E-08,6.26E-07,3.51E-08,2.82E-07,5.45E-08,4.38E-07,5.50E-09,4.41E-08,2.18E-08,1.75E-07,2.85E-08,2.29E-07,Interim,Recommended,n/a,n/a,n/a,
75274,75-27-4,BROMODICHLOROMETHANE,n/a,2.25E-01,2.24E-01,2.15E+01,3.95E-02,1.22E+00,1.22E+00,Interim,n/a,2.23E-06,2.64E-06,1.20E-06,1.41E-06,1.54E-06,1.82E-06,2.14E-07,2.52E-07,9.52E-07,1.12E-06,1.04E-06,1.23E-06,Recommended,Recommended,n/a,n/a,n/a,
75285,75-28-5,ISOBUTANE,n/a,n/a,n/a,n/a,n/a,n/a,n/a,n/a,n/a,n/a,n/a,n/a,n/a,n/a,n/a,n/a,n/a,n/a,n/a,n/a,n/a,n/a,n/a,n/a,n/a,1.23E+00,
75310,75-31-0,ISOPROPYLAMINE,n/a,1.84E-01,1.91E-01,6.39E+01,9.83E-03,7.38E+00,7.38E+00,Interim,n/a,n/a,n/a,n/a,n/a,n/a,n/a,n/a,n/a,n/a,n/a,n/a,n/a,n/a,n/a,n/a,n/a,7.23E+00,
75343,75-34-3,"1,1-DICHLOROETHANE",n/a,n/a,n/a,n/a,n/a,n/a,n/a,n/a,n/a,n/a,n/a,n/a,n/a,n/a,n/a,n/a,n/a,n/a,n/a,n/a,n/a,n/a,n/a,n/a,n/a,6.93E-02,
75354,75-35-4,"1,1-DICHLOROETHYLENE",n/a,1.12E-03,1.03E-03,3.13E+01,2.00E-04,4.66E-01,4.66E-01,Recommended,n/a,1.47E-06,2.36E-07,9.59E-08,1.54E-08,8.56E-08,4.23E-07,1.84E-08,1.01E-08,8.89E-08,2.04E-08,8.89E-08,4.86E-08,Recommended,Recommended,n/a,n/a,1.79E+00,
75365,75-36-5,ACETYLCHLORIDE,n/a,6.75E+00,6.74E+00,1.34E+02,4.28E-01,2.65E+01,2.65E+01,Interim,n/a,n/a,n/a,n/a,n/a,n/a,n/a,n/a,n/a,n/a,n/a,n/a,n/a,n/a,n/a,n/a,n/a,n/a,
75376,75-37-6,HFC-152a,n/a,n/a,n/a,n/a,n/a,n/a,n/a,n/a,1.24E+02,n/a,n/a,n/a,n/a,n/a,n/a,n/a,n/a,n/a,n/a,n/a,n/a,n/a,n/a,n/a,n/a,1.75E-02,
75398,75-39-8,ACETALDEHYDE AMMONIA,n/a,2.20E+00,1.66E+00,9.11E+01,7.53E-04,2.57E+01,2.57E+01,Interim,n/a,n/a,n/a,n/a,n/a,n/a,n/a,n/a,n/a,n/a,n/a,n/a,n/a,n/a,n/a,n/a,n/a,n/a,
75434,75-43-4,HCFC-21,n/a,n/a,n/a,n/a,n/a,n/a,n/a,n/a,1.51E+02,n/a,n/a,n/a,n/a,n/a,n/a,n/a,n/a,n/a,n/a,n/a,n/a,n/a,n/a,n/a,4.00E-02,n/a,
75456,75-45-6,HCFC-22,n/a,n/a,n/a,n/a,n/a,n/a,n/a,n/a,1.81E+03,n/a,9.57E-09,n/a,8.80E-09,n/a,7.27E-09,n/a,8.55E-10,n/a,8.22E-09,n/a,8.22E-09,n/a,Recommended,n/a,5.00E-02,n/a,
75467,75-46-7,HFC-23,n/a,n/a,n/a,n/a,n/a,n/a,n/a,n/a,1.48E+04,n/a,n/a,n/a,n/a,n/a,n/a,n/a,n/a,n/a,n/a,n/a,n/a,n/a,n/a,n/a,n/a,n/a,
75478,75-47-8,IODOFORM,n/a,8.28E+01,8.27E+01,2.93E+03,8.47E+00,4.72E+02,4.72E+02,Interim,n/a,n/a,n/a,n/a,n/a,n/a,n/a,n/a,n/a,n/a,n/a,n/a,n/a,n/a,n/a,n/a,n/a,n/a,
75503,75-50-3,TRIMETHYLAMINE,n/a,2.20E-02,2.41E-02,1.99E+01,1.74E-03,2.65E+00,2.65E+00,Interim,n/a,n/a,n/a,n/a,n/a,n/a,n/a,n/a,n/a,n/a,n/a,n/a,n/a,n/a,n/a,n/a,n/a,6.32E+00,
75525,75-52-5,NITROMETHANE,n/a,2.46E+00,2.45E+00,3.50E+01,9.59E-02,6.14E+00,6.14E+00,Recommended,n/a,9.82E-07,n/a,2.94E-07,n/a,6.22E-07,n/a,1.17E-08,n/a,1.99E-07,n/a,2.79E-07,n/a,Recommended,n/a,n/a,n/a,6.76E-02,
75569,75-56-9,PROPYLENE OXIDE,n/a,1.30E+00,1.30E+00,2.90E+01,8.16E-02,5.01E+00,5.01E+00,Recommended,n/a,4.11E-07,7.69E-06,1.20E-07,2.10E-06,4.16E-07,4.12E-06,7.70E-09,1.33E-07,1.17E-07,1.57E-06,2.02E-07,2.24E-06,Recommended,Interim,n/a,n/a,2.94E-01,
75570,75-57-0,"N,N,N-TRIMETHYLMETHANAMINIUM, CHLORIDE",n/a,6.58E+00,6.34E+00,4.07E+01,2.03E-11,1.02E+01,1.02E+01,Interim,n/a,n/a,n/a,n/a,n/a,n/a,n/a,n/a,n/a,n/a,n/a,n/a,n/a,n/a,n/a,n/a,n/a,n/a,
75605,75-60-5,CACODYLIC ACID,n/a,3.96E+01,3.63E+01,3.08E+02,2.55E-05,3.65E+01,3.65E+01,Interim,n/a,5.13E-06,n/a,2.90E-06,n/a,4.01E-06,n/a,2.35E-09,n/a,4.75E-07,n/a,8.17E-07,n/a,Interim,n/a,n/a,n/a,n/a,
75638,75-63-8,HALON 1301,n/a,n/a,n/a,n/a,n/a,n/a,n/a,n/a,7.14E+03,n/a,n/a,n/a,n/a,n/a,n/a,n/a,n/a,n/a,n/a,n/a,n/a,n/a,n/a,n/a,1.60E+01,n/a,
75649,75-64-9,T-BUTYLAMINE,n/a,1.18E+00,1.19E+00,1.25E+02,5.07E-02,1.35E+01,1.35E+01,Interim,n/a,n/a,n/a,n/a,n/a,n/a,n/a,n/a,n/a,n/a,n/a,n/a,n/a,n/a,n/a,n/a,n/a,n/a,
75650,75-65-0,TERT-BUTYL ALCOHOL,n/a,1.96E-01,1.94E-01,3.05E+00,3.06E-03,7.14E-01,7.14E-01,Recommended,n/a,5.72E-07,n/a,1.44E-07,n/a,5.08E-07,n/a,2.91E-09,n/a,1.53E-07,n/a,2.28E-07,n/a,Recommended,n/a,n/a,n/a,4.06E-01,
75683,75-68-3,HCFC-142b,n/a,n/a,n/a,n/a,n/a,n/a,n/a,n/a,2.31E+03,n/a,n/a,n/a,n/a,n/a,n/a,n/a,n/a,n/a,n/a,n/a,n/a,n/a,n/a,n/a,7.00E-02,n/a,
75694,75-69-4,CFC-11,n/a,n/a,n/a,n/a,n/a,n/a,n/a,n/a,4.75E+03,n/a,1.81E-06,n/a,1.77E-06,n/a,1.64E-06,n/a,4.71E-07,n/a,1.71E-06,n/a,1.71E-06,n/a,Recommended,n/a,1.00E+00,n/a,
75718,75-71-8,CFC-12,n/a,n/a,n/a,n/a,n/a,n/a,n/a,n/a,1.09E+04,n/a,2.32E-05,n/a,2.30E-05,n/a,2.05E-05,n/a,4.44E-06,n/a,2.24E-05,n/a,2.24E-05,n/a,Recommended,n/a,1.00E+00,n/a,
75729,75-72-9,CFC-13,n/a,n/a,n/a,n/a,n/a,n/a,n/a,n/a,1.44E+04,n/a,n/a,n/a,n/a,n/a,n/a,n/a,n/a,n/a,n/a,n/a,n/a,n/a,n/a,n/a,1.00E+00,n/a,
75730,75-73-0,CARBON TETRAFLUORIDE,n/a,n/a,n/a,n/a,n/a,n/a,n/a,n/a,7.39E+03,n/a,n/a,n/a,n/a,n/a,n/a,n/a,n/a,n/a,n/a,n/a,n/a,n/a,n/a,n/a,n/a,n/a,
75741,75-74-1,TETRAMETHYL LEAD,n/a,2.62E-02,1.92E-02,8.13E+03,3.04E-03,2.46E+01,2.46E+01,Interim,n/a,n/a,n/a,n/a,n/a,n/a,n/a,n/a,n/a,n/a,n/a,n/a,n/a,n/a,n/a,n/a,n/a,n/a,
75821,75-82-1,C2H2F2BR2,n/a,n/a,n/a,n/a,n/a,n/a,n/a,n/a,n/a,n/a,n/a,n/a,n/a,n/a,n/a,n/a,n/a,n/a,n/a,n/a,n/a,n/a,n/a,n/a,8.50E-01,n/a,
75832,75-83-2,"2,2-DIMETHYL BUTANE",n/a,n/a,n/a,n/a,n/a,n/a,n/a,n/a,n/a,n/a,n/a,n/a,n/a,n/a,n/a,n/a,n/a,n/a,n/a,n/a,n/a,n/a,n/a,n/a,n/a,1.17E+00,
75854,75-85-4,2-METHYL-2-BUTANOL,n/a,6.52E-02,6.47E-02,2.50E+00,1.36E-03,5.12E-01,5.12E-01,Recommended,n/a,n/a,n/a,n/a,n/a,n/a,n/a,n/a,n/a,n/a,n/a,n/a,n/a,n/a,n/a,n/a,n/a,n/a,
75865,75-86-5,ACETONE CYANOHYDRIN,n/a,1.75E+04,1.75E+04,5.73E+04,3.11E+00,2.32E+04,2.32E+04,Recommended,n/a,n/a,n/a,n/a,n/a,n/a,n/a,n/a,n/a,n/a,n/a,n/a,n/a,n/a,n/a,n/a,n/a,n/a,
75876,75-87-6,TRICHLOROACETALDEHYDE,n/a,7.76E+01,7.79E+01,2.44E+02,1.32E-03,1.06E+02,1.06E+02,Interim,n/a,n/a,n/a,n/a,n/a,n/a,n/a,n/a,n/a,n/a,n/a,n/a,n/a,n/a,n/a,n/a,n/a,n/a,
75887,75-88-7,HCFC-133a,n/a,n/a,n/a,n/a,n/a,n/a,n/a,n/a,n/a,2.02E-06,n/a,1.70E-06,n/a,1.65E-06,n/a,3.31E-07,n/a,1.56E-06,n/a,1.57E-06,n/a,Recommended,n/a,n/a,4.00E-02,n/a,
75898,75-89-8,"2,2,2-TRIFLUOROETHANOL",n/a,9.37E+00,9.32E+00,1.21E+02,5.04E-01,3.39E+01,3.39E+01,Interim,n/a,n/a,n/a,n/a,n/a,n/a,n/a,n/a,n/a,n/a,n/a,n/a,n/a,n/a,n/a,n/a,n/a,n/a,
75912,75-91-2,TERT-BUTYLHYDROPEROXIDE,n/a,1.06E+01,1.05E+01,4.13E+02,4.03E-01,2.52E+01,2.52E+01,Recommended,n/a,n/a,n/a,n/a,n/a,n/a,n/a,n/a,n/a,n/a,n/a,n/a,n/a,n/a,n/a,n/a,n/a,n/a,
75978,75-97-8,METHYL TERT-BUTYL KETONE,n/a,1.02E+00,1.02E+00,6.34E+01,1.64E-01,1.09E+01,1.09E+01,Interim,n/a,n/a,n/a,n/a,n/a,n/a,n/a,n/a,n/a,n/a,n/a,n/a,n/a,n/a,n/a,n/a,n/a,6.48E-01,
75989,75-98-9,"2,2-DIMETHYL PROPANOIC ACID",n/a,2.50E+00,2.44E+00,2.84E+01,1.20E-02,6.90E+00,6.90E+00,Interim,n/a,n/a,n/a,n/a,n/a,n/a,n/a,n/a,n/a,n/a,n/a,n/a,n/a,n/a,n/a,n/a,n/a,n/a,
75990,75-99-0,DALAPON,n/a,3.39E+01,3.38E+01,1.09E+02,7.46E-03,4.26E+01,4.26E+01,Interim,n/a,n/a,1.29E-06,n/a,9.70E-07,n/a,1.30E-06,n/a,2.06E-09,n/a,5.48E-07,n/a,8.65E-07,n/a,Interim,n/a,n/a,n/a,
76017,76-01-7,PENTACHLOROETHANE,n/a,6.05E+00,6.05E+00,3.16E+02,2.76E+00,2.93E+01,2.93E+01,Recommended,n/a,2.51E-06,n/a,1.64E-06,n/a,2.56E-06,n/a,9.05E-07,n/a,1.39E-06,n/a,2.02E-06,n/a,Recommended,n/a,n/a,n/a,n/a,
76039,76-03-9,TRICHLOROACETIC ACID,n/a,1.08E+01,1.08E+01,3.36E+01,5.46E-04,1.35E+01,1.35E+01,Interim,n/a,3.28E-07,n/a,2.55E-07,n/a,2.88E-07,n/a,1.14E-10,n/a,1.19E-07,n/a,1.99E-07,n/a,Interim,n/a,n/a,n/a,n/a,
76062,76-06-2,CHLOROPICRIN,n/a,5.29E+02,5.28E+02,6.08E+04,1.30E+02,4.19E+03,4.19E+03,Interim,n/a,n/a,n/a,n/a,n/a,n/a,n/a,n/a,n/a,n/a,n/a,n/a,n/a,n/a,n/a,n/a,n/a,1.85E+00,
76120,76-12-0,CFC-112,n/a,n/a,n/a,n/a,n/a,n/a,n/a,n/a,n/a,n/a,n/a,n/a,n/a,n/a,n/a,n/a,n/a,n/a,n/a,n/a,n/a,n/a,n/a,n/a,1.00E+00,n/a,
76131,76-13-1,CFC-113,n/a,n/a,n/a,n/a,n/a,n/a,n/a,n/a,6.13E+03,n/a,4.12E-07,n/a,4.09E-07,n/a,3.74E-07,n/a,1.03E-07,n/a,3.98E-07,n/a,3.98E-07,n/a,Recommended,n/a,1.00E+00,n/a,
76142,76-14-2,CFC-114,n/a,n/a,n/a,n/a,n/a,n/a,n/a,n/a,1.00E+04,n/a,n/a,n/a,n/a,n/a,n/a,n/a,n/a,n/a,n/a,n/a,n/a,n/a,n/a,n/a,1.00E+00,n/a,
76153,76-15-3,CFC-115,n/a,n/a,n/a,n/a,n/a,n/a,n/a,n/a,7.37E+03,n/a,n/a,n/a,n/a,n/a,n/a,n/a,n/a,n/a,n/a,n/a,n/a,n/a,n/a,n/a,4.40E-01,n/a,
76164,76-16-4,PFC-116,n/a,n/a,n/a,n/a,n/a,n/a,n/a,n/a,1.22E+04,n/a,n/a,n/a,n/a,n/a,n/a,n/a,n/a,n/a,n/a,n/a,n/a,n/a,n/a,n/a,n/a,n/a,
76197,76-19-7,PFC-218,n/a,n/a,n/a,n/a,n/a,n/a,n/a,n/a,8.83E+03,n/a,n/a,n/a,n/a,n/a,n/a,n/a,n/a,n/a,n/a,n/a,n/a,n/a,n/a,n/a,n/a,n/a,
76222,76-22-2,CAMPHOR,n/a,n/a,n/a,n/a,n/a,n/a,n/a,n/a,n/a,n/a,n/a,n/a,n/a,n/a,n/a,n/a,n/a,n/a,n/a,n/a,n/a,n/a,n/a,n/a,n/a,4.90E-01,
76255,76-25-5,TRIAMCINOLONE ACETONIDE,n/a,n/a,n/a,n/a,n/a,n/a,n/a,n/a,n/a,5.56E-03,n/a,5.22E-03,n/a,5.25E-03,n/a,3.53E-05,n/a,2.22E-03,n/a,3.68E-03,n/a,Recommended,n/a,n/a,n/a,n/a,
76299,76-29-9,3-BROMO-D-CAMPHOR,n/a,1.76E+00,1.74E+00,1.84E+02,1.07E-01,1.21E+01,1.21E+01,Interim,n/a,n/a,n/a,n/a,n/a,n/a,n/a,n/a,n/a,n/a,n/a,n/a,n/a,n/a,n/a,n/a,n/a,n/a,
76380,76-38-0,METHOXYFLURANE,n/a,1.20E+00,1.20E+00,1.09E+02,2.14E-01,6.39E+00,6.39E+00,Interim,n/a,n/a,n/a,n/a,n/a,n/a,n/a,n/a,n/a,n/a,n/a,n/a,n/a,n/a,n/a,n/a,n/a,n/a,
76448,76-44-8,HEPTACHLOR,n/a,8.01E+01,4.40E+01,1.34E+05,1.36E+01,4.78E+02,4.78E+02,Recommended,n/a,5.64E-05,3.27E-06,2.67E-05,1.55E-06,2.05E-03,1.19E-04,5.25E-04,3.05E-05,1.26E-05,7.28E-07,3.69E-05,2.14E-06,Recommended,Recommended,n/a,n/a,n/a,
76879,76-87-9,TRIPHENYLTIN HYDROXIDE,n/a,1.88E+05,1.06E+05,6.34E+06,9.41E+01,8.13E+02,8.13E+02,Interim,n/a,n/a,9.38E-05,n/a,6.54E-05,n/a,2.46E-04,n/a,3.98E-05,n/a,3.55E-08,n/a,5.58E-08,n/a,Interim,n/a,n/a,n/a,
77098,77-09-8,PHENOLPHTHALEIN,n/a,n/a,n/a,n/a,n/a,n/a,n/a,n/a,n/a,1.43E-07,n/a,1.06E-07,n/a,5.19E-08,n/a,8.18E-10,n/a,1.18E-11,n/a,5.92E-11,n/a,Recommended,n/a,n/a,n/a,n/a,
77463,77-46-3,ACEDAPSONE,n/a,n/a,n/a,n/a,n/a,n/a,n/a,n/a,n/a,1.97E-06,n/a,1.54E-06,n/a,1.69E-06,n/a,4.39E-10,n/a,3.01E-07,n/a,4.91E-07,n/a,Recommended,n/a,n/a,n/a,n/a,
77474,77-47-4,HEXACHLOROCYCLOPENTADIENE,n/a,1.81E+01,1.78E+01,5.05E+04,7.66E+00,4.71E+02,4.71E+02,Recommended,n/a,n/a,2.78E-04,n/a,1.09E-04,n/a,1.65E-04,n/a,6.26E-05,n/a,9.39E-05,n/a,9.72E-05,n/a,Recommended,n/a,n/a,n/a,
77587,77-58-7,DIBUTYLTIN DILAURATE,n/a,9.54E+00,5.89E+00,2.52E+02,1.04E-06,9.28E-03,9.28E-03,Interim,n/a,n/a,n/a,n/a,n/a,n/a,n/a,n/a,n/a,n/a,n/a,n/a,n/a,n/a,n/a,n/a,n/a,n/a,
77689,77-68-9,"3-HYDROXY-2,2,4-TRIMETHYLPENTYL-1-ISOBUTYRATE",n/a,n/a,n/a,n/a,n/a,n/a,n/a,n/a,n/a,n/a,n/a,n/a,n/a,n/a,n/a,n/a,n/a,n/a,n/a,n/a,n/a,n/a,n/a,n/a,n/a,7.71E-01,
77714,77-71-4,"2,4-IMIDAZOLIDINEDIONE, 5,5-DIMETHYL-",n/a,6.33E-01,6.31E-01,2.38E+00,5.88E-09,9.41E-01,9.41E-01,Interim,n/a,n/a,n/a,n/a,n/a,n/a,n/a,n/a,n/a,n/a,n/a,n/a,n/a,n/a,n/a,n/a,n/a,n/a,
77736,77-73-6,DICYCLOPENTADIENE,n/a,9.62E-03,2.33E-03,2.31E+02,2.00E-04,5.69E-01,5.69E-01,Recommended,n/a,n/a,n/a,n/a,n/a,n/a,n/a,n/a,n/a,n/a,n/a,n/a,n/a,n/a,n/a,n/a,n/a,n/a,
77747,77-74-7,3-METHYL-3-PENTANOL,n/a,2.33E-01,2.32E-01,1.48E+01,5.62E-03,2.62E+00,2.62E+00,Interim,n/a,n/a,n/a,n/a,n/a,n/a,n/a,n/a,n/a,n/a,n/a,n/a,n/a,n/a,n/a,n/a,n/a,n/a,
77758,77-75-8,METHYL PENTYNOL,n/a,1.82E-01,1.75E-01,1.11E+01,2.00E-03,2.08E+00,2.08E+00,Interim,n/a,n/a,n/a,n/a,n/a,n/a,n/a,n/a,n/a,n/a,n/a,n/a,n/a,n/a,n/a,n/a,n/a,n/a,
77769,77-76-9,"2,2-DIMETHOXY-PROPANE",n/a,n/a,n/a,n/a,n/a,n/a,n/a,n/a,n/a,n/a,n/a,n/a,n/a,n/a,n/a,n/a,n/a,n/a,n/a,n/a,n/a,n/a,n/a,n/a,n/a,4.82E-01,
77781,77-78-1,DIMETHYL SULFATE,n/a,1.38E+02,1.35E+02,1.46E+03,8.71E-01,3.07E+02,3.07E+02,Interim,n/a,n/a,n/a,n/a,n/a,n/a,n/a,n/a,n/a,n/a,n/a,n/a,n/a,n/a,n/a,n/a,n/a,n/a,
77929,77-92-9,CITRIC ACID,n/a,2.42E+00,2.23E+00,2.20E+01,8.62E-11,3.78E+00,3.78E+00,Interim,n/a,n/a,n/a,n/a,n/a,n/a,n/a,n/a,n/a,n/a,n/a,n/a,n/a,n/a,n/a,n/a,n/a,n/a,
77930,77-93-0,TRIETHYL CITRATE,n/a,n/a,n/a,n/a,n/a,n/a,n/a,n/a,n/a,n/a,n/a,n/a,n/a,n/a,n/a,n/a,n/a,n/a,n/a,n/a,n/a,n/a,n/a,n/a,n/a,6.96E-01,
77996,77-99-6,"1,1,1-TRIS(HYDROXYMETHYL)PROPANE",n/a,2.17E-01,2.10E-01,1.73E+00,2.84E-09,5.50E-01,5.50E-01,Interim,n/a,n/a,n/a,n/a,n/a,n/a,n/a,n/a,n/a,n/a,n/a,n/a,n/a,n/a,n/a,n/a,n/a,n/a,
78002,78-00-2,TETRAETHYL LEAD,n/a,6.42E-02,7.48E-03,3.54E+04,1.13E-03,5.08E+01,5.08E+01,Interim,n/a,n/a,1.71E-02,n/a,2.64E-04,n/a,3.97E-02,n/a,3.97E-03,n/a,3.06E-04,n/a,1.62E-03,n/a,Interim,n/a,n/a,n/a,
78115,78-11-5,PENTAERYTHRITOL TETRANITRATE,n/a,1.50E-01,1.15E-01,2.47E+00,1.83E-08,7.11E-02,7.11E-02,Interim,n/a,n/a,n/a,n/a,n/a,n/a,n/a,n/a,n/a,n/a,n/a,n/a,n/a,n/a,n/a,n/a,n/a,n/a,
78273,78-27-3,1-ETHYNYL CYCLOHEXANOL,n/a,5.68E-01,5.13E-01,4.77E+01,8.05E-03,9.10E+00,9.10E+00,Interim,n/a,n/a,n/a,n/a,n/a,n/a,n/a,n/a,n/a,n/a,n/a,n/a,n/a,n/a,n/a,n/a,n/a,n/a,
78308,78-30-8,TRI-O-CRESYL PHOSPHATE,n/a,1.09E+02,4.94E+01,5.45E+03,9.26E-02,2.85E+00,2.85E+00,Interim,n/a,n/a,n/a,n/a,n/a,n/a,n/a,n/a,n/a,n/a,n/a,n/a,n/a,n/a,n/a,n/a,n/a,n/a,
78342,78-34-2,DIOXATHION,n/a,3.37E+03,5.37E+02,2.28E+05,4.86E-02,1.28E+04,1.28E+04,Recommended,n/a,n/a,3.92E-06,n/a,6.29E-07,n/a,8.53E-05,n/a,1.22E-06,n/a,4.77E-06,n/a,1.26E-05,n/a,Recommended,n/a,n/a,n/a,
78400,78-40-0,TRIETHYL PHOSPHATE,n/a,4.57E-01,2.81E-01,1.69E+01,1.56E-05,1.52E+00,1.52E+00,Recommended,n/a,n/a,n/a,n/a,n/a,n/a,n/a,n/a,n/a,n/a,n/a,n/a,n/a,n/a,n/a,n/a,n/a,n/a,
78422,78-42-2,TRIS(2-ETHYLHEXYL) PHOSPHATE,n/a,9.73E-01,5.94E-01,2.61E+01,6.48E-06,5.86E-04,5.86E-04,Interim,n/a,4.15E-08,n/a,2.41E-08,n/a,4.63E-09,n/a,3.59E-11,n/a,1.18E-13,n/a,2.21E-10,n/a,Recommended,n/a,n/a,n/a,n/a,
78488,78-48-8,DEF,n/a,5.63E+02,1.09E+02,4.09E+04,2.31E-02,3.84E+01,3.84E+01,Recommended,n/a,n/a,3.43E-05,n/a,4.69E-06,n/a,1.09E-04,n/a,1.88E-06,n/a,1.07E-07,n/a,6.72E-06,n/a,Recommended,n/a,n/a,n/a,
78513,78-51-3,TRI-2-BUTOXYETHYL PHOSPHATE,n/a,7.49E+00,1.61E+00,4.25E+02,6.62E-07,1.54E+00,1.54E+00,Interim,n/a,n/a,n/a,n/a,n/a,n/a,n/a,n/a,n/a,n/a,n/a,n/a,n/a,n/a,n/a,n/a,n/a,n/a,
78591,78-59-1,ISOPHORONE,n/a,2.95E-01,2.34E-01,1.03E+02,5.36E-03,1.41E+01,1.41E+01,Recommended,n/a,1.83E-08,1.17E-08,4.19E-10,2.69E-10,4.45E-08,2.86E-08,4.10E-11,2.63E-11,6.17E-09,3.96E-09,1.04E-08,6.67E-09,Recommended,Recommended,n/a,n/a,4.63E+00,
78626,78-62-6,DIMETHYL DIETHOXYSILANE,n/a,9.81E+00,9.46E+00,3.25E+03,6.13E-01,3.71E+01,3.71E+01,Interim,n/a,n/a,n/a,n/a,n/a,n/a,n/a,n/a,n/a,n/a,n/a,n/a,n/a,n/a,n/a,n/a,n/a,n/a,
78706,78-70-6,LINALOOL,n/a,2.72E-01,2.58E-01,3.29E+02,1.44E-02,3.88E+01,3.88E+01,Recommended,n/a,n/a,n/a,n/a,n/a,n/a,n/a,n/a,n/a,n/a,n/a,n/a,n/a,n/a,n/a,n/a,n/a,5.43E+00,
78784,78-78-4,ISOPENTANE,n/a,n/a,n/a,n/a,n/a,n/a,n/a,n/a,n/a,n/a,n/a,n/a,n/a,n/a,n/a,n/a,n/a,n/a,n/a,n/a,n/a,n/a,n/a,n/a,n/a,1.45E+00,
78795,78-79-5,ISOPRENE,n/a,8.49E-05,2.89E-05,2.02E+01,2.91E-06,1.02E-01,1.02E-01,Recommended,n/a,1.35E-07,n/a,1.46E-09,n/a,6.84E-08,n/a,1.13E-09,n/a,1.71E-09,n/a,4.26E-09,n/a,Recommended,n/a,n/a,n/a,1.06E+01,
78831,78-83-1,ISOBUTYL ALCOHOL,n/a,2.02E-01,1.99E-01,8.54E+00,3.35E-03,1.84E+00,1.84E+00,Recommended,n/a,n/a,2.14E-08,n/a,2.45E-09,n/a,2.04E-08,n/a,4.89E-11,n/a,4.99E-09,n/a,8.51E-09,n/a,Recommended,n/a,n/a,2.51E+00,
78842,78-84-2,ISOBUTYRALDEHYDE,n/a,8.66E-02,9.08E-02,5.20E+01,7.16E-03,7.79E+00,7.79E+00,Recommended,n/a,n/a,n/a,n/a,n/a,n/a,n/a,n/a,n/a,n/a,n/a,n/a,n/a,n/a,n/a,n/a,n/a,5.25E+00,
78853,78-85-3,METHACROLEIN,n/a,n/a,n/a,n/a,n/a,n/a,n/a,n/a,n/a,n/a,n/a,n/a,n/a,n/a,n/a,n/a,n/a,n/a,n/a,n/a,n/a,n/a,n/a,n/a,n/a,6.01E+00,
78875,78-87-5,"1,2-DICHLOROPROPANE",n/a,1.58E-01,1.58E-01,4.57E+01,2.98E-02,2.24E+00,2.24E+00,Recommended,n/a,2.82E-07,3.92E-05,1.02E-07,1.43E-05,1.67E-07,2.32E-05,1.98E-08,2.75E-06,8.77E-08,1.22E-05,1.02E-07,1.42E-05,Recommended,Interim,n/a,n/a,2.93E-01,
78886,78-88-6,"2,3-DICHLOROPROPENE",n/a,1.02E-02,1.00E-02,4.07E+01,1.88E-03,1.44E+00,1.44E+00,Interim,n/a,n/a,n/a,n/a,n/a,n/a,n/a,n/a,n/a,n/a,n/a,n/a,n/a,n/a,n/a,n/a,n/a,n/a,
78900,78-90-0,"1,2-DIAMINOPROPANE",n/a,1.46E-01,8.60E-02,1.54E+01,1.82E-04,2.22E+00,2.22E+00,Interim,n/a,n/a,n/a,n/a,n/a,n/a,n/a,n/a,n/a,n/a,n/a,n/a,n/a,n/a,n/a,n/a,n/a,n/a,
78922,78-92-2,SEC-BUTYL ALCOHOL,n/a,1.33E-01,1.30E-01,7.11E+00,2.06E-03,1.52E+00,1.52E+00,Recommended,n/a,n/a,n/a,n/a,n/a,n/a,n/a,n/a,n/a,n/a,n/a,n/a,n/a,n/a,n/a,n/a,n/a,1.36E+00,
78933,78-93-3,METHYL ETHYL KETONE,n/a,5.77E-02,5.77E-02,1.57E+00,3.13E-03,2.82E-01,2.82E-01,Interim,n/a,n/a,1.27E-09,n/a,5.38E-10,n/a,7.57E-09,n/a,3.32E-11,n/a,1.47E-09,n/a,3.29E-09,n/a,Recommended,n/a,n/a,1.48E+00,
78944,78-94-4,METHYLVINYLKETONE,n/a,2.90E+02,2.97E+02,5.19E+04,1.48E+01,8.89E+03,8.89E+03,Interim,n/a,n/a,n/a,n/a,n/a,n/a,n/a,n/a,n/a,n/a,n/a,n/a,n/a,n/a,n/a,n/a,n/a,9.65E+00,
78955,78-95-5,CHLOROACETONE,n/a,n/a,n/a,n/a,n/a,n/a,n/a,n/a,n/a,n/a,n/a,n/a,n/a,n/a,n/a,n/a,n/a,n/a,n/a,n/a,n/a,n/a,n/a,n/a,n/a,9.41E+00,
78966,78-96-6,1-AMINO-2-PROPANOL,n/a,3.60E+00,3.29E+00,6.30E+01,3.18E-04,1.90E+01,1.90E+01,Interim,n/a,n/a,n/a,n/a,n/a,n/a,n/a,n/a,n/a,n/a,n/a,n/a,n/a,n/a,n/a,n/a,n/a,5.42E+00,
78977,78-97-7,2-HYDROXYPROPANENITRILE,n/a,4.63E+03,4.57E+03,1.89E+04,2.31E-01,6.07E+03,6.07E+03,Interim,n/a,n/a,n/a,n/a,n/a,n/a,n/a,n/a,n/a,n/a,n/a,n/a,n/a,n/a,n/a,n/a,n/a,n/a,
78988,78-98-8,METHYL GLYOXAL,n/a,n/a,n/a,n/a,n/a,n/a,n/a,n/a,n/a,n/a,n/a,n/a,n/a,n/a,n/a,n/a,n/a,n/a,n/a,n/a,n/a,n/a,n/a,n/a,n/a,1.66E+01,
78999,78-99-9,"1,1-DICHLOROPROPANE",n/a,1.24E-01,1.23E-01,7.33E+01,2.33E-02,2.80E+00,2.80E+00,Recommended,n/a,n/a,n/a,n/a,n/a,n/a,n/a,n/a,n/a,n/a,n/a,n/a,n/a,n/a,n/a,n/a,n/a,n/a,
79005,79-00-5,"1,1,2-TRICHLOROETHANE",n/a,5.76E-01,5.75E-01,4.35E+01,1.01E-01,2.87E+00,2.87E+00,Recommended,n/a,1.52E-06,4.73E-06,6.16E-07,1.92E-06,9.45E-07,2.95E-06,1.09E-07,3.41E-07,4.48E-07,1.40E-06,5.28E-07,1.65E-06,Recommended,Recommended,n/a,n/a,8.56E-02,
79016,79-01-6,TRICHLOROETHYLENE,n/a,2.51E-02,2.46E-02,8.31E+01,4.51E-03,1.70E+00,1.70E+00,Recommended,n/a,5.06E-08,n/a,9.36E-09,n/a,4.17E-08,n/a,2.35E-09,n/a,8.79E-09,n/a,1.28E-08,n/a,Recommended,n/a,n/a,n/a,6.39E-01,
79061,79-06-1,ACRYLAMIDE,n/a,1.49E+01,1.42E+01,1.19E+02,5.11E-05,3.24E+01,3.24E+01,Recommended,n/a,1.24E-05,5.15E-05,5.86E-06,2.44E-05,1.20E-05,4.97E-05,2.04E-09,8.50E-09,3.26E-06,1.35E-05,4.94E-06,2.05E-05,Recommended,Recommended,n/a,n/a,n/a,
79083,79-08-3,BROMOACETIC ACID,n/a,4.18E+02,4.07E+02,1.93E+03,2.64E-03,4.85E+02,4.85E+02,Interim,n/a,n/a,n/a,n/a,n/a,n/a,n/a,n/a,n/a,n/a,n/a,n/a,n/a,n/a,n/a,n/a,n/a,n/a,
79094,79-09-4,PROPIONIC ACID,n/a,1.07E+01,1.03E+01,7.07E+01,5.58E-03,1.66E+01,1.66E+01,Interim,n/a,n/a,n/a,n/a,n/a,n/a,n/a,n/a,n/a,n/a,n/a,n/a,n/a,n/a,n/a,n/a,n/a,1.22E+00,
79107,79-10-7,ACRYLIC ACID,n/a,1.45E+01,1.33E+01,1.98E+02,6.03E-03,4.42E+01,4.42E+01,Interim,n/a,n/a,9.71E-05,n/a,5.28E-06,n/a,1.47E-07,n/a,2.43E-09,n/a,8.20E-07,n/a,8.30E-07,n/a,Interim,n/a,n/a,1.14E+01,
79118,79-11-8,CHLOROACETIC ACID,n/a,7.59E+02,7.49E+02,2.93E+03,1.33E-02,9.29E+02,9.29E+02,Interim,n/a,n/a,n/a,n/a,n/a,n/a,n/a,n/a,n/a,n/a,n/a,n/a,n/a,n/a,n/a,n/a,n/a,n/a,
79141,79-14-1,GLYCOLIC ACID,n/a,n/a,n/a,n/a,n/a,n/a,n/a,n/a,n/a,n/a,n/a,n/a,n/a,n/a,n/a,n/a,n/a,n/a,n/a,n/a,n/a,n/a,n/a,n/a,n/a,2.38E+00,
79196,79-19-6,THIOSEMICARBAZIDE,n/a,2.98E+01,2.05E+01,1.18E+03,4.14E-03,2.22E+02,2.22E+02,Interim,n/a,n/a,n/a,n/a,n/a,n/a,n/a,n/a,n/a,n/a,n/a,n/a,n/a,n/a,n/a,n/a,n/a,n/a,
79209,79-20-9,METHYL ACETATE,n/a,5.77E-01,5.76E-01,1.53E+01,4.03E-02,2.64E+00,2.64E+00,Recommended,n/a,n/a,n/a,n/a,n/a,n/a,n/a,n/a,n/a,n/a,n/a,n/a,n/a,n/a,n/a,n/a,n/a,7.20E-02,
79210,79-21-0,PERACETIC ACID,n/a,6.55E+01,6.28E+01,1.12E+03,2.65E-01,2.80E+02,2.80E+02,Recommended,n/a,n/a,n/a,n/a,n/a,n/a,n/a,n/a,n/a,n/a,n/a,n/a,n/a,n/a,n/a,n/a,n/a,5.41E-01,
79243,79-24-3,NITROETHANE,n/a,n/a,n/a,n/a,n/a,n/a,n/a,n/a,n/a,n/a,n/a,n/a,n/a,n/a,n/a,n/a,n/a,n/a,n/a,n/a,n/a,n/a,n/a,n/a,n/a,6.33E-02,
79298,79-29-8,"2,3-DIMETHYL BUTANE",n/a,n/a,n/a,n/a,n/a,n/a,n/a,n/a,n/a,n/a,n/a,n/a,n/a,n/a,n/a,n/a,n/a,n/a,n/a,n/a,n/a,n/a,n/a,n/a,n/a,9.69E-01,
79312,79-31-2,ISOBUTYRIC ACID,n/a,4.07E+00,3.87E+00,3.96E+01,3.90E-03,8.44E+00,8.44E+00,Interim,n/a,n/a,n/a,n/a,n/a,n/a,n/a,n/a,n/a,n/a,n/a,n/a,n/a,n/a,n/a,n/a,n/a,1.20E+00,
79334,79-33-4,L-LACTIC ACID,n/a,4.21E+00,4.05E+00,2.90E+01,3.78E-04,7.25E+00,7.25E+00,Interim,n/a,n/a,n/a,n/a,n/a,n/a,n/a,n/a,n/a,n/a,n/a,n/a,n/a,n/a,n/a,n/a,n/a,n/a,
79345,79-34-5,"1,1,2,2-TETRACHLOROETHANE",n/a,6.31E+00,6.30E+00,3.24E+02,1.38E+00,3.41E+01,3.41E+01,Recommended,n/a,2.04E-06,n/a,7.50E-07,n/a,1.40E-06,n/a,1.75E-07,n/a,5.48E-07,n/a,8.75E-07,n/a,Recommended,n/a,n/a,n/a,n/a,
79414,79-41-4,METHACRYLIC ACID,n/a,1.15E+01,9.88E+00,2.55E+02,4.44E-03,5.39E+01,5.39E+01,Interim,n/a,n/a,n/a,n/a,n/a,n/a,n/a,n/a,n/a,n/a,n/a,n/a,n/a,n/a,n/a,n/a,n/a,1.85E+01,
79436,79-43-6,DICHLOROACETIC ACID,n/a,1.33E+01,1.31E+01,5.24E+01,1.90E-04,1.61E+01,1.61E+01,Interim,n/a,9.75E-07,1.66E-06,6.01E-07,1.02E-06,6.85E-07,1.17E-06,4.09E-10,6.96E-10,2.15E-07,3.66E-07,4.04E-07,6.88E-07,Interim,Interim,n/a,n/a,n/a,
79447,79-44-7,DIMETHYLCARBAMYL CHLORIDE,n/a,n/a,n/a,n/a,n/a,n/a,n/a,n/a,n/a,2.13E-05,n/a,3.47E-06,n/a,3.01E-05,n/a,9.09E-09,n/a,8.47E-06,n/a,1.23E-05,n/a,Interim,n/a,n/a,n/a,n/a,
79469,79-46-9,2-NITROPROPANE,n/a,4.14E-01,4.13E-01,1.12E+01,2.79E-02,1.10E+00,1.10E+00,Recommended,n/a,n/a,1.48E-06,n/a,4.62E-07,n/a,8.16E-07,n/a,3.34E-08,n/a,2.69E-07,n/a,3.44E-07,n/a,Recommended,n/a,n/a,1.10E-01,
79572,79-57-2,OXYTETRACYLCINE,n/a,2.67E+03,2.58E+03,1.36E+04,1.82E-18,3.00E+03,3.00E+03,Interim,n/a,n/a,n/a,n/a,n/a,n/a,n/a,n/a,n/a,n/a,n/a,n/a,n/a,n/a,n/a,n/a,n/a,n/a,
79776,79-77-6,"3-BUTEN-2-ONE, 4-(2,6,6-TRIMETHYL-1-CYCLOHEXEN-1-YL)-, (E)-",n/a,4.14E-01,3.59E-01,1.38E+03,3.81E-02,3.06E+01,3.06E+01,Recommended,n/a,n/a,n/a,n/a,n/a,n/a,n/a,n/a,n/a,n/a,n/a,n/a,n/a,n/a,n/a,n/a,n/a,n/a,
79925,79-92-5,CAMPHENE,n/a,3.58E-03,8.48E-04,4.79E+02,1.53E-04,1.06E+00,1.06E+00,Recommended,n/a,n/a,n/a,n/a,n/a,n/a,n/a,n/a,n/a,n/a,n/a,n/a,n/a,n/a,n/a,n/a,n/a,4.51E+00,
79947,79-94-7,"2,2-BIS(4-HYDROXY-3,5-DIBROMOPHENYL)PROPANE",n/a,9.40E+02,5.88E+02,2.38E+04,5.13E-02,1.86E+01,1.86E+01,Interim,n/a,n/a,n/a,n/a,n/a,n/a,n/a,n/a,n/a,n/a,n/a,n/a,n/a,n/a,n/a,n/a,n/a,n/a,
79958,79-95-8,"PHENOL, 4,4'-(1-METHYLETHYLIDENE)BIS 2,6-DICHLORO-",n/a,1.69E+02,1.05E+02,4.29E+03,9.49E-03,2.52E+00,2.52E+00,Interim,n/a,n/a,n/a,n/a,n/a,n/a,n/a,n/a,n/a,n/a,n/a,n/a,n/a,n/a,n/a,n/a,n/a,n/a,
80002,80-00-2,SULPHENONE,n/a,5.14E+02,3.71E+02,9.84E+03,9.07E-02,1.09E+02,1.09E+02,Interim,n/a,n/a,n/a,n/a,n/a,n/a,n/a,n/a,n/a,n/a,n/a,n/a,n/a,n/a,n/a,n/a,n/a,n/a,
80057,80-05-7,"4,4'-ISOPROPYLIDENEDIPHENOL",n/a,9.37E+01,2.43E+01,5.16E+03,4.51E-05,3.19E+00,3.19E+00,Recommended,n/a,n/a,2.53E-07,n/a,7.48E-08,n/a,6.99E-07,n/a,7.38E-09,n/a,4.32E-10,n/a,1.94E-09,n/a,Recommended,n/a,n/a,n/a,
80068,80-06-8,DIMITE,n/a,1.97E+03,1.34E+03,4.50E+04,3.52E-01,5.04E+02,5.04E+02,Interim,n/a,n/a,n/a,n/a,n/a,n/a,n/a,n/a,n/a,n/a,n/a,n/a,n/a,n/a,n/a,n/a,n/a,n/a,
80080,80-08-0,DI(P-AMINOPHENYL)SULFONE,n/a,n/a,n/a,n/a,n/a,n/a,n/a,n/a,n/a,1.62E-06,n/a,6.54E-07,n/a,4.19E-06,n/a,1.39E-09,n/a,2.74E-07,n/a,4.61E-07,n/a,Recommended,n/a,n/a,n/a,n/a,
80126,80-12-6,TETRAMETHYLENEDISULFOTETRAMINE,n/a,2.06E+04,1.85E+04,7.41E+05,7.51E-02,2.56E+05,2.56E+05,Interim,n/a,n/a,n/a,n/a,n/a,n/a,n/a,n/a,n/a,n/a,n/a,n/a,n/a,n/a,n/a,n/a,n/a,n/a,
80159,80-15-9,CUMENE HYDROPEROXIDE,n/a,1.13E+02,7.15E+01,3.09E+03,1.28E-02,3.10E+01,3.10E+01,Interim,n/a,n/a,n/a,n/a,n/a,n/a,n/a,n/a,n/a,n/a,n/a,n/a,n/a,n/a,n/a,n/a,n/a,n/a,
80331,80-33-1,CHLORFENSON,n/a,1.53E+03,9.21E+02,4.62E+04,1.06E+00,2.89E+02,2.89E+02,Interim,n/a,n/a,1.56E-05,n/a,1.12E-05,n/a,1.56E-04,n/a,4.10E-06,n/a,1.02E-06,n/a,1.94E-06,n/a,Recommended,n/a,n/a,n/a,
80386,80-38-6,4-CHLOROPHENYL BENZENESULFONATE,n/a,1.97E+02,1.22E+02,5.37E+03,1.25E-02,3.30E+01,3.30E+01,Interim,n/a,n/a,n/a,n/a,n/a,n/a,n/a,n/a,n/a,n/a,n/a,n/a,n/a,n/a,n/a,n/a,n/a,n/a,
80466,80-46-6,P-TERT-AMYLPHENOL,n/a,2.23E+02,9.86E+01,2.58E+04,8.98E-01,1.98E+02,1.98E+02,Interim,n/a,n/a,n/a,n/a,n/a,n/a,n/a,n/a,n/a,n/a,n/a,n/a,n/a,n/a,n/a,n/a,n/a,n/a,
80568,80-56-8,ALPHA-PINENE,n/a,4.99E-04,7.36E-05,1.25E+02,1.33E-05,1.65E-01,1.65E-01,Recommended,n/a,n/a,n/a,n/a,n/a,n/a,n/a,n/a,n/a,n/a,n/a,n/a,n/a,n/a,n/a,n/a,n/a,4.51E+00,
80626,80-62-6,METHYL METHACRYLATE,n/a,1.36E-02,1.41E-02,1.39E+01,1.13E-03,1.46E+00,1.46E+00,Recommended,n/a,n/a,1.87E-06,n/a,5.92E-08,n/a,5.41E-08,n/a,4.73E-09,n/a,3.95E-08,n/a,4.21E-08,n/a,Recommended,n/a,n/a,1.56E+01,
81072,81-07-2,SACCHARIN,n/a,1.75E+05,1.68E+05,1.18E+06,1.61E-03,2.80E+05,2.80E+05,Interim,n/a,n/a,n/a,n/a,n/a,n/a,n/a,n/a,n/a,n/a,n/a,n/a,n/a,n/a,n/a,n/a,n/a,n/a,
81152,81-15-2,"BENZENE, 1-(1,1-DIMETHYLETHYL)-3,5-DIMETHYL-2,4,",n/a,n/a,n/a,n/a,n/a,n/a,n/a,n/a,n/a,6.29E-06,n/a,5.18E-06,n/a,6.31E-05,n/a,3.51E-06,n/a,2.22E-07,n/a,3.06E-07,n/a,Recommended,n/a,n/a,n/a,n/a,
81492,81-49-2,"1-AMINO-2,4-DIBROMOANTHRAQUINONE",n/a,n/a,n/a,n/a,n/a,n/a,n/a,n/a,n/a,2.61E-06,n/a,2.07E-06,n/a,4.64E-06,n/a,6.97E-08,n/a,2.59E-08,n/a,5.61E-07,n/a,Recommended,n/a,n/a,n/a,n/a,
81549,81-54-9,PURPURIN,n/a,1.33E+02,7.62E+01,3.94E+03,7.54E-08,2.92E+00,2.92E+00,Interim,n/a,6.81E-08,n/a,3.00E-08,n/a,7.06E-08,n/a,2.86E-10,n/a,5.23E-11,n/a,4.56E-10,n/a,Interim,n/a,n/a,n/a,n/a,
81618,81-61-8,QUINALIZARIN,n/a,8.17E+01,5.09E+01,2.09E+03,4.39E-08,1.20E+00,1.20E+00,Interim,n/a,n/a,n/a,n/a,n/a,n/a,n/a,n/a,n/a,n/a,n/a,n/a,n/a,n/a,n/a,n/a,n/a,n/a,
81641,81-64-1,"1,4-DIHYDROXY-9,10-ANTHRACENEDIONE",n/a,1.68E+02,9.49E+01,5.44E+03,2.47E-02,1.31E+01,1.31E+01,Interim,n/a,n/a,n/a,n/a,n/a,n/a,n/a,n/a,n/a,n/a,n/a,n/a,n/a,n/a,n/a,n/a,n/a,n/a,
81776,81-77-6,"C,I, VAT BLUE 4",n/a,1.01E-01,6.25E-02,2.66E+00,5.73E-13,3.84E-04,3.84E-04,Interim,n/a,n/a,n/a,n/a,n/a,n/a,n/a,n/a,n/a,n/a,n/a,n/a,n/a,n/a,n/a,n/a,n/a,n/a,
81812,81-81-2,WARFARIN,n/a,1.28E+01,6.27E+00,5.39E+02,5.25E-05,2.28E+01,2.28E+01,Recommended,n/a,n/a,1.29E-04,n/a,4.81E-05,n/a,4.07E-04,n/a,1.46E-06,n/a,1.72E-05,n/a,4.07E-05,n/a,Recommended,n/a,n/a,n/a,
81823,81-82-3,COUMACHLOR,n/a,2.24E+00,1.46E+00,5.98E+01,9.39E-09,1.64E+00,1.64E+00,Interim,n/a,n/a,n/a,n/a,n/a,n/a,n/a,n/a,n/a,n/a,n/a,n/a,n/a,n/a,n/a,n/a,n/a,n/a,
81889,81-88-9,RHODAMINE B,n/a,8.40E-02,5.19E-02,2.21E+00,3.33E-20,3.20E-04,3.20E-04,Interim,n/a,n/a,n/a,n/a,n/a,n/a,n/a,n/a,n/a,n/a,n/a,n/a,n/a,n/a,n/a,n/a,n/a,n/a,
82280,82-28-0,1-AMINO-2-METHYLANTHRAQUINONE,n/a,n/a,n/a,n/a,n/a,n/a,n/a,n/a,n/a,5.87E-07,n/a,2.18E-07,n/a,1.99E-06,n/a,1.35E-08,n/a,1.01E-08,n/a,9.96E-08,n/a,Recommended,n/a,n/a,n/a,n/a,
82688,82-68-8,PENTACHLORONITROBENZENE,n/a,2.71E+03,2.66E+03,5.56E+04,5.67E+02,9.37E+02,9.37E+02,Recommended,n/a,7.48E-06,3.31E-05,6.80E-06,3.01E-05,1.03E-05,4.58E-05,2.07E-06,9.16E-06,1.28E-06,5.68E-06,1.88E-06,8.31E-06,Recommended,Recommended,n/a,n/a,n/a,
82713,82-71-3,"2,4,6-TRINITRORESORCINOL",n/a,1.76E+00,1.21E+00,3.66E+01,6.33E-10,2.42E-01,2.42E-01,Interim,n/a,n/a,n/a,n/a,n/a,n/a,n/a,n/a,n/a,n/a,n/a,n/a,n/a,n/a,n/a,n/a,n/a,n/a,
83329,83-32-9,ACENAPHTHENE,n/a,3.46E+00,2.60E+00,4.12E+03,3.65E-01,1.83E+01,1.83E+01,Recommended,n/a,n/a,5.39E-08,n/a,2.09E-09,n/a,2.58E-07,n/a,2.88E-08,n/a,1.45E-09,n/a,9.45E-09,n/a,Recommended,n/a,n/a,n/a,
83341,83-34-1,3-METHYLINDOLE,n/a,9.02E+00,1.73E+00,1.87E+03,5.52E-03,1.04E+01,1.04E+01,Interim,n/a,n/a,n/a,n/a,n/a,n/a,n/a,n/a,n/a,n/a,n/a,n/a,n/a,n/a,n/a,n/a,n/a,n/a,
83410,83-41-0,"1,2-DIMETHYL-3-NITROBENZENE",n/a,6.93E+00,6.88E+00,9.88E+02,1.15E+00,2.03E+01,2.03E+01,Recommended,n/a,n/a,n/a,n/a,n/a,n/a,n/a,n/a,n/a,n/a,n/a,n/a,n/a,n/a,n/a,n/a,n/a,n/a,
83421,83-42-1,"BENZENE, 1-CHLORO-2-METHYL-3-NITRO-",n/a,1.95E+01,1.94E+01,6.97E+02,2.56E+00,2.08E+01,2.08E+01,Recommended,n/a,n/a,n/a,n/a,n/a,n/a,n/a,n/a,n/a,n/a,n/a,n/a,n/a,n/a,n/a,n/a,n/a,n/a,
83590,83-59-0,PROPYL ISOME,n/a,1.34E+04,3.37E+03,1.37E+06,8.26E+00,1.66E+04,1.66E+04,Interim,n/a,n/a,n/a,n/a,n/a,n/a,n/a,n/a,n/a,n/a,n/a,n/a,n/a,n/a,n/a,n/a,n/a,n/a,
83669,83-66-9,"BENZENE, 1-(1,1-DIMETHYLETHYL)-2-METHOXY-4-METHY",n/a,2.59E+03,2.22E+03,6.43E+04,2.20E+01,8.32E+02,8.32E+02,Interim,n/a,n/a,n/a,n/a,n/a,n/a,n/a,n/a,n/a,n/a,n/a,n/a,n/a,n/a,n/a,n/a,n/a,n/a,
83794,83-79-4,ROTENONE,n/a,1.26E+03,1.62E+02,7.15E+04,1.03E-03,1.89E+01,1.89E+01,Recommended,n/a,n/a,4.28E-06,n/a,8.94E-07,n/a,7.26E-06,n/a,1.82E-07,n/a,1.92E-09,n/a,4.52E-08,n/a,Recommended,n/a,n/a,n/a,
83896,83-89-6,QUINACRINE,n/a,6.40E-01,1.19E-01,3.81E+01,1.57E-06,1.89E-02,1.89E-02,Interim,n/a,n/a,n/a,n/a,n/a,n/a,n/a,n/a,n/a,n/a,n/a,n/a,n/a,n/a,n/a,n/a,n/a,n/a,
84117,84-11-7,"9,10-PHENANTHRENEDIONE",n/a,1.14E+04,1.10E+04,7.44E+04,1.18E+00,1.94E+04,1.94E+04,Interim,n/a,n/a,n/a,n/a,n/a,n/a,n/a,n/a,n/a,n/a,n/a,n/a,n/a,n/a,n/a,n/a,n/a,n/a,
84628,84-62-8,DIPHENYL PHTHALATE,n/a,3.44E+03,2.52E+03,1.64E+05,1.98E+01,1.35E+02,1.35E+02,Interim,n/a,n/a,n/a,n/a,n/a,n/a,n/a,n/a,n/a,n/a,n/a,n/a,n/a,n/a,n/a,n/a,n/a,n/a,
84651,84-65-1,ANTHRAQUINONE,n/a,3.49E+02,2.37E+02,7.58E+03,1.91E-02,3.06E+01,3.06E+01,Recommended,n/a,n/a,n/a,n/a,n/a,n/a,n/a,n/a,n/a,n/a,n/a,n/a,n/a,n/a,n/a,n/a,n/a,n/a,
84662,84-66-2,DIETHYLPHTHALATE (DEP),n/a,2.45E+01,2.11E+01,4.23E+02,1.83E-02,3.51E+01,3.51E+01,Recommended,n/a,n/a,1.53E-08,n/a,7.64E-09,n/a,1.36E-08,n/a,2.13E-11,n/a,1.71E-09,n/a,3.74E-09,n/a,Recommended,n/a,n/a,1.62E+00,
84695,84-69-5,DI-ISOBUTYLPHTHALATE,n/a,9.09E+00,8.56E+00,2.35E+03,4.52E-01,1.28E+01,1.28E+01,Recommended,n/a,n/a,n/a,n/a,n/a,n/a,n/a,n/a,n/a,n/a,n/a,n/a,n/a,n/a,n/a,n/a,n/a,n/a,
84742,84-74-2,DIBUTYLPHTHALATE (DBP),n/a,1.20E+02,7.59E+01,6.32E+03,1.05E-01,2.19E+01,2.19E+01,Recommended,n/a,n/a,7.96E-08,n/a,3.38E-08,n/a,1.14E-07,n/a,1.52E-09,n/a,9.19E-10,n/a,1.41E-08,n/a,Recommended,n/a,n/a,1.25E+00,
84753,84-75-3,DIHEXYL PHTHALATE,n/a,7.81E+01,3.77E+01,7.56E+03,3.20E-01,1.09E+00,1.09E+00,Recommended,n/a,n/a,n/a,n/a,n/a,n/a,n/a,n/a,n/a,n/a,n/a,n/a,n/a,n/a,n/a,n/a,n/a,n/a,
85007,85-00-7,DIQUAT DIBROMIDE,n/a,5.34E+03,3.23E+03,1.72E+05,4.33E-08,6.27E+03,6.27E+03,Interim,n/a,n/a,2.35E-05,n/a,1.18E-05,n/a,4.88E-05,n/a,5.65E-08,n/a,1.78E-06,n/a,2.16E-06,n/a,Interim,n/a,n/a,n/a,
85018,85-01-8,PHENANTHRENE,n/a,1.33E+02,9.71E+01,1.65E+04,1.12E+01,3.14E+01,3.14E+01,Recommended,n/a,n/a,n/a,n/a,n/a,n/a,n/a,n/a,n/a,n/a,n/a,n/a,n/a,n/a,n/a,n/a,n/a,n/a,
85029,85-02-9,BENZO(F)QUINOLINE,n/a,2.55E+02,1.43E+02,8.38E+03,3.74E-02,1.85E+00,1.85E+00,Interim,n/a,n/a,n/a,n/a,n/a,n/a,n/a,n/a,n/a,n/a,n/a,n/a,n/a,n/a,n/a,n/a,n/a,n/a,
85347,85-34-7,FENAC,n/a,3.88E+02,3.68E+02,2.45E+03,2.14E-02,4.42E+02,4.42E+02,Interim,n/a,n/a,n/a,n/a,n/a,n/a,n/a,n/a,n/a,n/a,n/a,n/a,n/a,n/a,n/a,n/a,n/a,n/a,
85416,85-41-6,PHTHALIMIDE,n/a,1.23E+02,1.18E+02,8.44E+02,1.11E-06,2.00E+02,2.00E+02,Interim,n/a,n/a,n/a,n/a,n/a,n/a,n/a,n/a,n/a,n/a,n/a,n/a,n/a,n/a,n/a,n/a,n/a,n/a,
85427,85-42-7,"1,3-ISOBENZOFURANDIONE, HEXAHYDRO-",n/a,1.20E+00,1.17E+00,6.27E+01,1.70E-02,1.11E+01,1.11E+01,Recommended,n/a,n/a,n/a,n/a,n/a,n/a,n/a,n/a,n/a,n/a,n/a,n/a,n/a,n/a,n/a,n/a,n/a,n/a,
85438,85-43-8,"1,3-ISOBENZOFURANDIONE, 3A,4,7,7A-TETRAHYDRO-",n/a,3.85E-01,3.31E-01,1.10E+02,3.47E-03,1.95E+01,1.95E+01,Recommended,n/a,n/a,n/a,n/a,n/a,n/a,n/a,n/a,n/a,n/a,n/a,n/a,n/a,n/a,n/a,n/a,n/a,n/a,
85449,85-44-9,PHTHALIC ANHYDRIDE,n/a,6.68E+01,6.48E+01,3.24E+02,1.74E-03,7.68E+01,7.68E+01,Interim,n/a,n/a,3.19E-08,n/a,1.92E-08,n/a,2.35E-08,n/a,2.13E-11,n/a,5.76E-09,n/a,1.23E-08,n/a,Recommended,n/a,n/a,2.58E+00,
85563,85-56-3,"BENZOIC ACID, 2-(4-CHLOROBENZOYL)-",n/a,2.43E+01,2.10E+01,2.72E+02,1.21E-05,2.10E+01,2.10E+01,Interim,n/a,n/a,n/a,n/a,n/a,n/a,n/a,n/a,n/a,n/a,n/a,n/a,n/a,n/a,n/a,n/a,n/a,n/a,
85687,85-68-7,BUTYL BENZYL PHTHALATE,n/a,1.10E+02,5.86E+01,5.66E+03,9.21E-02,9.10E+00,9.10E+00,Recommended,n/a,4.78E-08,6.93E-08,2.39E-08,3.47E-08,4.45E-08,6.45E-08,1.69E-10,2.45E-10,2.28E-10,3.31E-10,5.19E-09,7.53E-09,Recommended,Recommended,n/a,n/a,n/a,
85701,85-70-1,BUTYLGLYCOLYL BUTYL PHTHALATE,n/a,7.53E+00,4.60E+00,4.62E+02,1.11E-02,4.75E-01,4.75E-01,Interim,n/a,n/a,4.72E-09,n/a,1.88E-09,n/a,3.11E-09,n/a,1.14E-11,n/a,2.15E-11,n/a,1.47E-10,n/a,Recommended,n/a,n/a,n/a,
85847,85-84-7,"2-NAPHTHALENAMINE, 1-(PHENYLAZO)-",n/a,4.24E+02,1.10E+02,3.23E+04,3.56E-01,2.02E+01,2.02E+01,Interim,n/a,n/a,n/a,n/a,n/a,n/a,n/a,n/a,n/a,n/a,n/a,n/a,n/a,n/a,n/a,n/a,n/a,n/a,
86306,86-30-6,DIPHENYL NITROSAMINE,n/a,5.70E+01,2.42E+01,3.17E+03,4.36E-02,2.39E+01,2.39E+01,Interim,n/a,2.51E-07,n/a,1.08E-07,n/a,6.04E-07,n/a,2.67E-09,n/a,5.92E-09,n/a,1.64E-08,n/a,Recommended,n/a,n/a,n/a,n/a,
86408,86-40-8,"3,6-DIAMINO-10-METHYL-ACRIDINIUM CHLORIDE",n/a,2.01E+01,3.18E+00,1.15E+03,1.59E-10,3.19E-01,3.19E-01,Interim,n/a,n/a,n/a,n/a,n/a,n/a,n/a,n/a,n/a,n/a,n/a,n/a,n/a,n/a,n/a,n/a,n/a,n/a,
86500,86-50-0,METHYL AZINPHOS,n/a,1.08E+04,4.66E+03,5.39E+05,3.34E-01,4.49E+04,4.49E+04,Recommended,n/a,n/a,5.34E-06,n/a,1.36E-06,n/a,3.23E-05,n/a,2.56E-07,n/a,2.70E-06,n/a,5.69E-06,n/a,Recommended,n/a,n/a,n/a,
86533,86-53-3,1-NAPHTHALENECARBONITRILE,n/a,7.51E+01,5.98E+01,2.33E+03,1.59E-01,1.88E+01,1.88E+01,Interim,n/a,n/a,n/a,n/a,n/a,n/a,n/a,n/a,n/a,n/a,n/a,n/a,n/a,n/a,n/a,n/a,n/a,n/a,
86577,86-57-7,1-NITRONAPHTHALENE,n/a,9.11E+01,6.84E+01,3.34E+03,4.24E-01,2.85E+01,2.85E+01,Interim,n/a,n/a,n/a,n/a,n/a,n/a,n/a,n/a,n/a,n/a,n/a,n/a,n/a,n/a,n/a,n/a,n/a,n/a,
86737,86-73-7,FLUORENE,n/a,1.33E+01,1.12E+01,2.83E+03,5.98E-01,5.07E+00,5.07E+00,Recommended,n/a,n/a,1.05E-07,n/a,2.19E-08,n/a,2.73E-07,n/a,1.44E-08,n/a,2.04E-09,n/a,8.09E-09,n/a,Recommended,n/a,n/a,n/a,
86748,86-74-8,CARBAZOLE,n/a,5.92E+01,2.10E+01,3.11E+03,3.86E-03,9.90E+00,9.90E+00,Recommended,n/a,3.46E-07,n/a,8.97E-08,n/a,1.18E-06,n/a,1.56E-08,n/a,3.87E-09,n/a,2.42E-08,n/a,Recommended,n/a,n/a,n/a,n/a,
86873,86-87-3,NAPHTHALENEACETIC ACID,n/a,3.10E+00,1.51E+00,1.28E+02,1.30E-05,2.98E+00,2.98E+00,Interim,n/a,n/a,n/a,n/a,n/a,n/a,n/a,n/a,n/a,n/a,n/a,n/a,n/a,n/a,n/a,n/a,n/a,n/a,
87172,87-17-2,SALICYLANILIDE,n/a,1.08E+03,5.27E+02,4.48E+04,2.32E-04,1.23E+03,1.23E+03,Interim,n/a,n/a,n/a,n/a,n/a,n/a,n/a,n/a,n/a,n/a,n/a,n/a,n/a,n/a,n/a,n/a,n/a,n/a,
87296,87-29-6,CINNAMYL ANTHRANILATE,n/a,n/a,n/a,n/a,n/a,n/a,n/a,n/a,n/a,1.89E-08,n/a,5.42E-09,n/a,1.02E-07,n/a,1.36E-09,n/a,5.85E-10,n/a,1.20E-08,n/a,Recommended,n/a,n/a,n/a,n/a,
87401,87-40-1,"2,4,6-TRICHLOROANISOLE",n/a,2.63E+02,2.61E+02,4.38E+04,5.61E+01,9.80E+02,9.80E+02,Interim,n/a,n/a,n/a,n/a,n/a,n/a,n/a,n/a,n/a,n/a,n/a,n/a,n/a,n/a,n/a,n/a,n/a,n/a,
87514,87-51-4,INDOLE-3-ACETIC ACID,n/a,1.77E+01,5.46E+00,9.18E+02,2.76E-06,3.68E+01,3.68E+01,Interim,n/a,n/a,n/a,n/a,n/a,n/a,n/a,n/a,n/a,n/a,n/a,n/a,n/a,n/a,n/a,n/a,n/a,n/a,
87569,87-56-9,MUCOCHLORIC ACID,n/a,3.85E+01,3.69E+01,3.69E+02,1.30E-03,1.17E+02,1.17E+02,Interim,n/a,n/a,n/a,n/a,n/a,n/a,n/a,n/a,n/a,n/a,n/a,n/a,n/a,n/a,n/a,n/a,n/a,n/a,
87592,87-59-2,"2,3-DIMETHYLANILINE",n/a,1.06E+00,7.07E-01,8.46E+02,2.11E-02,5.87E+01,5.87E+01,Interim,n/a,n/a,n/a,n/a,n/a,n/a,n/a,n/a,n/a,n/a,n/a,n/a,n/a,n/a,n/a,n/a,n/a,n/a,
87616,87-61-6,"1,2,3-TRICHLOROBENZENE",n/a,5.96E+01,5.91E+01,7.45E+03,1.40E+01,8.82E+01,8.82E+01,Recommended,n/a,n/a,n/a,n/a,n/a,n/a,n/a,n/a,n/a,n/a,n/a,n/a,n/a,n/a,n/a,n/a,n/a,n/a,
87627,87-62-7,"2,6-XYLIDINE",n/a,9.87E-01,4.24E-01,3.03E+02,4.18E-03,2.21E+01,2.21E+01,Interim,n/a,n/a,n/a,n/a,n/a,n/a,n/a,n/a,n/a,n/a,n/a,n/a,n/a,n/a,n/a,n/a,n/a,n/a,
87649,87-64-9,2-METHYL-6-CHLOROPHENOL,n/a,9.63E-01,7.33E-01,5.26E+01,5.26E-03,1.81E+00,1.81E+00,Interim,n/a,n/a,n/a,n/a,n/a,n/a,n/a,n/a,n/a,n/a,n/a,n/a,n/a,n/a,n/a,n/a,n/a,n/a,
87650,87-65-0,"2,6-DICHLOROPHENOL",n/a,1.21E+02,1.09E+02,3.30E+03,1.03E+00,1.19E+02,1.19E+02,Interim,n/a,n/a,n/a,n/a,n/a,n/a,n/a,n/a,n/a,n/a,n/a,n/a,n/a,n/a,n/a,n/a,n/a,n/a,
87683,87-68-3,HEXACHLOROBUTADIENE,n/a,5.19E+01,5.18E+01,7.76E+03,2.34E+01,1.78E+02,1.78E+02,Recommended,n/a,2.10E-06,n/a,1.68E-06,n/a,1.50E-05,n/a,4.73E-06,n/a,1.62E-06,n/a,2.62E-06,n/a,Recommended,n/a,n/a,n/a,n/a,
87729,87-72-9,L-ARABINOSE,n/a,9.58E-03,6.98E-03,3.05E-01,6.52E-13,5.22E-02,5.22E-02,Interim,n/a,n/a,n/a,n/a,n/a,n/a,n/a,n/a,n/a,n/a,n/a,n/a,n/a,n/a,n/a,n/a,n/a,n/a,
87821,87-82-1,HEXABROMOBENZENE,n/a,2.35E+01,2.33E+01,5.91E+02,5.15E+00,2.00E+01,2.00E+01,Interim,n/a,n/a,1.37E-04,n/a,1.34E-04,n/a,1.43E-04,n/a,3.30E-05,n/a,3.37E-05,n/a,4.79E-05,n/a,Recommended,n/a,n/a,n/a,
87865,87-86-5,PENTACHLOROPHENOL,n/a,4.55E+03,3.41E+03,7.87E+04,9.15E-01,1.48E+03,1.48E+03,Interim,n/a,4.30E-06,9.38E-06,3.70E-06,8.07E-06,2.07E-05,4.50E-05,6.28E-07,1.37E-06,3.94E-07,8.59E-07,1.99E-06,4.34E-06,Interim,Interim,n/a,n/a,n/a,
87912,87-91-2,"TARTARIC ACID, DIETHYL ESTER",n/a,1.77E+00,1.62E+00,1.77E+01,1.38E-06,3.03E+00,3.03E+00,Interim,n/a,n/a,n/a,n/a,n/a,n/a,n/a,n/a,n/a,n/a,n/a,n/a,n/a,n/a,n/a,n/a,n/a,n/a,
88040,88-04-0,"4-CHLORO-3,5-DIMETHYL PHENOL",n/a,1.56E+02,5.93E+01,2.00E+04,3.24E-01,4.44E+02,4.44E+02,Interim,n/a,n/a,n/a,n/a,n/a,n/a,n/a,n/a,n/a,n/a,n/a,n/a,n/a,n/a,n/a,n/a,n/a,n/a,
88062,88-06-2,"2,4,6-TRICHLOROPHENOL",n/a,1.11E+03,1.03E+03,1.99E+04,1.32E+01,6.01E+02,6.01E+02,Interim,n/a,4.67E-07,n/a,4.04E-07,n/a,5.14E-07,n/a,1.13E-08,n/a,4.99E-08,n/a,8.55E-08,n/a,Interim,n/a,n/a,n/a,n/a,
88095,88-09-5,2-ETHYLBUTYRIC ACID,n/a,1.26E-01,1.16E-01,2.82E+00,1.90E-04,4.44E-01,4.44E-01,Interim,n/a,n/a,n/a,n/a,n/a,n/a,n/a,n/a,n/a,n/a,n/a,n/a,n/a,n/a,n/a,n/a,n/a,n/a,
88120,88-12-0,N-VINYL-2-PYRROLIDINONE,n/a,1.16E+00,8.74E-01,4.41E+01,5.87E-04,8.22E+00,8.22E+00,Recommended,n/a,2.24E-06,n/a,2.49E-07,n/a,3.66E-06,n/a,8.70E-10,n/a,7.05E-07,n/a,1.08E-06,n/a,Recommended,n/a,n/a,n/a,n/a,
88186,88-18-6,O-T-BUTYLPHENOL,n/a,1.60E+01,1.36E+01,5.10E+03,8.57E-01,6.76E+01,6.76E+01,Interim,n/a,n/a,n/a,n/a,n/a,n/a,n/a,n/a,n/a,n/a,n/a,n/a,n/a,n/a,n/a,n/a,n/a,n/a,
88197,88-19-7,O-METHYLBENZENESULFONAMIDE,n/a,n/a,n/a,n/a,n/a,n/a,n/a,n/a,n/a,2.12E-08,n/a,1.50E-08,n/a,2.40E-08,n/a,1.33E-11,n/a,3.74E-09,n/a,5.81E-09,n/a,Recommended,n/a,n/a,n/a,n/a,
88302,88-30-2,3-TRIFLUOROMETHYL-4-NITROPHENOL,n/a,2.48E+02,1.85E+02,4.48E+03,7.62E-02,6.90E+01,6.90E+01,Interim,n/a,n/a,n/a,n/a,n/a,n/a,n/a,n/a,n/a,n/a,n/a,n/a,n/a,n/a,n/a,n/a,n/a,n/a,
88448,88-44-8,2-AMINO-5-METHYLBENZENESULFONIC ACID,n/a,8.39E+00,8.03E+00,9.74E+01,1.57E-08,3.38E+01,3.38E+01,Interim,n/a,n/a,n/a,n/a,n/a,n/a,n/a,n/a,n/a,n/a,n/a,n/a,n/a,n/a,n/a,n/a,n/a,n/a,
88686,88-68-6,"BENZAMIDE, 2-AMINO-",n/a,3.79E+00,3.36E+00,9.91E+01,3.20E-04,3.34E+01,3.34E+01,Interim,n/a,n/a,n/a,n/a,n/a,n/a,n/a,n/a,n/a,n/a,n/a,n/a,n/a,n/a,n/a,n/a,n/a,n/a,
88722,88-72-2,2-NITROTOLUENE,n/a,2.74E+01,2.70E+01,5.20E+02,1.04E+00,2.52E+01,2.52E+01,Recommended,n/a,8.99E-06,n/a,3.06E-06,n/a,1.17E-05,n/a,1.90E-07,n/a,9.55E-07,n/a,1.54E-06,n/a,Recommended,n/a,n/a,n/a,n/a,
88733,88-73-3,2-CHLORO-1-NITROBENZENE,n/a,6.34E+01,6.24E+01,9.81E+02,1.81E+00,4.91E+01,4.91E+01,Recommended,n/a,5.21E-07,n/a,2.07E-07,n/a,7.04E-07,n/a,9.16E-09,n/a,5.87E-08,n/a,8.79E-08,n/a,Recommended,n/a,n/a,n/a,n/a,
88744,88-74-4,2-NITROANILINE,n/a,5.64E+01,4.81E+01,8.87E+02,1.12E-02,1.10E+02,1.10E+02,Recommended,n/a,n/a,n/a,n/a,n/a,n/a,n/a,n/a,n/a,n/a,n/a,n/a,n/a,n/a,n/a,n/a,n/a,n/a,
88755,88-75-5,2-NITROPHENOL,n/a,2.87E+01,2.82E+01,6.03E+02,4.84E-01,1.65E+01,1.65E+01,Interim,n/a,n/a,n/a,n/a,n/a,n/a,n/a,n/a,n/a,n/a,n/a,n/a,n/a,n/a,n/a,n/a,n/a,n/a,
88857,88-85-7,DINOSEB,n/a,6.44E+03,4.53E+03,1.64E+05,6.70E+00,2.57E+03,2.57E+03,Interim,n/a,n/a,4.22E-05,n/a,3.13E-05,n/a,6.12E-05,n/a,5.77E-07,n/a,1.60E-06,n/a,4.65E-06,n/a,Interim,n/a,n/a,n/a,
88891,88-89-1,PICRIC ACID,n/a,2.14E+01,1.58E+01,3.80E+02,1.35E-06,5.28E+00,5.28E+00,Interim,n/a,n/a,n/a,n/a,n/a,n/a,n/a,n/a,n/a,n/a,n/a,n/a,n/a,n/a,n/a,n/a,n/a,n/a,
88993,88-99-3,O-PHTHALIC ACID,n/a,1.00E+02,9.68E+01,5.22E+02,3.07E-06,1.18E+02,1.18E+02,Interim,n/a,n/a,n/a,n/a,n/a,n/a,n/a,n/a,n/a,n/a,n/a,n/a,n/a,n/a,n/a,n/a,n/a,n/a,
89598,89-59-8,"BENZENE, 4-CHLORO-1-METHYL-2-NITRO-",n/a,3.83E+01,3.81E+01,1.20E+03,4.66E+00,3.75E+01,3.75E+01,Recommended,n/a,n/a,n/a,n/a,n/a,n/a,n/a,n/a,n/a,n/a,n/a,n/a,n/a,n/a,n/a,n/a,n/a,n/a,
89601,89-60-1,"BENZENE, 1-CHLORO-4-METHYL-2-NITRO-",n/a,3.30E+01,3.27E+01,7.74E+02,2.93E+00,2.58E+01,2.58E+01,Interim,n/a,n/a,n/a,n/a,n/a,n/a,n/a,n/a,n/a,n/a,n/a,n/a,n/a,n/a,n/a,n/a,n/a,n/a,
89612,89-61-2,"2,5-DICHLORONITROBENZENE",n/a,2.06E+02,2.03E+02,3.20E+03,1.01E+01,1.62E+02,1.62E+02,Recommended,n/a,n/a,n/a,n/a,n/a,n/a,n/a,n/a,n/a,n/a,n/a,n/a,n/a,n/a,n/a,n/a,n/a,n/a,
89623,89-62-3,2-NITRO-P-TOLUIDINE,n/a,3.72E+01,2.82E+01,9.36E+02,2.04E-02,8.02E+01,8.02E+01,Interim,n/a,n/a,n/a,n/a,n/a,n/a,n/a,n/a,n/a,n/a,n/a,n/a,n/a,n/a,n/a,n/a,n/a,n/a,
89634,89-63-4,4-CHLORO-2-NITROANILINE,n/a,9.02E+02,7.83E+02,1.12E+04,3.60E-01,9.82E+02,9.82E+02,Interim,n/a,n/a,n/a,n/a,n/a,n/a,n/a,n/a,n/a,n/a,n/a,n/a,n/a,n/a,n/a,n/a,n/a,n/a,
89689,89-68-9,CHLOROTHYMOL,n/a,6.38E+02,2.47E+02,4.38E+04,6.49E-01,3.58E+02,3.58E+02,Interim,n/a,n/a,n/a,n/a,n/a,n/a,n/a,n/a,n/a,n/a,n/a,n/a,n/a,n/a,n/a,n/a,n/a,n/a,
89725,89-72-5,O-SEC-BUTYLPHENOL,n/a,3.16E+01,2.18E+01,7.99E+03,4.59E-01,3.54E+01,3.54E+01,Interim,n/a,n/a,n/a,n/a,n/a,n/a,n/a,n/a,n/a,n/a,n/a,n/a,n/a,n/a,n/a,n/a,n/a,n/a,
89781,89-78-1,MENTHOL,n/a,n/a,n/a,n/a,n/a,n/a,n/a,n/a,n/a,n/a,n/a,n/a,n/a,n/a,n/a,n/a,n/a,n/a,n/a,n/a,n/a,n/a,n/a,n/a,n/a,1.43E+00,
89827,89-82-7,PULEGONE,n/a,9.22E-02,9.19E-02,2.26E+02,5.68E-03,7.75E+00,7.75E+00,Interim,n/a,n/a,n/a,n/a,n/a,n/a,n/a,n/a,n/a,n/a,n/a,n/a,n/a,n/a,n/a,n/a,n/a,n/a,
89838,89-83-8,THYMOL,n/a,2.96E+01,5.71E+00,2.66E+03,4.49E-03,1.43E+01,1.43E+01,Recommended,n/a,n/a,n/a,n/a,n/a,n/a,n/a,n/a,n/a,n/a,n/a,n/a,n/a,n/a,n/a,n/a,n/a,n/a,
89985,89-98-5,2-CHLOROBENZALDEHYDE,n/a,8.71E+00,8.87E+00,1.79E+03,8.34E-01,3.38E+02,3.38E+02,Interim,n/a,n/a,n/a,n/a,n/a,n/a,n/a,n/a,n/a,n/a,n/a,n/a,n/a,n/a,n/a,n/a,n/a,n/a,
90028,90-02-8,O-HYDROXYBENZALDEHYDE,n/a,1.61E+01,1.44E+01,2.07E+03,1.28E-01,3.32E+02,3.32E+02,Recommended,n/a,n/a,n/a,n/a,n/a,n/a,n/a,n/a,n/a,n/a,n/a,n/a,n/a,n/a,n/a,n/a,n/a,n/a,
90039,90-03-9,CHLOROMERCURIPHENOL,n/a,6.55E+02,3.45E+02,2.55E+04,1.28E-02,8.07E+02,8.07E+02,Interim,n/a,n/a,n/a,n/a,n/a,n/a,n/a,n/a,n/a,n/a,n/a,n/a,n/a,n/a,n/a,n/a,n/a,n/a,
90040,90-04-0,O-ANISIDINE,n/a,3.42E+01,1.90E+01,3.87E+03,7.09E-02,6.82E+02,6.82E+02,Interim,n/a,n/a,n/a,n/a,n/a,n/a,n/a,n/a,n/a,n/a,n/a,n/a,n/a,n/a,n/a,n/a,n/a,n/a,
90051,90-05-1,GUAIACOL,n/a,9.83E+00,6.99E+00,6.74E+02,1.44E-02,7.79E+01,7.79E+01,Interim,n/a,n/a,n/a,n/a,n/a,n/a,n/a,n/a,n/a,n/a,n/a,n/a,n/a,n/a,n/a,n/a,n/a,n/a,
90120,90-12-0,1-METHYLNAPTHALENE,n/a,4.93E-01,3.22E-01,1.09E+03,2.50E-02,3.13E+00,3.13E+00,Recommended,n/a,n/a,n/a,n/a,n/a,n/a,n/a,n/a,n/a,n/a,n/a,n/a,n/a,n/a,n/a,n/a,n/a,3.06E+00,
90131,90-13-1,1-CHLORONAPHTHALENE,n/a,6.05E+00,5.52E+00,4.19E+03,8.51E-01,2.67E+01,2.67E+01,Recommended,n/a,n/a,n/a,n/a,n/a,n/a,n/a,n/a,n/a,n/a,n/a,n/a,n/a,n/a,n/a,n/a,n/a,n/a,
90153,90-15-3,1-NAPHTHOL,n/a,5.21E+01,4.36E+00,3.82E+03,4.35E-04,2.39E+01,2.39E+01,Recommended,n/a,n/a,n/a,n/a,n/a,n/a,n/a,n/a,n/a,n/a,n/a,n/a,n/a,n/a,n/a,n/a,n/a,n/a,
90277,90-27-7,"BENZENEACETIC ACID, ,ALPHA,-ETHYL-",n/a,7.29E-01,5.70E-01,2.06E+01,6.09E-04,1.33E+00,1.33E+00,Interim,n/a,n/a,n/a,n/a,n/a,n/a,n/a,n/a,n/a,n/a,n/a,n/a,n/a,n/a,n/a,n/a,n/a,n/a,
90437,90-43-7,2-PHENYLPHENOL,n/a,1.27E+02,5.06E+01,8.57E+03,8.18E-02,1.06E+01,1.06E+01,Recommended,n/a,1.42E-07,9.34E-08,3.65E-08,2.41E-08,3.00E-07,1.98E-07,3.12E-09,2.06E-09,5.29E-10,3.49E-10,1.62E-09,1.07E-09,Recommended,Recommended,n/a,n/a,n/a,
90459,90-45-9,9-AMINOACRIDINE,n/a,4.46E+01,7.36E+00,2.56E+03,5.63E-05,2.09E+00,2.09E+00,Interim,n/a,n/a,n/a,n/a,n/a,n/a,n/a,n/a,n/a,n/a,n/a,n/a,n/a,n/a,n/a,n/a,n/a,n/a,
90471,90-47-1,9H-XANTHEN-9-ONE,n/a,6.48E+03,3.93E+03,1.99E+05,2.81E+00,1.95E+03,1.95E+03,Interim,n/a,n/a,n/a,n/a,n/a,n/a,n/a,n/a,n/a,n/a,n/a,n/a,n/a,n/a,n/a,n/a,n/a,n/a,
90595,90-59-5,"3,5-DIBROMSALICYLALDEHYD",n/a,1.74E+03,1.46E+03,4.39E+04,2.20E+00,8.91E+03,8.91E+03,Interim,n/a,n/a,n/a,n/a,n/a,n/a,n/a,n/a,n/a,n/a,n/a,n/a,n/a,n/a,n/a,n/a,n/a,n/a,
90948,90-94-8,MICHLER'S KETONE,n/a,n/a,n/a,n/a,n/a,n/a,n/a,n/a,n/a,4.19E-06,n/a,1.53E-06,n/a,2.81E-05,n/a,1.43E-07,n/a,2.24E-06,n/a,1.31E-05,n/a,Recommended,n/a,n/a,n/a,n/a,
91156,91-15-6,"1,2-DICYANOBENZENE",n/a,1.19E+01,1.08E+01,1.12E+02,6.44E-03,1.02E+01,1.02E+01,Recommended,n/a,n/a,n/a,n/a,n/a,n/a,n/a,n/a,n/a,n/a,n/a,n/a,n/a,n/a,n/a,n/a,n/a,n/a,
91178,91-17-8,DECAHYDRONAPHTHALENE,n/a,1.84E-02,1.57E-03,1.68E+03,1.34E-04,4.85E-01,4.85E-01,Interim,n/a,n/a,n/a,n/a,n/a,n/a,n/a,n/a,n/a,n/a,n/a,n/a,n/a,n/a,n/a,n/a,n/a,n/a,
91203,91-20-3,NAPHTHALENE,n/a,1.66E+00,1.57E+00,1.87E+03,2.61E-01,2.58E+01,2.58E+01,Recommended,n/a,1.22E-06,1.68E-06,5.15E-08,6.40E-08,1.04E-06,3.02E-07,7.08E-08,2.60E-08,3.22E-08,2.67E-08,2.09E-07,7.06E-08,Interim,Recommended,n/a,n/a,3.34E+00,
91225,91-22-5,QUINOLINE,n/a,6.03E+00,3.98E+00,3.10E+02,1.11E-02,1.99E+00,1.99E+00,Recommended,n/a,2.86E-05,n/a,4.63E-06,n/a,3.80E-05,n/a,4.21E-08,n/a,3.51E-07,n/a,6.43E-07,n/a,Recommended,n/a,n/a,n/a,n/a,
91236,91-23-6,2-NITROANISOLE,n/a,3.41E+01,2.98E+01,4.82E+02,4.82E-02,4.76E+01,4.76E+01,Recommended,n/a,3.07E-06,n/a,1.37E-06,n/a,5.97E-06,n/a,8.43E-09,n/a,6.73E-07,n/a,9.47E-07,n/a,Recommended,n/a,n/a,n/a,n/a,
91532,91-53-2,ETHOXYQUIN,n/a,3.59E+01,9.38E+00,7.28E+03,6.61E-02,1.05E+02,1.05E+02,Recommended,n/a,n/a,3.80E-07,n/a,7.65E-08,n/a,6.07E-06,n/a,1.41E-07,n/a,9.15E-08,n/a,2.66E-07,n/a,Recommended,n/a,n/a,n/a,
91576,91-57-6,2-METHYLNAPHTHALENE,n/a,1.38E+00,7.95E-01,2.67E+03,6.16E-02,4.71E+00,4.71E+00,Recommended,n/a,n/a,3.51E-07,n/a,8.56E-09,n/a,2.71E-07,n/a,9.14E-09,n/a,1.78E-09,n/a,2.02E-08,n/a,Recommended,n/a,n/a,3.06E+00,
91598,91-59-8,BETA-NAPHTHYLAMINE,n/a,n/a,n/a,n/a,n/a,n/a,n/a,n/a,n/a,8.44E-07,n/a,1.24E-07,n/a,4.64E-06,n/a,1.62E-08,n/a,3.73E-08,n/a,7.20E-08,n/a,Recommended,n/a,n/a,n/a,n/a,
91634,91-63-4,2-METHYLQUINOLINE,n/a,9.00E+00,4.65E+00,9.35E+02,2.60E-02,3.06E+00,3.06E+00,Interim,n/a,n/a,n/a,n/a,n/a,n/a,n/a,n/a,n/a,n/a,n/a,n/a,n/a,n/a,n/a,n/a,n/a,n/a,
91645,91-64-5,COUMARIN,n/a,3.78E+01,2.78E+01,8.98E+02,4.57E-03,4.79E+01,4.79E+01,Interim,n/a,9.21E-07,n/a,2.77E-07,n/a,1.16E-06,n/a,6.89E-10,n/a,6.60E-08,n/a,1.23E-07,n/a,Recommended,n/a,n/a,n/a,n/a,
91656,91-65-6,"CYCLOHEXANAMINE, N,N-DIETHYL-",n/a,2.20E-01,2.35E-01,4.52E+02,2.76E-02,3.25E+01,3.25E+01,Interim,n/a,n/a,n/a,n/a,n/a,n/a,n/a,n/a,n/a,n/a,n/a,n/a,n/a,n/a,n/a,n/a,n/a,n/a,
91667,91-66-7,"N,N-DIETHYLANILINE",n/a,1.40E-01,1.42E-01,6.33E+02,2.03E-02,2.39E+01,2.39E+01,Recommended,n/a,n/a,n/a,n/a,n/a,n/a,n/a,n/a,n/a,n/a,n/a,n/a,n/a,n/a,n/a,n/a,n/a,n/a,
91689,91-68-9,"PHENOL, 3-(DIETHYLAMINO)-",n/a,4.95E+01,9.86E+00,4.56E+03,9.56E-03,2.12E+02,2.12E+02,Recommended,n/a,n/a,n/a,n/a,n/a,n/a,n/a,n/a,n/a,n/a,n/a,n/a,n/a,n/a,n/a,n/a,n/a,n/a,
91883,91-88-3,"ETHANOL, 2- ETHYL(3-METHYLPHENYL)AMINO -",n/a,1.65E+01,1.05E+01,7.39E+02,1.24E-03,1.64E+02,1.64E+02,Interim,n/a,n/a,n/a,n/a,n/a,n/a,n/a,n/a,n/a,n/a,n/a,n/a,n/a,n/a,n/a,n/a,n/a,n/a,
91930,91-93-0,DIANISIDINE DIISOCYANATE,n/a,n/a,n/a,n/a,n/a,n/a,n/a,n/a,n/a,2.10E-08,n/a,6.15E-09,n/a,4.48E-07,n/a,2.19E-08,n/a,1.82E-10,n/a,1.13E-09,n/a,Recommended,n/a,n/a,n/a,n/a,
91941,91-94-1,"3,3'-DICHLOROBENZIDINE",n/a,2.50E+02,7.44E+01,1.62E+04,1.58E-01,2.54E+01,2.54E+01,Recommended,n/a,8.67E-06,n/a,3.95E-06,n/a,4.02E-05,n/a,8.59E-07,n/a,7.24E-08,n/a,1.98E-07,n/a,Recommended,n/a,n/a,n/a,n/a,
92513,92-51-3,DICYCLOHEXYL,n/a,2.55E+00,3.58E-01,1.16E+05,2.79E-02,5.46E+01,5.46E+01,Interim,n/a,n/a,n/a,n/a,n/a,n/a,n/a,n/a,n/a,n/a,n/a,n/a,n/a,n/a,n/a,n/a,n/a,n/a,
92524,92-52-4,BIPHENYL,n/a,6.88E+00,6.43E+00,2.20E+03,4.61E-01,8.88E+00,8.88E+00,Recommended,n/a,n/a,1.41E-07,n/a,2.15E-08,n/a,2.70E-07,n/a,1.67E-08,n/a,4.55E-09,n/a,1.90E-08,n/a,Recommended,n/a,n/a,n/a,
92671,92-67-1,4-AMINOBIPHENYL,n/a,n/a,n/a,n/a,n/a,n/a,n/a,n/a,n/a,2.14E-05,n/a,3.39E-06,n/a,1.06E-04,n/a,1.03E-06,n/a,9.10E-07,n/a,1.94E-06,n/a,Recommended,n/a,n/a,n/a,n/a,
92693,92-69-3,P-PHENYLPHENOL,n/a,7.53E+01,3.17E+01,3.42E+03,3.44E-03,4.26E+00,4.26E+00,Interim,n/a,n/a,n/a,n/a,n/a,n/a,n/a,n/a,n/a,n/a,n/a,n/a,n/a,n/a,n/a,n/a,n/a,n/a,
92820,92-82-0,PHENAZINE,n/a,3.21E+01,1.95E+01,9.33E+02,2.86E-03,3.20E+00,3.20E+00,Interim,n/a,n/a,n/a,n/a,n/a,n/a,n/a,n/a,n/a,n/a,n/a,n/a,n/a,n/a,n/a,n/a,n/a,n/a,
92831,92-83-1,9H-XANTHENE,n/a,3.39E+00,2.52E+00,4.49E+02,2.12E-01,7.18E-01,7.18E-01,Interim,n/a,n/a,n/a,n/a,n/a,n/a,n/a,n/a,n/a,n/a,n/a,n/a,n/a,n/a,n/a,n/a,n/a,n/a,
92875,92-87-5,BENZIDINE,n/a,1.88E+02,4.03E+01,1.05E+04,9.79E-05,7.26E+01,7.26E+01,Interim,n/a,2.37E-03,6.29E-06,5.08E-04,1.35E-06,9.96E-03,2.64E-05,6.40E-06,1.70E-08,6.87E-05,1.82E-07,1.25E-04,3.33E-07,Recommended,Recommended,n/a,n/a,n/a,
92886,92-88-6,"4,4'-BIPHENOL",n/a,3.95E+01,1.81E+01,1.59E+03,9.78E-08,1.55E+00,1.55E+00,Interim,n/a,n/a,n/a,n/a,n/a,n/a,n/a,n/a,n/a,n/a,n/a,n/a,n/a,n/a,n/a,n/a,n/a,n/a,
93049,93-04-9,"NAPHTHALENE, 2-METHOXY-",n/a,6.75E+00,2.41E+00,3.32E+03,2.51E-02,2.49E+01,2.49E+01,Interim,n/a,n/a,n/a,n/a,n/a,n/a,n/a,n/a,n/a,n/a,n/a,n/a,n/a,n/a,n/a,n/a,n/a,n/a,
93083,93-08-3,1-(2-NAPHTHALENYL)ETHANONE,n/a,8.16E+01,3.99E+01,4.08E+03,3.14E-02,3.74E+01,3.74E+01,Interim,n/a,n/a,n/a,n/a,n/a,n/a,n/a,n/a,n/a,n/a,n/a,n/a,n/a,n/a,n/a,n/a,n/a,n/a,
93152,93-15-2,METHYLEUGENOL,n/a,1.09E+01,6.98E+00,3.35E+03,1.27E-01,1.51E+02,1.51E+02,Interim,n/a,2.17E-06,n/a,1.71E-07,n/a,9.21E-06,n/a,1.43E-07,n/a,4.34E-07,n/a,1.23E-06,n/a,Recommended,n/a,n/a,n/a,n/a,
93516,93-51-6,4-METHYL-2-METHOXYPHENOL,n/a,1.18E+00,6.24E-01,1.16E+02,1.37E-03,3.95E+00,3.95E+00,Interim,n/a,n/a,n/a,n/a,n/a,n/a,n/a,n/a,n/a,n/a,n/a,n/a,n/a,n/a,n/a,n/a,n/a,n/a,
93652,93-65-2,MECOPROP,n/a,9.02E+01,8.60E+01,8.65E+02,2.63E-04,2.55E+02,2.55E+02,Interim,n/a,n/a,5.01E-06,n/a,3.38E-06,n/a,7.06E-06,n/a,4.57E-09,n/a,2.09E-06,n/a,7.42E-06,n/a,Interim,n/a,n/a,n/a,
93710,93-71-0,"2-CHLORO-N,N-DIALLYLACETAMIDE",n/a,2.94E+02,1.90E+02,1.21E+04,7.42E-02,1.85E+03,1.85E+03,Interim,n/a,n/a,n/a,n/a,n/a,n/a,n/a,n/a,n/a,n/a,n/a,n/a,n/a,n/a,n/a,n/a,n/a,n/a,
93721,93-72-1,SILVEX,n/a,2.99E+02,2.75E+02,3.10E+03,1.12E-02,5.92E+02,5.92E+02,Interim,n/a,n/a,4.68E-06,n/a,3.52E-06,n/a,5.06E-06,n/a,3.41E-09,n/a,9.97E-07,n/a,7.92E-06,n/a,Interim,n/a,n/a,n/a,
93765,93-76-5,"2,4,5-TRICHLOROPHENOXYACETIC ACID",n/a,2.15E+02,1.94E+02,2.23E+03,2.84E-02,3.04E+02,3.04E+02,Interim,n/a,n/a,3.08E-06,n/a,2.21E-06,n/a,3.52E-06,n/a,2.60E-09,n/a,5.21E-07,n/a,2.08E-06,n/a,Interim,n/a,n/a,n/a,
93787,93-78-7,"2,4,5-T, ISOPROPYL ESTER",n/a,6.21E+01,6.07E+01,6.67E+03,6.58E+00,1.48E+02,1.48E+02,Interim,n/a,n/a,n/a,n/a,n/a,n/a,n/a,n/a,n/a,n/a,n/a,n/a,n/a,n/a,n/a,n/a,n/a,n/a,
93798,93-79-8,"2,4,5-T, N-BUTYL ESTER",n/a,3.07E+01,2.53E+01,2.08E+03,4.95E-01,1.63E+01,1.63E+01,Interim,n/a,n/a,n/a,n/a,n/a,n/a,n/a,n/a,n/a,n/a,n/a,n/a,n/a,n/a,n/a,n/a,n/a,n/a,
93890,93-89-0,ETHYL BENZOATE,n/a,7.61E+00,7.56E+00,4.04E+02,3.75E-01,1.29E+01,1.29E+01,Interim,n/a,n/a,n/a,n/a,n/a,n/a,n/a,n/a,n/a,n/a,n/a,n/a,n/a,n/a,n/a,n/a,n/a,n/a,
93914,93-91-4,"1,3-BUTANEDIONE, 1-PHENYL-",n/a,6.48E+02,6.27E+02,1.40E+04,3.93E+00,2.13E+03,2.13E+03,Interim,n/a,n/a,n/a,n/a,n/a,n/a,n/a,n/a,n/a,n/a,n/a,n/a,n/a,n/a,n/a,n/a,n/a,n/a,
94097,94-09-7,"P-AMINOBENZOIC ACID, ETHYL ESTER",n/a,2.18E+01,1.51E+01,6.58E+02,1.03E-03,6.29E+01,6.29E+01,Interim,n/a,n/a,n/a,n/a,n/a,n/a,n/a,n/a,n/a,n/a,n/a,n/a,n/a,n/a,n/a,n/a,n/a,n/a,
94111,94-11-1,"2,4-D, ISOPROPYL ESTER",n/a,1.44E+03,1.20E+03,6.25E+04,7.87E+00,3.05E+03,3.05E+03,Recommended,n/a,n/a,n/a,n/a,n/a,n/a,n/a,n/a,n/a,n/a,n/a,n/a,n/a,n/a,n/a,n/a,n/a,n/a,
94133,94-13-3,PROPYLPARABEN,n/a,n/a,n/a,n/a,n/a,n/a,n/a,n/a,n/a,n/a,n/a,n/a,n/a,n/a,n/a,n/a,n/a,n/a,n/a,n/a,n/a,n/a,n/a,n/a,n/a,1.44E+00,
94417,94-41-7,BENZALACETOPHENONE,n/a,4.20E+01,1.76E+01,2.01E+03,5.87E-03,4.40E+00,4.40E+00,Interim,n/a,n/a,n/a,n/a,n/a,n/a,n/a,n/a,n/a,n/a,n/a,n/a,n/a,n/a,n/a,n/a,n/a,n/a,
94520,94-52-0,"1H-BENZIMIDAZOLE, 5-NITRO-",n/a,3.02E+01,2.44E+01,4.61E+02,2.41E-06,2.42E+01,2.42E+01,Interim,n/a,3.55E-07,n/a,2.38E-07,n/a,4.52E-07,n/a,2.33E-10,n/a,2.37E-08,n/a,4.40E-08,n/a,Recommended,n/a,n/a,n/a,n/a,
94586,94-58-6,DIHYDROSAFROLE,n/a,n/a,n/a,n/a,n/a,n/a,n/a,n/a,n/a,3.45E-07,n/a,9.74E-09,n/a,6.37E-07,n/a,5.52E-08,n/a,3.37E-08,n/a,3.42E-07,n/a,Recommended,n/a,n/a,n/a,n/a,
94597,94-59-7,SAFROLE,n/a,n/a,n/a,n/a,n/a,n/a,n/a,n/a,n/a,7.77E-07,n/a,1.57E-08,n/a,1.41E-06,n/a,1.11E-07,n/a,7.41E-08,n/a,6.99E-07,n/a,Recommended,n/a,n/a,n/a,n/a,
94622,94-62-2,"1-PIPEROYL-(E,E)-PIPERIDINE",n/a,3.04E+01,8.17E+00,1.71E+03,6.70E-04,2.24E+01,2.24E+01,Interim,n/a,n/a,n/a,n/a,n/a,n/a,n/a,n/a,n/a,n/a,n/a,n/a,n/a,n/a,n/a,n/a,n/a,n/a,
94655,94-65-5,2-PROPYL CYCLOHEXANONE,n/a,n/a,n/a,n/a,n/a,n/a,n/a,n/a,n/a,n/a,n/a,n/a,n/a,n/a,n/a,n/a,n/a,n/a,n/a,n/a,n/a,n/a,n/a,n/a,n/a,1.54E+00,
94677,94-67-7,"BENZALDEHYDE, 2-HYDROXY-, OXIME",n/a,1.23E+02,4.92E+01,5.72E+03,6.44E-05,4.21E+01,4.21E+01,Interim,n/a,n/a,n/a,n/a,n/a,n/a,n/a,n/a,n/a,n/a,n/a,n/a,n/a,n/a,n/a,n/a,n/a,n/a,
94688,94-68-8,"BENZENAMINE, N-ETHYL-2-METHYL-",n/a,2.80E-01,2.81E-01,2.17E+02,2.93E-02,1.07E+01,1.07E+01,Recommended,n/a,n/a,n/a,n/a,n/a,n/a,n/a,n/a,n/a,n/a,n/a,n/a,n/a,n/a,n/a,n/a,n/a,n/a,
94746,94-74-6,2-METHYL-4-CHLOROPHENOXYACETIC ACID,n/a,1.18E+02,9.81E+01,1.88E+03,1.95E-04,1.94E+02,1.94E+02,Interim,n/a,n/a,1.24E-05,n/a,6.00E-06,n/a,1.21E-05,n/a,7.11E-09,n/a,1.25E-06,n/a,8.86E-06,n/a,Interim,n/a,n/a,n/a,
94757,94-75-7,"2-(2,4-DICHLOROPHENOXY)ACETIC ACID",n/a,1.09E+02,1.03E+02,8.60E+02,1.23E-02,1.82E+02,1.82E+02,Interim,n/a,n/a,3.25E-06,n/a,2.32E-06,n/a,3.80E-06,n/a,2.73E-09,n/a,8.52E-07,n/a,2.22E-06,n/a,Interim,n/a,n/a,n/a,
94804,94-80-4,"2,4-D, BUTYL ESTER",n/a,5.13E+02,3.42E+02,1.64E+04,5.16E-01,4.20E+02,4.20E+02,Recommended,n/a,n/a,n/a,n/a,n/a,n/a,n/a,n/a,n/a,n/a,n/a,n/a,n/a,n/a,n/a,n/a,n/a,n/a,
94815,94-81-5,MCPB,n/a,1.12E+02,9.32E+01,1.95E+03,8.43E-04,2.67E+02,2.67E+02,Interim,n/a,n/a,3.86E-07,n/a,2.37E-07,n/a,6.33E-07,n/a,4.11E-10,n/a,8.68E-08,n/a,4.68E-07,n/a,Interim,n/a,n/a,n/a,
94826,94-82-6,"2,4-DB",n/a,4.95E+01,3.94E+01,1.33E+03,5.76E-02,1.67E+02,1.67E+02,Interim,n/a,n/a,6.35E-07,n/a,3.99E-07,n/a,9.25E-07,n/a,1.19E-09,n/a,1.55E-07,n/a,6.90E-07,n/a,Interim,n/a,n/a,n/a,
94962,94-96-2,"2-ETHYL-1,3-HEXANDIOL",n/a,2.18E+00,1.99E+00,2.93E+01,4.53E-05,6.88E+00,6.88E+00,Interim,n/a,n/a,n/a,n/a,n/a,n/a,n/a,n/a,n/a,n/a,n/a,n/a,n/a,n/a,n/a,n/a,n/a,2.05E+00,
95012,95-01-2,"BENZALDEHYDE, 2,4-DIHYDROXY-",n/a,3.42E+01,2.31E+01,1.34E+03,1.64E-05,2.53E+02,2.53E+02,Interim,n/a,n/a,n/a,n/a,n/a,n/a,n/a,n/a,n/a,n/a,n/a,n/a,n/a,n/a,n/a,n/a,n/a,n/a,
95067,95-06-7,SULFALLATE,n/a,3.67E+01,1.46E+01,1.13E+04,2.81E-01,1.05E+02,1.05E+02,Interim,n/a,9.08E-07,n/a,5.89E-08,n/a,3.33E-06,n/a,3.81E-08,n/a,3.49E-08,n/a,1.24E-07,n/a,Recommended,n/a,n/a,n/a,n/a,
95136,95-13-6,INDENE,n/a,n/a,n/a,n/a,n/a,n/a,n/a,n/a,n/a,n/a,n/a,n/a,n/a,n/a,n/a,n/a,n/a,n/a,n/a,n/a,n/a,n/a,n/a,n/a,n/a,1.55E+00,
95158,95-15-8,BENZO(B)THIOPHENE,n/a,2.80E-01,2.11E-01,2.72E+02,1.58E-02,6.48E-01,6.48E-01,Interim,n/a,n/a,n/a,n/a,n/a,n/a,n/a,n/a,n/a,n/a,n/a,n/a,n/a,n/a,n/a,n/a,n/a,n/a,
95169,95-16-9,BENZOTHIAZOLE,n/a,5.43E+00,4.42E+00,2.46E+02,2.18E-02,2.36E+00,2.36E+00,Interim,n/a,n/a,n/a,n/a,n/a,n/a,n/a,n/a,n/a,n/a,n/a,n/a,n/a,n/a,n/a,n/a,n/a,n/a,
95330,95-33-0,N-CYCLOHEXYL-2-BENZOTHIAZOLESULFENAMIDE,n/a,3.57E+01,8.80E+00,2.04E+03,8.10E-04,3.23E+00,3.23E+00,Recommended,n/a,n/a,n/a,n/a,n/a,n/a,n/a,n/a,n/a,n/a,n/a,n/a,n/a,n/a,n/a,n/a,n/a,n/a,
95476,95-47-6,O-XYLENE,n/a,3.21E-02,2.86E-02,2.21E+02,2.58E-03,2.44E+00,2.44E+00,Recommended,n/a,n/a,n/a,n/a,n/a,n/a,n/a,n/a,n/a,n/a,n/a,n/a,n/a,n/a,n/a,n/a,n/a,7.64E+00,
95487,95-48-7,O-CRESOL,n/a,6.37E+00,3.09E+00,5.90E+02,6.65E-03,1.37E+01,1.37E+01,Recommended,n/a,n/a,1.14E-07,n/a,8.71E-09,n/a,2.00E-07,n/a,4.19E-10,n/a,5.05E-09,n/a,1.01E-08,n/a,Recommended,n/a,n/a,2.40E+00,
95498,95-49-8,2-CHLOROTOLUENE,n/a,1.90E-01,1.86E-01,1.89E+02,3.41E-02,2.84E+00,2.84E+00,Recommended,n/a,n/a,3.90E-07,n/a,8.35E-08,n/a,2.75E-07,n/a,2.68E-08,n/a,6.16E-08,n/a,1.18E-07,n/a,Recommended,n/a,n/a,2.92E+00,
95501,95-50-1,"1,2-DICHLOROBENZENE",n/a,2.75E+00,2.74E+00,5.87E+02,4.87E-01,1.26E+01,1.26E+01,Recommended,n/a,n/a,5.75E-08,n/a,2.16E-08,n/a,7.18E-08,n/a,9.42E-09,n/a,1.47E-08,n/a,2.33E-08,n/a,Recommended,n/a,n/a,1.78E-01,
95512,95-51-2,2-CHLOROANILINE,n/a,1.40E+01,1.19E+01,2.06E+03,2.33E-01,2.07E+02,2.07E+02,Recommended,n/a,n/a,n/a,n/a,n/a,n/a,n/a,n/a,n/a,n/a,n/a,n/a,n/a,n/a,n/a,n/a,n/a,n/a,
95523,95-52-3,O-FLUOROTOLUENE,n/a,8.84E-02,8.50E-02,2.37E+02,1.61E-02,2.70E+00,2.70E+00,Interim,n/a,n/a,n/a,n/a,n/a,n/a,n/a,n/a,n/a,n/a,n/a,n/a,n/a,n/a,n/a,n/a,n/a,n/a,
95534,95-53-4,O-TOLUIDINE,n/a,2.97E+00,1.20E+00,6.78E+02,4.19E-03,3.51E+01,3.51E+01,Recommended,n/a,n/a,n/a,n/a,n/a,n/a,n/a,n/a,n/a,n/a,n/a,n/a,n/a,n/a,n/a,n/a,n/a,n/a,
95545,95-54-5,"1,2-BENZENEDIAMINE",n/a,1.63E+02,1.24E+02,5.83E+03,3.83E-03,1.41E+03,1.41E+03,Recommended,n/a,n/a,n/a,n/a,n/a,n/a,n/a,n/a,n/a,n/a,n/a,n/a,n/a,n/a,n/a,n/a,n/a,n/a,
95567,95-56-7,O-BROMOPHENOL,n/a,6.93E+00,6.79E+00,7.03E+02,4.17E-01,3.32E+01,3.32E+01,Interim,n/a,n/a,n/a,n/a,n/a,n/a,n/a,n/a,n/a,n/a,n/a,n/a,n/a,n/a,n/a,n/a,n/a,n/a,
95578,95-57-8,2-CHLOROPHENOL,n/a,1.34E+01,1.24E+01,1.00E+03,1.97E-01,1.84E+01,1.84E+01,Recommended,n/a,n/a,1.32E-06,n/a,1.37E-07,n/a,1.54E-06,n/a,1.04E-08,n/a,3.97E-08,n/a,8.27E-08,n/a,Recommended,n/a,n/a,n/a,
95636,95-63-6,"1,2,4-TRIMETHYLBENZENE",n/a,4.50E-02,3.33E-02,7.16E+02,6.14E-03,6.34E+00,6.34E+00,Recommended,n/a,5.89E-09,n/a,1.59E-10,n/a,5.48E-09,n/a,4.69E-10,n/a,1.61E-10,n/a,1.18E-09,n/a,Recommended,n/a,n/a,n/a,8.87E+00,
95647,95-64-7,"3,4-XYLIDINE",n/a,3.70E+00,1.31E+00,1.04E+03,9.69E-03,7.81E+01,7.81E+01,Recommended,n/a,n/a,n/a,n/a,n/a,n/a,n/a,n/a,n/a,n/a,n/a,n/a,n/a,n/a,n/a,n/a,n/a,n/a,
95658,95-65-8,"3,4-DIMETHYLPHENOL",n/a,2.09E+01,5.71E+00,1.68E+03,4.14E-03,2.57E+01,2.57E+01,Interim,n/a,n/a,3.68E-06,n/a,3.65E-07,n/a,7.49E-06,n/a,1.48E-08,n/a,1.21E-07,n/a,2.94E-07,n/a,Recommended,n/a,n/a,2.12E+00,
95681,95-68-1,"2,4-DIMETHYLANILINE",n/a,7.60E-01,4.58E-01,4.05E+02,9.75E-03,2.90E+01,2.90E+01,Interim,n/a,n/a,n/a,n/a,n/a,n/a,n/a,n/a,n/a,n/a,n/a,n/a,n/a,n/a,n/a,n/a,n/a,n/a,
95705,95-70-5,"2,5-DIAMINOTOLUENE",n/a,7.04E+01,4.68E+01,2.83E+03,1.46E-03,5.45E+02,5.45E+02,Interim,n/a,n/a,n/a,n/a,n/a,n/a,n/a,n/a,n/a,n/a,n/a,n/a,n/a,n/a,n/a,n/a,n/a,n/a,
95749,95-74-9,3-CHLORO-P-TOLUIDINE,n/a,6.54E+01,3.17E+01,3.22E+03,9.42E-03,2.72E+02,2.72E+02,Recommended,n/a,n/a,n/a,n/a,n/a,n/a,n/a,n/a,n/a,n/a,n/a,n/a,n/a,n/a,n/a,n/a,n/a,n/a,
95750,95-75-0,"3,4-DICHLOROTOLUENE",n/a,2.60E+00,2.56E+00,1.47E+03,4.45E-01,1.95E+01,1.95E+01,Interim,n/a,n/a,n/a,n/a,n/a,n/a,n/a,n/a,n/a,n/a,n/a,n/a,n/a,n/a,n/a,n/a,n/a,n/a,
95761,95-76-1,"3,4-DICHLOROANILINE",n/a,6.23E+01,5.89E+01,1.04E+04,2.45E+00,6.98E+02,6.98E+02,Recommended,n/a,n/a,n/a,n/a,n/a,n/a,n/a,n/a,n/a,n/a,n/a,n/a,n/a,n/a,n/a,n/a,n/a,n/a,
95772,95-77-2,"3,4-DICHLOROPHENOL",n/a,7.28E+02,4.92E+02,1.80E+04,1.58E-01,2.84E+02,2.84E+02,Recommended,n/a,n/a,n/a,n/a,n/a,n/a,n/a,n/a,n/a,n/a,n/a,n/a,n/a,n/a,n/a,n/a,n/a,n/a,
95794,95-79-4,5-CHLORO-O-TOLUIDINE,n/a,n/a,n/a,n/a,n/a,n/a,n/a,n/a,n/a,1.95E-07,n/a,4.53E-09,n/a,4.91E-07,n/a,2.88E-09,n/a,3.54E-08,n/a,7.73E-08,n/a,Recommended,n/a,n/a,n/a,n/a,
95807,95-80-7,"2,4-DIAMINOTOLUENE",n/a,5.66E+00,3.86E+00,2.20E+02,4.91E-05,4.25E+01,4.25E+01,Interim,n/a,8.65E-06,n/a,2.38E-06,n/a,5.47E-05,n/a,3.96E-07,n/a,1.06E-05,n/a,1.35E-05,n/a,Recommended,n/a,n/a,n/a,n/a,
95829,95-82-9,"2,5-DICHLOROANILINE",n/a,2.36E+01,2.17E+01,3.53E+03,7.03E-01,2.51E+02,2.51E+02,Recommended,n/a,n/a,n/a,n/a,n/a,n/a,n/a,n/a,n/a,n/a,n/a,n/a,n/a,n/a,n/a,n/a,n/a,n/a,
95830,95-83-0,"4-CHLORO-1,2-BENZENEDIAMINE",n/a,n/a,n/a,n/a,n/a,n/a,n/a,n/a,n/a,9.46E-08,n/a,4.47E-09,n/a,4.06E-07,n/a,2.06E-10,n/a,6.71E-08,n/a,9.13E-08,n/a,Recommended,n/a,n/a,n/a,n/a,
95841,95-84-1,"PHENOL, 2-AMINO-4-METHYL-",n/a,7.98E+01,2.59E+01,4.18E+03,3.75E-04,1.95E+02,1.95E+02,Interim,n/a,n/a,n/a,n/a,n/a,n/a,n/a,n/a,n/a,n/a,n/a,n/a,n/a,n/a,n/a,n/a,n/a,n/a,
95874,95-87-4,"2,5-DIMETHYLPHENOL",n/a,8.54E+00,2.72E+00,1.01E+03,5.25E-03,1.53E+01,1.53E+01,Recommended,n/a,n/a,n/a,n/a,n/a,n/a,n/a,n/a,n/a,n/a,n/a,n/a,n/a,n/a,n/a,n/a,n/a,n/a,
95885,95-88-5,4-CHLORORESORCINOL,n/a,8.99E+00,2.22E+00,5.00E+02,3.91E-05,9.58E+00,9.58E+00,Interim,n/a,n/a,n/a,n/a,n/a,n/a,n/a,n/a,n/a,n/a,n/a,n/a,n/a,n/a,n/a,n/a,n/a,n/a,
95921,95-92-1,ETHYL OXALATE,n/a,2.14E+00,2.03E+00,3.96E+01,7.14E-03,7.78E+00,7.78E+00,Recommended,n/a,n/a,n/a,n/a,n/a,n/a,n/a,n/a,n/a,n/a,n/a,n/a,n/a,n/a,n/a,n/a,n/a,n/a,
95932,95-93-2,"1,2,4,5-TETRAMETHYLBENZENE",n/a,3.07E-02,1.69E-02,1.04E+03,3.06E-03,3.41E+00,3.41E+00,Recommended,n/a,n/a,n/a,n/a,n/a,n/a,n/a,n/a,n/a,n/a,n/a,n/a,n/a,n/a,n/a,n/a,n/a,9.26E+00,
95943,95-94-3,"1,2,4,5-TETRACHLOROBENZENE",n/a,1.82E+01,1.80E+01,1.28E+03,4.08E+00,8.14E+00,8.14E+00,Recommended,n/a,n/a,5.57E-05,n/a,3.76E-05,n/a,2.63E-04,n/a,4.93E-05,n/a,9.97E-06,n/a,1.53E-05,n/a,Recommended,n/a,n/a,n/a,
95954,95-95-4,"2,4,5-TRICHLOROPHENOL",n/a,1.87E+03,1.55E+03,4.67E+04,1.27E+01,6.84E+02,6.84E+02,Recommended,n/a,n/a,3.67E-07,n/a,3.07E-07,n/a,1.34E-06,n/a,3.63E-08,n/a,3.28E-08,n/a,4.99E-08,n/a,Recommended,n/a,n/a,n/a,
96059,96-05-9,ALLYL METHACRYLATE,n/a,1.27E+00,1.30E+00,4.49E+03,1.06E-01,2.59E+02,2.59E+02,Interim,n/a,n/a,n/a,n/a,n/a,n/a,n/a,n/a,n/a,n/a,n/a,n/a,n/a,n/a,n/a,n/a,n/a,n/a,
96093,96-09-3,STYRENE OXIDE,n/a,1.35E+01,1.33E+01,6.51E+02,2.82E-01,3.35E+01,3.35E+01,Recommended,n/a,5.66E-07,n/a,7.47E-08,n/a,4.93E-07,n/a,2.04E-09,n/a,3.68E-08,n/a,6.67E-08,n/a,Interim,n/a,n/a,n/a,n/a,
96128,96-12-8,"1,2-DIBROMO-3-CHLOROPROPANE",n/a,7.66E+00,7.65E+00,3.02E+02,9.31E-01,3.27E+01,3.27E+01,Interim,n/a,2.68E-04,7.25E-05,8.26E-05,2.49E-05,8.80E-05,5.26E-05,1.01E-05,3.33E-06,4.33E-05,1.56E-05,6.09E-05,4.39E-05,Recommended,Recommended,n/a,n/a,n/a,
96139,96-13-9,"2,3-DIBROMO-1-PROPANOL",n/a,9.94E+00,9.50E+00,7.47E+01,6.93E-03,1.86E+01,1.86E+01,Recommended,n/a,n/a,n/a,n/a,n/a,n/a,n/a,n/a,n/a,n/a,n/a,n/a,n/a,n/a,n/a,n/a,n/a,n/a,
96140,96-14-0,3-METHYL PENTANE,n/a,n/a,n/a,n/a,n/a,n/a,n/a,n/a,n/a,n/a,n/a,n/a,n/a,n/a,n/a,n/a,n/a,n/a,n/a,n/a,n/a,n/a,n/a,n/a,n/a,1.80E+00,
96173,96-17-3,2-METHYLBUTANAL,n/a,1.22E+00,1.28E+00,5.31E+02,8.39E-02,8.54E+01,8.54E+01,Interim,n/a,n/a,n/a,n/a,n/a,n/a,n/a,n/a,n/a,n/a,n/a,n/a,n/a,n/a,n/a,n/a,n/a,n/a,
96184,96-18-4,"1,2,3-TRICHLOROPROPANE",n/a,9.49E+00,9.47E+00,5.21E+02,1.50E+00,3.60E+01,3.60E+01,Recommended,n/a,8.58E-05,1.64E-06,2.93E-05,5.59E-07,5.53E-05,1.06E-06,5.02E-06,9.58E-08,1.83E-05,3.49E-07,2.61E-05,4.98E-07,Recommended,Recommended,n/a,n/a,n/a,
96208,96-20-8,2-AMINO-1-BUTANOL,n/a,n/a,n/a,n/a,n/a,n/a,n/a,n/a,n/a,n/a,n/a,n/a,n/a,n/a,n/a,n/a,n/a,n/a,n/a,n/a,n/a,n/a,n/a,n/a,n/a,4.98E+00,
96220,96-22-0,3-PENTANONE,n/a,1.80E-01,1.80E-01,6.25E+00,8.74E-03,1.01E+00,1.01E+00,Recommended,n/a,n/a,n/a,n/a,n/a,n/a,n/a,n/a,n/a,n/a,n/a,n/a,n/a,n/a,n/a,n/a,n/a,1.24E+00,
96231,96-23-1,"1,3-DICHLORO-2-PROPANOL",n/a,6.27E+00,6.08E+00,5.80E+01,3.06E-02,1.77E+01,1.77E+01,Recommended,n/a,n/a,n/a,n/a,n/a,n/a,n/a,n/a,n/a,n/a,n/a,n/a,n/a,n/a,n/a,n/a,n/a,n/a,
96242,96-24-2,"3-CHLORO-1,2-PROPANEDIOL",n/a,1.27E+00,1.24E+00,7.76E+00,6.57E-05,2.47E+00,2.47E+00,Interim,n/a,n/a,n/a,n/a,n/a,n/a,n/a,n/a,n/a,n/a,n/a,n/a,n/a,n/a,n/a,n/a,n/a,n/a,
96264,96-26-4,DIHYDROXY ACETONE,n/a,n/a,n/a,n/a,n/a,n/a,n/a,n/a,n/a,n/a,n/a,n/a,n/a,n/a,n/a,n/a,n/a,n/a,n/a,n/a,n/a,n/a,n/a,n/a,n/a,3.99E+00,
96297,96-29-7,2-BUTANONE OXIME,n/a,2.59E+00,2.37E+00,4.16E+01,6.10E-03,2.38E+00,2.38E+00,Recommended,n/a,5.09E-07,n/a,1.45E-07,n/a,5.82E-07,n/a,9.37E-10,n/a,4.37E-08,n/a,6.06E-08,n/a,Recommended,n/a,n/a,n/a,1.58E+00,
96311,96-31-1,"DIMETHYLUREA, SYM",n/a,2.26E+00,2.21E+00,1.13E+01,4.79E-05,3.20E+00,3.20E+00,Recommended,n/a,n/a,n/a,n/a,n/a,n/a,n/a,n/a,n/a,n/a,n/a,n/a,n/a,n/a,n/a,n/a,n/a,n/a,
96333,96-33-3,METHYL ACRYLATE,n/a,2.63E+00,2.67E+00,6.73E+02,2.05E-01,8.64E+01,8.64E+01,Recommended,n/a,n/a,n/a,n/a,n/a,n/a,n/a,n/a,n/a,n/a,n/a,n/a,n/a,n/a,n/a,n/a,n/a,1.15E+01,
96344,96-34-4,METHYL CHLOROACETATE,n/a,7.04E+00,7.01E+00,1.10E+02,2.05E-01,2.21E+01,2.21E+01,Interim,n/a,n/a,n/a,n/a,n/a,n/a,n/a,n/a,n/a,n/a,n/a,n/a,n/a,n/a,n/a,n/a,n/a,n/a,
96377,96-37-7,METHYL CYCLOPENTANE,n/a,n/a,n/a,n/a,n/a,n/a,n/a,n/a,n/a,n/a,n/a,n/a,n/a,n/a,n/a,n/a,n/a,n/a,n/a,n/a,n/a,n/a,n/a,n/a,n/a,2.19E+00,
96413,96-41-3,CYCLOPENTANOL,n/a,1.71E-01,1.65E-01,9.44E+00,1.89E-03,1.87E+00,1.87E+00,Interim,n/a,n/a,n/a,n/a,n/a,n/a,n/a,n/a,n/a,n/a,n/a,n/a,n/a,n/a,n/a,n/a,n/a,1.72E+00,
96457,96-45-7,ETHYLENETHIOUREA,n/a,6.33E-01,4.81E-01,2.11E+01,1.23E-08,4.61E+00,4.61E+00,Recommended,n/a,2.56E-06,2.13E-06,4.40E-07,3.65E-07,5.56E-06,4.62E-06,1.87E-09,1.55E-09,1.21E-06,1.01E-06,1.84E-06,1.53E-06,Recommended,Recommended,n/a,n/a,n/a,
96479,96-47-9,ALPHA-METHYL TETRAHYDROFURAN,n/a,n/a,n/a,n/a,n/a,n/a,n/a,n/a,n/a,n/a,n/a,n/a,n/a,n/a,n/a,n/a,n/a,n/a,n/a,n/a,n/a,n/a,n/a,n/a,n/a,3.97E+00,
96480,96-48-0,GAMMA-BUTYROLACTONE,n/a,3.03E+01,2.95E+01,1.55E+02,3.07E-03,4.04E+01,4.04E+01,Recommended,n/a,n/a,n/a,n/a,n/a,n/a,n/a,n/a,n/a,n/a,n/a,n/a,n/a,n/a,n/a,n/a,n/a,9.56E-01,
96800,96-80-0,2-(BIS(1-METHYLETHYL)AMINO)ETHANOL,n/a,5.45E-01,2.91E-01,8.69E+01,5.99E-04,1.62E+01,1.62E+01,Interim,n/a,n/a,n/a,n/a,n/a,n/a,n/a,n/a,n/a,n/a,n/a,n/a,n/a,n/a,n/a,n/a,n/a,n/a,
96913,96-91-3,"2-AMINO-4,6-DINITROPHENOL",n/a,7.41E+01,6.45E+01,7.78E+02,1.07E-05,5.67E+01,5.67E+01,Interim,n/a,n/a,n/a,n/a,n/a,n/a,n/a,n/a,n/a,n/a,n/a,n/a,n/a,n/a,n/a,n/a,n/a,n/a,
97007,97-00-7,"2,4-DINITROCHLOROBENZENE",n/a,3.93E+03,3.76E+03,5.48E+04,5.15E+01,2.83E+03,2.83E+03,Recommended,n/a,n/a,n/a,n/a,n/a,n/a,n/a,n/a,n/a,n/a,n/a,n/a,n/a,n/a,n/a,n/a,n/a,n/a,
97029,97-02-9,"2,4-DINITROANILINE",n/a,1.23E+03,1.09E+03,1.22E+04,5.16E-03,1.11E+03,1.11E+03,Recommended,n/a,n/a,n/a,n/a,n/a,n/a,n/a,n/a,n/a,n/a,n/a,n/a,n/a,n/a,n/a,n/a,n/a,n/a,
97110,97-11-0,CYCLETHRIN,n/a,1.12E+02,3.08E+01,1.41E+05,2.43E+00,2.55E+02,2.55E+02,Interim,n/a,n/a,n/a,n/a,n/a,n/a,n/a,n/a,n/a,n/a,n/a,n/a,n/a,n/a,n/a,n/a,n/a,n/a,
97176,97-17-6,DICHLOFENTHION,n/a,1.23E+00,7.14E-01,8.89E+03,1.43E-01,4.96E+01,4.96E+01,Recommended,n/a,n/a,n/a,n/a,n/a,n/a,n/a,n/a,n/a,n/a,n/a,n/a,n/a,n/a,n/a,n/a,n/a,n/a,
97234,97-23-4,"PHENOL,2,2'-METHYLENEBIS 4-CHLORO-",n/a,1.37E+03,8.54E+02,3.50E+04,4.56E-06,3.25E+01,3.25E+01,Interim,n/a,n/a,n/a,n/a,n/a,n/a,n/a,n/a,n/a,n/a,n/a,n/a,n/a,n/a,n/a,n/a,n/a,n/a,
97530,97-53-0,EUGENOL,n/a,4.91E+00,1.85E+00,6.97E+02,5.66E-03,7.65E+00,7.65E+00,Interim,n/a,n/a,n/a,n/a,n/a,n/a,n/a,n/a,n/a,n/a,n/a,n/a,n/a,n/a,n/a,n/a,n/a,n/a,
97563,97-56-3,"C,I, SOLVENT YELLOW 3",n/a,n/a,n/a,n/a,n/a,n/a,n/a,n/a,n/a,1.14E-05,n/a,4.90E-06,n/a,1.38E-04,n/a,3.03E-06,n/a,9.19E-07,n/a,3.47E-06,n/a,Recommended,n/a,n/a,n/a,n/a,
97610,97-61-0,"PENTANOIC ACID, 2-METHYL-",n/a,5.53E-01,5.29E-01,1.76E+01,2.26E-03,2.68E+00,2.68E+00,Interim,n/a,n/a,n/a,n/a,n/a,n/a,n/a,n/a,n/a,n/a,n/a,n/a,n/a,n/a,n/a,n/a,n/a,n/a,
97632,97-63-2,ETHYL METHACRYLATE,n/a,1.30E-02,1.32E-02,1.76E+01,1.09E-03,1.33E+00,1.33E+00,Interim,n/a,n/a,n/a,n/a,n/a,n/a,n/a,n/a,n/a,n/a,n/a,n/a,n/a,n/a,n/a,n/a,n/a,1.25E+01,
97643,97-64-3,ETHYL LACTATE,n/a,2.43E+00,2.31E+00,2.20E+01,2.37E-03,6.16E+00,6.16E+00,Recommended,n/a,n/a,n/a,n/a,n/a,n/a,n/a,n/a,n/a,n/a,n/a,n/a,n/a,n/a,n/a,n/a,n/a,2.48E+00,
97654,97-65-4,"BUTANEDIOIC ACID, METHYLENE-",n/a,5.40E+00,4.67E+00,8.47E+01,9.51E-07,1.35E+01,1.35E+01,Interim,n/a,n/a,n/a,n/a,n/a,n/a,n/a,n/a,n/a,n/a,n/a,n/a,n/a,n/a,n/a,n/a,n/a,n/a,
97745,97-74-5,TETRAMETHYLTHIURAM,n/a,2.32E+03,9.04E+02,1.14E+05,2.50E-03,5.94E+03,5.94E+03,Recommended,n/a,n/a,n/a,n/a,n/a,n/a,n/a,n/a,n/a,n/a,n/a,n/a,n/a,n/a,n/a,n/a,n/a,n/a,
97778,97-77-8,DISULFIRAM,n/a,1.33E+03,1.00E+02,2.10E+05,1.91E-01,5.31E+02,5.31E+02,Recommended,n/a,n/a,n/a,n/a,n/a,n/a,n/a,n/a,n/a,n/a,n/a,n/a,n/a,n/a,n/a,n/a,n/a,n/a,
97858,97-85-8,ISOBUTYL ISOBUTYRATE,n/a,n/a,n/a,n/a,n/a,n/a,n/a,n/a,n/a,n/a,n/a,n/a,n/a,n/a,n/a,n/a,n/a,n/a,n/a,n/a,n/a,n/a,n/a,n/a,n/a,5.95E-01,
97869,97-86-9,"METHACRYLIC ACID, I-BUTYL ESTER",n/a,2.42E-01,2.44E-01,3.60E+02,1.90E-02,1.83E+01,1.83E+01,Recommended,n/a,n/a,n/a,n/a,n/a,n/a,n/a,n/a,n/a,n/a,n/a,n/a,n/a,n/a,n/a,n/a,n/a,8.62E+00,
97881,97-88-1,"METHACRYLIC ACID, N-BUTYL ESTER",n/a,5.07E-02,5.01E-02,7.09E+01,2.36E-03,2.34E+00,2.34E+00,Recommended,n/a,n/a,n/a,n/a,n/a,n/a,n/a,n/a,n/a,n/a,n/a,n/a,n/a,n/a,n/a,n/a,n/a,8.70E+00,
97994,97-99-4,TETRAHYDROFURFURYL ALCOHOL,n/a,3.71E-01,3.45E-01,5.19E+00,6.96E-05,1.52E+00,1.52E+00,Interim,n/a,n/a,n/a,n/a,n/a,n/a,n/a,n/a,n/a,n/a,n/a,n/a,n/a,n/a,n/a,n/a,n/a,3.31E+00,
98000,98-00-0,2-HYDROXYMETHYLFURAN,n/a,7.70E-01,5.40E-01,3.02E+01,8.04E-05,6.48E+00,6.48E+00,Recommended,n/a,2.30E-06,n/a,2.80E-07,n/a,4.65E-06,n/a,9.11E-10,n/a,1.01E-06,n/a,1.61E-06,n/a,Interim,n/a,n/a,n/a,n/a,
98011,98-01-1,FURFURAL,n/a,3.22E+00,2.77E+00,3.87E+02,1.85E-02,7.79E+01,7.79E+01,Recommended,n/a,4.42E-09,2.88E-06,4.27E-09,1.21E-07,3.27E-07,4.08E-06,1.13E-10,1.86E-09,6.64E-08,8.45E-07,1.08E-07,1.36E-06,Recommended,Recommended,n/a,n/a,n/a,
98044,98-04-4,PHENYL TRIMETHYL AMMONIUM IODIDE,n/a,1.81E+01,1.66E+01,1.61E+02,1.52E-10,2.27E+01,2.27E+01,Interim,n/a,n/a,n/a,n/a,n/a,n/a,n/a,n/a,n/a,n/a,n/a,n/a,n/a,n/a,n/a,n/a,n/a,n/a,
98055,98-05-5,PHENYLARSONIC ACID,n/a,1.30E+00,8.97E-01,2.79E+01,2.47E-09,2.18E-01,2.18E-01,Interim,n/a,n/a,n/a,n/a,n/a,n/a,n/a,n/a,n/a,n/a,n/a,n/a,n/a,n/a,n/a,n/a,n/a,n/a,
98066,98-06-6,T-BUTYLBENZENE,n/a,1.21E-02,1.06E-02,8.33E+01,1.93E-03,4.30E-01,4.30E-01,Interim,n/a,n/a,n/a,n/a,n/a,n/a,n/a,n/a,n/a,n/a,n/a,n/a,n/a,n/a,n/a,n/a,n/a,1.95E+00,
98077,98-07-7,BENZOTRICHLORIDE,n/a,5.20E-01,5.17E-01,1.11E+02,1.22E-01,1.77E+00,1.77E+00,Interim,n/a,2.12E-04,n/a,8.73E-05,n/a,3.46E-04,n/a,5.96E-05,n/a,5.28E-05,n/a,1.01E-04,n/a,Recommended,n/a,n/a,n/a,n/a,
98088,98-08-8,BENZOTRIFLUORIDE,n/a,8.44E-01,8.21E-01,1.40E+03,1.50E-01,7.25E+00,7.25E+00,Interim,n/a,n/a,n/a,n/a,n/a,n/a,n/a,n/a,n/a,n/a,n/a,n/a,n/a,n/a,n/a,n/a,n/a,2.94E-01,
98099,98-09-9,BENZENESULFONYL CHLORIDE,n/a,8.05E+01,8.02E+01,2.25E+03,3.88E+00,1.89E+02,1.89E+02,Interim,n/a,n/a,n/a,n/a,n/a,n/a,n/a,n/a,n/a,n/a,n/a,n/a,n/a,n/a,n/a,n/a,n/a,n/a,
98113,98-11-3,BENZENESULFONIC ACID,n/a,2.57E-01,2.49E-01,1.22E+00,2.08E-09,2.90E-01,2.90E-01,Interim,n/a,n/a,n/a,n/a,n/a,n/a,n/a,n/a,n/a,n/a,n/a,n/a,n/a,n/a,n/a,n/a,n/a,n/a,
98135,98-13-5,PHENYLTRICHLOROSILANE,n/a,1.36E-02,1.28E-02,1.64E+01,9.88E-04,7.52E-02,7.52E-02,Interim,n/a,n/a,n/a,n/a,n/a,n/a,n/a,n/a,n/a,n/a,n/a,n/a,n/a,n/a,n/a,n/a,n/a,n/a,
98168,98-16-8,3-TRIFLUOROMETHYLANILINE,n/a,5.11E+00,5.04E+00,7.97E+02,4.69E-01,6.44E+01,6.44E+01,Recommended,n/a,n/a,n/a,n/a,n/a,n/a,n/a,n/a,n/a,n/a,n/a,n/a,n/a,n/a,n/a,n/a,n/a,n/a,
98179,98-17-9,M-TRIFLUOROMETHYLPHENOL,n/a,3.62E+00,3.55E+00,5.80E+02,4.87E-01,7.58E+00,7.58E+00,Interim,n/a,n/a,n/a,n/a,n/a,n/a,n/a,n/a,n/a,n/a,n/a,n/a,n/a,n/a,n/a,n/a,n/a,n/a,
98191,98-19-1,"1-(1,1-DIMETHYLETHYL)-3,5-DIMETHYLBENZENE",n/a,n/a,n/a,n/a,n/a,n/a,n/a,n/a,n/a,n/a,n/a,n/a,n/a,n/a,n/a,n/a,n/a,n/a,n/a,n/a,n/a,n/a,n/a,n/a,n/a,8.02E+00,
98511,98-51-1,P-(T-BUTYL)TOLUENE,n/a,3.09E-02,1.73E-02,1.10E+03,3.04E-03,2.84E+00,2.84E+00,Recommended,n/a,n/a,n/a,n/a,n/a,n/a,n/a,n/a,n/a,n/a,n/a,n/a,n/a,n/a,n/a,n/a,n/a,n/a,
98522,98-52-2,"CYCLOHEXANOL, 4-(1,1-DIMETHYLETHYL)-",n/a,3.91E-01,3.94E-01,1.86E+02,2.43E-02,9.49E+00,9.49E+00,Recommended,n/a,n/a,n/a,n/a,n/a,n/a,n/a,n/a,n/a,n/a,n/a,n/a,n/a,n/a,n/a,n/a,n/a,n/a,
98544,98-54-4,P-T-BUTYLYPHENOL,n/a,5.18E+01,2.19E+01,4.59E+03,9.73E-02,6.71E+01,6.71E+01,Recommended,n/a,n/a,n/a,n/a,n/a,n/a,n/a,n/a,n/a,n/a,n/a,n/a,n/a,n/a,n/a,n/a,n/a,n/a,
98555,98-55-5,?-TERPINEOL,n/a,n/a,n/a,n/a,n/a,n/a,n/a,n/a,n/a,n/a,n/a,n/a,n/a,n/a,n/a,n/a,n/a,n/a,n/a,n/a,n/a,n/a,n/a,n/a,n/a,4.63E+00,
98566,98-56-6,P-TRIFLUOROMETHYL-CHLORO-BENZENE,n/a,n/a,n/a,n/a,n/a,n/a,n/a,n/a,n/a,n/a,n/a,n/a,n/a,n/a,n/a,n/a,n/a,n/a,n/a,n/a,n/a,n/a,n/a,n/a,n/a,1.26E-01,
98737,98-73-7,"BENZOIC ACID, 4-(TERT-BUTYL)-",n/a,2.34E+02,2.11E+02,3.17E+03,5.02E-01,3.71E+02,3.71E+02,Interim,n/a,n/a,n/a,n/a,n/a,n/a,n/a,n/a,n/a,n/a,n/a,n/a,n/a,n/a,n/a,n/a,n/a,n/a,
98828,98-82-8,ISOPROPYLBENZENE,n/a,9.07E-02,7.41E-02,6.65E+02,6.55E-03,2.47E+00,2.47E+00,Recommended,n/a,n/a,2.02E-08,n/a,2.02E-09,n/a,2.77E-08,n/a,7.28E-10,n/a,1.45E-09,n/a,5.35E-09,n/a,Recommended,n/a,n/a,2.52E+00,
98839,98-83-9,?-METHYL STYRENE,n/a,n/a,n/a,n/a,n/a,n/a,n/a,n/a,n/a,n/a,n/a,n/a,n/a,n/a,n/a,n/a,n/a,n/a,n/a,n/a,n/a,n/a,n/a,n/a,n/a,1.53E+00,
98851,98-85-1,ALPHA-METHYLBENZYL ALCOHOL,n/a,n/a,n/a,n/a,n/a,n/a,n/a,n/a,n/a,6.41E-08,n/a,6.18E-09,n/a,7.97E-08,n/a,9.01E-11,n/a,1.05E-08,n/a,1.84E-08,n/a,Recommended,n/a,n/a,n/a,4.53E+00,
98862,98-86-2,ACETOPHENONE,n/a,2.48E+00,2.43E+00,7.23E+01,3.70E-02,5.84E+00,5.84E+00,Interim,n/a,n/a,1.78E-08,n/a,3.40E-09,n/a,1.67E-08,n/a,6.87E-11,n/a,1.89E-09,n/a,3.22E-09,n/a,Recommended,n/a,n/a,n/a,
98884,98-88-4,BENZOYL CHLORIDE,n/a,3.85E+00,3.83E+00,1.12E+02,1.12E-01,1.64E+01,1.64E+01,Interim,n/a,n/a,n/a,n/a,n/a,n/a,n/a,n/a,n/a,n/a,n/a,n/a,n/a,n/a,n/a,n/a,n/a,n/a,
98920,98-92-0,NICOTINAMIDE,n/a,2.95E+04,2.93E+04,1.15E+05,7.69E-03,4.10E+04,4.10E+04,Interim,n/a,n/a,n/a,n/a,n/a,n/a,n/a,n/a,n/a,n/a,n/a,n/a,n/a,n/a,n/a,n/a,n/a,n/a,
98942,98-94-2,"CYCLOHEXANAMINE, N,N-DIMETHYL-",n/a,2.24E+00,2.27E+00,1.79E+03,1.43E-01,2.91E+02,2.91E+02,Interim,n/a,n/a,n/a,n/a,n/a,n/a,n/a,n/a,n/a,n/a,n/a,n/a,n/a,n/a,n/a,n/a,n/a,n/a,
98953,98-95-3,NITROBENZENE,n/a,1.10E+01,1.09E+01,1.79E+02,3.09E-01,1.25E+01,1.25E+01,Recommended,n/a,1.60E-06,7.85E-06,5.09E-07,2.50E-06,1.14E-06,5.61E-06,1.59E-08,7.84E-08,1.75E-07,8.58E-07,2.67E-07,1.31E-06,Recommended,Recommended,n/a,n/a,5.65E-02,
98986,98-98-6,PICOLINIC ACID,n/a,3.91E+01,3.80E+01,1.80E+02,1.54E-05,4.51E+01,4.51E+01,Interim,n/a,n/a,n/a,n/a,n/a,n/a,n/a,n/a,n/a,n/a,n/a,n/a,n/a,n/a,n/a,n/a,n/a,n/a,
99069,99-06-9,M-HYDROXYBENZOIC ACID,n/a,2.36E+01,2.16E+01,2.40E+02,9.07E-06,4.26E+01,4.26E+01,Interim,n/a,n/a,n/a,n/a,n/a,n/a,n/a,n/a,n/a,n/a,n/a,n/a,n/a,n/a,n/a,n/a,n/a,n/a,
99081,99-08-1,3-NITROTOLUENE,n/a,5.45E+01,5.34E+01,1.07E+03,1.62E+00,5.25E+01,5.25E+01,Recommended,n/a,n/a,n/a,n/a,n/a,n/a,n/a,n/a,n/a,n/a,n/a,n/a,n/a,n/a,n/a,n/a,n/a,5.02E-01,
99092,99-09-2,3-NITROANILINE,n/a,8.01E+01,7.44E+01,7.53E+02,2.32E-03,1.48E+02,1.48E+02,Recommended,n/a,n/a,n/a,n/a,n/a,n/a,n/a,n/a,n/a,n/a,n/a,n/a,n/a,n/a,n/a,n/a,n/a,n/a,
99309,99-30-9,"2,6-DICHLORO-4-NITROANILINE",n/a,1.13E+03,8.97E+02,1.66E+04,2.17E-01,4.98E+02,4.98E+02,Recommended,n/a,n/a,2.50E-06,n/a,1.91E-06,n/a,3.92E-06,n/a,2.60E-08,n/a,1.27E-07,n/a,2.47E-07,n/a,Recommended,n/a,n/a,n/a,
99354,99-35-4,"1,3,5-TRINITROBENZENE",n/a,2.14E+03,1.62E+03,3.56E+04,5.42E-02,6.53E+02,6.53E+02,Recommended,n/a,n/a,3.96E-06,n/a,2.93E-06,n/a,5.19E-06,n/a,2.27E-09,n/a,9.64E-08,n/a,1.55E-07,n/a,Recommended,n/a,n/a,n/a,
99514,99-51-4,"1,2-DIMETHYL-4-NITROBENZENE",n/a,6.82E+01,6.61E+01,1.41E+03,1.56E+00,4.65E+01,4.65E+01,Recommended,n/a,n/a,n/a,n/a,n/a,n/a,n/a,n/a,n/a,n/a,n/a,n/a,n/a,n/a,n/a,n/a,n/a,n/a,
99525,99-52-5,4-NITRO-2-TOLUIDINE,n/a,2.17E+01,1.70E+01,4.49E+02,2.74E-03,3.93E+01,3.93E+01,Interim,n/a,n/a,n/a,n/a,n/a,n/a,n/a,n/a,n/a,n/a,n/a,n/a,n/a,n/a,n/a,n/a,n/a,n/a,
99547,99-54-7,"3,4-DICHLORONITROBENZENE",n/a,6.91E+02,6.80E+02,9.93E+03,2.44E+01,7.57E+02,7.57E+02,Recommended,n/a,n/a,n/a,n/a,n/a,n/a,n/a,n/a,n/a,n/a,n/a,n/a,n/a,n/a,n/a,n/a,n/a,n/a,
99558,99-55-8,5-NITRO-O-TOLUIDINE,n/a,9.78E+01,7.98E+01,1.72E+03,1.92E-02,1.51E+02,1.51E+02,Interim,n/a,3.28E-07,n/a,1.68E-07,n/a,6.22E-07,n/a,7.39E-10,n/a,5.71E-08,n/a,9.78E-08,n/a,Recommended,n/a,n/a,n/a,n/a,
99569,99-56-9,2-AMINO-4-NITROANILINE,n/a,5.81E+01,5.16E+01,8.52E+02,2.12E-05,1.68E+02,1.68E+02,Interim,n/a,n/a,n/a,n/a,n/a,n/a,n/a,n/a,n/a,n/a,n/a,n/a,n/a,n/a,n/a,n/a,n/a,n/a,
99570,99-57-0,2-AMINO-4-NITROPHENOL,n/a,n/a,n/a,n/a,n/a,n/a,n/a,n/a,n/a,8.23E-08,n/a,5.34E-08,n/a,1.12E-07,n/a,3.37E-11,n/a,1.18E-08,n/a,2.06E-08,n/a,Recommended,n/a,n/a,n/a,n/a,
99592,99-59-2,5-NITRO-O-ANISIDINE,n/a,n/a,n/a,n/a,n/a,n/a,n/a,n/a,n/a,7.45E-07,n/a,2.59E-07,n/a,1.70E-06,n/a,1.37E-09,n/a,2.83E-07,n/a,3.89E-07,n/a,Recommended,n/a,n/a,n/a,n/a,
99616,99-61-6,M-NITROBENZALDEHYDE,n/a,2.02E+02,1.75E+02,6.12E+03,5.85E-01,1.52E+03,1.52E+03,Interim,n/a,n/a,n/a,n/a,n/a,n/a,n/a,n/a,n/a,n/a,n/a,n/a,n/a,n/a,n/a,n/a,n/a,n/a,
99627,99-62-7,"3-ISOPROPYL CUMENE; 1,3-DI-ISOPROPYL BENZENE",n/a,n/a,n/a,n/a,n/a,n/a,n/a,n/a,n/a,n/a,n/a,n/a,n/a,n/a,n/a,n/a,n/a,n/a,n/a,n/a,n/a,n/a,n/a,n/a,n/a,5.49E+00,
99650,99-65-0,"1,3-DINITROBENZENE",n/a,1.03E+03,8.71E+02,1.24E+04,1.58E-01,6.21E+02,6.21E+02,Recommended,n/a,n/a,3.71E-05,n/a,2.27E-05,n/a,5.37E-05,n/a,6.81E-08,n/a,2.87E-06,n/a,4.50E-06,n/a,Recommended,n/a,n/a,n/a,
99661,99-66-1,VALPROIC ACID,n/a,2.14E+00,2.06E+00,1.21E+02,2.38E-02,1.53E+01,1.53E+01,Interim,n/a,n/a,n/a,n/a,n/a,n/a,n/a,n/a,n/a,n/a,n/a,n/a,n/a,n/a,n/a,n/a,n/a,n/a,
99718,99-71-8,P-(SEC-BUTYL)PHENOL,n/a,6.31E+01,3.62E+01,1.14E+04,3.97E-01,5.21E+01,5.21E+01,Interim,n/a,n/a,n/a,n/a,n/a,n/a,n/a,n/a,n/a,n/a,n/a,n/a,n/a,n/a,n/a,n/a,n/a,n/a,
99763,99-76-3,"METHYLPARABEN (4-HYDROXYBENZOIC ACID, METHYL ESTER)",n/a,n/a,n/a,n/a,n/a,n/a,n/a,n/a,n/a,n/a,n/a,n/a,n/a,n/a,n/a,n/a,n/a,n/a,n/a,n/a,n/a,n/a,n/a,n/a,n/a,1.71E+00,
99876,99-87-6,P-CYMENE,n/a,2.64E-02,1.66E-02,3.16E+02,1.43E-03,8.80E-01,8.80E-01,Recommended,n/a,n/a,n/a,n/a,n/a,n/a,n/a,n/a,n/a,n/a,n/a,n/a,n/a,n/a,n/a,n/a,n/a,4.44E+00,
99898,99-89-8,P-ISOPROPYLPHENOL,n/a,1.53E+00,9.98E-01,2.89E+02,1.09E-02,2.43E+00,2.43E+00,Interim,n/a,n/a,n/a,n/a,n/a,n/a,n/a,n/a,n/a,n/a,n/a,n/a,n/a,n/a,n/a,n/a,n/a,n/a,
99923,99-92-3,4-AMINOACETOPHENONE,n/a,2.69E+02,2.22E+02,7.82E+03,2.03E-02,2.11E+03,2.11E+03,Interim,n/a,n/a,n/a,n/a,n/a,n/a,n/a,n/a,n/a,n/a,n/a,n/a,n/a,n/a,n/a,n/a,n/a,n/a,
99934,99-93-4,P-HYDROXYACETOPHENONE,n/a,3.52E+00,2.50E+00,9.90E+01,1.51E-04,8.69E+00,8.69E+00,Interim,n/a,n/a,n/a,n/a,n/a,n/a,n/a,n/a,n/a,n/a,n/a,n/a,n/a,n/a,n/a,n/a,n/a,n/a,
99967,99-96-7,P-HYDROXYBENZOIC ACID,n/a,1.75E+01,1.56E+01,2.15E+02,1.85E-07,3.40E+01,3.40E+01,Interim,n/a,n/a,n/a,n/a,n/a,n/a,n/a,n/a,n/a,n/a,n/a,n/a,n/a,n/a,n/a,n/a,n/a,n/a,
99978,99-97-8,"N,N,4-TRIMETHYLANILINE",n/a,9.99E-02,1.06E-01,2.33E+02,9.92E-03,1.85E+01,1.85E+01,Interim,n/a,n/a,n/a,n/a,n/a,n/a,n/a,n/a,n/a,n/a,n/a,n/a,n/a,n/a,n/a,n/a,n/a,n/a,
99990,99-99-0,4-NITROTOLUENE,n/a,5.53E+01,5.37E+01,9.78E+02,1.06E+00,4.84E+01,4.84E+01,Recommended,n/a,1.81E-07,n/a,7.39E-08,n/a,2.62E-07,n/a,2.04E-09,n/a,2.08E-08,n/a,3.31E-08,n/a,Recommended,n/a,n/a,n/a,n/a,
100005,100-00-5,P-CHLORONITROBENZENE,n/a,1.96E+02,1.91E+02,2.88E+03,3.16E+00,1.47E+02,1.47E+02,Recommended,n/a,2.00E-07,n/a,9.62E-08,n/a,2.99E-07,n/a,3.03E-09,n/a,2.48E-08,n/a,3.71E-08,n/a,Recommended,n/a,n/a,n/a,n/a,
100005,100-00-5,P-CHLORONITROBENZENE,n/a,1.96E+02,1.91E+02,2.88E+03,3.16E+00,1.47E+02,1.47E+02,Recommended,n/a,2.00E-07,n/a,9.62E-08,n/a,2.99E-07,n/a,3.03E-09,n/a,2.48E-08,n/a,3.71E-08,n/a,Recommended,n/a,n/a,n/a,n/a,
100016,100-01-6,4-NITROANILINE,n/a,3.06E+02,2.72E+02,3.87E+03,1.35E-03,6.26E+02,6.26E+02,Recommended,n/a,n/a,n/a,n/a,n/a,n/a,n/a,n/a,n/a,n/a,n/a,n/a,n/a,n/a,n/a,n/a,n/a,n/a,
100027,100-02-7,4-NITROPHENOL,n/a,9.17E+01,6.95E+01,1.66E+03,4.86E-05,5.13E+01,5.13E+01,Interim,n/a,n/a,n/a,n/a,n/a,n/a,n/a,n/a,n/a,n/a,n/a,n/a,n/a,n/a,n/a,n/a,n/a,n/a,
100129,100-12-9,4-ETHYLNITROBENZENE,n/a,3.09E+00,3.06E+00,1.51E+02,3.55E-01,3.86E+00,3.86E+00,Interim,n/a,n/a,n/a,n/a,n/a,n/a,n/a,n/a,n/a,n/a,n/a,n/a,n/a,n/a,n/a,n/a,n/a,n/a,
100174,100-17-4,P-NITROANISOLE,n/a,5.19E+01,4.77E+01,9.25E+02,2.49E-01,8.95E+01,8.95E+01,Recommended,n/a,n/a,n/a,n/a,n/a,n/a,n/a,n/a,n/a,n/a,n/a,n/a,n/a,n/a,n/a,n/a,n/a,n/a,
100209,100-20-9,"1,4-BENZENEDICARBONYL DICHLORIDE",n/a,9.78E+00,9.47E+00,5.18E+01,2.44E-03,1.20E+01,1.20E+01,Recommended,n/a,n/a,n/a,n/a,n/a,n/a,n/a,n/a,n/a,n/a,n/a,n/a,n/a,n/a,n/a,n/a,n/a,n/a,
100210,100-21-0,TEREPHTHALIC ACID,n/a,1.15E+00,1.01E+00,1.25E+01,2.15E-04,9.71E-01,9.71E-01,Interim,n/a,n/a,n/a,n/a,n/a,n/a,n/a,n/a,n/a,n/a,n/a,n/a,n/a,n/a,n/a,n/a,n/a,n/a,
100254,100-25-4,P-DINITROBENZENE,n/a,1.53E+03,1.31E+03,1.85E+04,1.01E+00,9.37E+02,9.37E+02,Recommended,n/a,n/a,n/a,n/a,n/a,n/a,n/a,n/a,n/a,n/a,n/a,n/a,n/a,n/a,n/a,n/a,n/a,n/a,
100298,100-29-8,P-NITROPHENETOLE,n/a,3.19E+01,2.75E+01,1.58E+03,2.68E-01,9.19E+01,9.19E+01,Interim,n/a,n/a,n/a,n/a,n/a,n/a,n/a,n/a,n/a,n/a,n/a,n/a,n/a,n/a,n/a,n/a,n/a,n/a,
100378,100-37-8,2-(DIETHYLAMINO)-ETHANOL,n/a,2.41E+00,1.65E+00,1.20E+02,6.34E-04,2.99E+01,2.99E+01,Interim,n/a,n/a,n/a,n/a,n/a,n/a,n/a,n/a,n/a,n/a,n/a,n/a,n/a,n/a,n/a,n/a,n/a,n/a,
100403,100-40-3,4-VINYLCYCLOHEXENE,n/a,n/a,n/a,n/a,n/a,n/a,n/a,n/a,n/a,3.60E-07,n/a,4.28E-09,n/a,4.04E-07,n/a,2.17E-08,n/a,4.69E-09,n/a,4.39E-08,n/a,Recommended,n/a,n/a,n/a,n/a,
100414,100-41-4,ETHYLBENZENE,n/a,2.96E-02,2.72E-02,1.75E+02,2.46E-03,1.70E+00,1.70E+00,Recommended,n/a,6.13E-07,1.01E-08,5.55E-08,9.44E-10,4.73E-08,3.73E-08,5.14E-09,1.38E-09,4.30E-08,1.08E-09,4.35E-08,6.08E-09,Recommended,Recommended,n/a,n/a,3.04E+00,
100425,100-42-5,STYRENE,n/a,1.99E-02,1.11E-02,1.85E+02,1.00E-03,8.36E-01,8.36E-01,Recommended,n/a,1.01E-06,2.01E-07,1.66E-08,3.32E-09,1.30E-08,6.91E-09,1.48E-09,3.38E-10,7.95E-09,1.61E-09,7.95E-09,1.91E-09,Recommended,Recommended,n/a,n/a,1.73E+00,
100436,100-43-6,4-VINYLPYRIDINE,n/a,9.74E+00,8.34E+00,1.41E+03,1.07E-01,4.20E+01,4.20E+01,Interim,n/a,n/a,n/a,n/a,n/a,n/a,n/a,n/a,n/a,n/a,n/a,n/a,n/a,n/a,n/a,n/a,n/a,n/a,
100447,100-44-7,BENZYL CHLORIDE,n/a,4.21E+00,4.15E+00,8.18E+02,3.24E-01,1.08E+01,1.08E+01,Interim,n/a,9.52E-07,n/a,1.56E-07,n/a,4.76E-07,n/a,1.55E-08,n/a,5.59E-08,n/a,7.82E-08,n/a,Interim,n/a,n/a,n/a,n/a,
100469,100-46-9,BENZYLAMINE,n/a,4.27E+00,2.18E+00,1.82E+02,3.70E-04,4.87E+00,4.87E+00,Interim,n/a,n/a,n/a,n/a,n/a,n/a,n/a,n/a,n/a,n/a,n/a,n/a,n/a,n/a,n/a,n/a,n/a,n/a,
100470,100-47-0,BENZONITRILE,n/a,2.83E+00,2.81E+00,5.98E+01,1.33E-01,3.67E+00,3.67E+00,Recommended,n/a,n/a,n/a,n/a,n/a,n/a,n/a,n/a,n/a,n/a,n/a,n/a,n/a,n/a,n/a,n/a,n/a,n/a,
100481,100-48-1,4-CYANOPYRIDINE,n/a,7.12E+00,6.87E+00,5.13E+01,2.69E-02,1.01E+01,1.01E+01,Interim,n/a,n/a,n/a,n/a,n/a,n/a,n/a,n/a,n/a,n/a,n/a,n/a,n/a,n/a,n/a,n/a,n/a,n/a,
100516,100-51-6,BENZYL ALCOHOL,n/a,7.90E+00,6.57E+00,2.00E+02,4.03E-03,3.93E+01,3.93E+01,Recommended,n/a,n/a,n/a,n/a,n/a,n/a,n/a,n/a,n/a,n/a,n/a,n/a,n/a,n/a,n/a,n/a,n/a,5.11E+00,
100527,100-52-7,BENZALDEHYDE,n/a,3.14E+00,3.15E+00,3.49E+02,1.01E-01,5.45E+01,5.45E+01,Recommended,n/a,3.39E-08,4.40E-08,2.21E-09,2.87E-09,2.61E-08,3.39E-08,1.05E-10,1.37E-10,4.74E-09,6.15E-09,1.06E-08,1.37E-08,Interim,Recommended,n/a,n/a,n/a,
100549,100-54-9,3-CYANOPYRIDINE,n/a,1.26E+01,1.22E+01,6.54E+01,1.44E-02,1.51E+01,1.51E+01,Interim,n/a,n/a,n/a,n/a,n/a,n/a,n/a,n/a,n/a,n/a,n/a,n/a,n/a,n/a,n/a,n/a,n/a,n/a,
100550,100-55-0,3-PYRIDINEMETHANOL,n/a,9.51E-01,9.13E-01,5.93E+00,2.77E-07,1.38E+00,1.38E+00,Interim,n/a,n/a,n/a,n/a,n/a,n/a,n/a,n/a,n/a,n/a,n/a,n/a,n/a,n/a,n/a,n/a,n/a,n/a,
100618,100-61-8,N-METHYLANILINE,n/a,1.94E+00,1.59E+00,4.40E+02,2.20E-02,1.45E+01,1.45E+01,Recommended,n/a,n/a,n/a,n/a,n/a,n/a,n/a,n/a,n/a,n/a,n/a,n/a,n/a,n/a,n/a,n/a,n/a,n/a,
100630,100-63-0,PHENYL HYDRAZINE,n/a,2.78E+01,1.60E+01,1.02E+03,1.30E-04,5.17E+01,5.17E+01,Interim,n/a,n/a,n/a,n/a,n/a,n/a,n/a,n/a,n/a,n/a,n/a,n/a,n/a,n/a,n/a,n/a,n/a,n/a,
100641,100-64-1,CYCLOHEXANONE OXIME,n/a,3.41E+00,2.33E+00,8.83E+01,9.70E-04,1.51E+00,1.51E+00,Interim,n/a,n/a,n/a,n/a,n/a,n/a,n/a,n/a,n/a,n/a,n/a,n/a,n/a,n/a,n/a,n/a,n/a,n/a,
100663,100-66-3,METHOXYBENZENE,n/a,6.66E-02,6.73E-02,6.69E+01,5.55E-03,3.89E+00,3.89E+00,Recommended,n/a,n/a,n/a,n/a,n/a,n/a,n/a,n/a,n/a,n/a,n/a,n/a,n/a,n/a,n/a,n/a,n/a,6.66E+00,
100685,100-68-5,THIOANISOLE,n/a,5.37E+00,5.21E+00,1.74E+03,3.48E-01,2.39E+01,2.39E+01,Interim,n/a,n/a,n/a,n/a,n/a,n/a,n/a,n/a,n/a,n/a,n/a,n/a,n/a,n/a,n/a,n/a,n/a,n/a,
100709,100-70-9,2-CYANOPYRIDINE,n/a,8.73E+00,8.40E+00,5.41E+01,1.73E-02,1.10E+01,1.10E+01,Interim,n/a,n/a,n/a,n/a,n/a,n/a,n/a,n/a,n/a,n/a,n/a,n/a,n/a,n/a,n/a,n/a,n/a,n/a,
100710,100-71-0,2-ETHYLPYRIDINE,n/a,1.30E+00,1.28E+00,3.49E+01,6.59E-02,2.34E+00,2.34E+00,Interim,n/a,n/a,n/a,n/a,n/a,n/a,n/a,n/a,n/a,n/a,n/a,n/a,n/a,n/a,n/a,n/a,n/a,n/a,
100754,100-75-4,N-NITROSOPIPERIDINE,n/a,n/a,n/a,n/a,n/a,n/a,n/a,n/a,n/a,3.86E-05,n/a,3.98E-06,n/a,1.15E-04,n/a,4.04E-08,n/a,9.98E-06,n/a,1.26E-05,n/a,Recommended,n/a,n/a,n/a,n/a,
100798,100-79-8,DIOXOLANE,n/a,1.97E-04,2.03E-04,2.72E-01,1.61E-05,3.45E-02,3.45E-02,Interim,n/a,n/a,n/a,n/a,n/a,n/a,n/a,n/a,n/a,n/a,n/a,n/a,n/a,n/a,n/a,n/a,n/a,n/a,
100970,100-97-0,HEXAMETHYLENETETRAMINE,n/a,2.53E-02,2.42E-02,9.85E-01,2.36E-07,3.85E-01,3.85E-01,Interim,n/a,n/a,n/a,n/a,n/a,n/a,n/a,n/a,n/a,n/a,n/a,n/a,n/a,n/a,n/a,n/a,n/a,n/a,
101020,101-02-0,"PHOSPHOROUS ACID, TRIPHENYL ESTER",n/a,7.80E+00,7.33E-01,1.69E+03,4.50E-02,1.88E-01,1.88E-01,Interim,n/a,n/a,n/a,n/a,n/a,n/a,n/a,n/a,n/a,n/a,n/a,n/a,n/a,n/a,n/a,n/a,n/a,n/a,
101053,101-05-3,ANILAZINE,n/a,1.13E+04,6.48E+03,4.02E+05,2.01E-02,1.77E+04,1.77E+04,Recommended,n/a,n/a,3.57E-07,n/a,2.32E-07,n/a,4.39E-06,n/a,1.16E-07,n/a,1.93E-07,n/a,3.32E-07,n/a,Recommended,n/a,n/a,n/a,
101144,101-14-4,"4,4'-METHYLENEBIS(2-CHLOROANALINE)",n/a,n/a,n/a,n/a,n/a,n/a,n/a,n/a,n/a,5.97E-06,n/a,2.20E-06,n/a,5.03E-05,n/a,8.69E-07,n/a,2.90E-07,n/a,1.08E-06,n/a,Recommended,n/a,n/a,n/a,n/a,
101202,101-20-2,TRICLOCARBAN,n/a,3.93E+04,2.07E+04,1.40E+06,2.15E-01,1.10E+04,1.10E+04,Interim,n/a,n/a,n/a,n/a,n/a,n/a,n/a,n/a,n/a,n/a,n/a,n/a,n/a,n/a,n/a,n/a,n/a,n/a,
101213,101-21-3,CHLORPROPHAM,n/a,8.11E+01,3.80E+01,5.49E+03,7.31E-02,2.35E+02,2.35E+02,Recommended,n/a,n/a,8.56E-07,n/a,3.46E-07,n/a,3.70E-06,n/a,4.41E-08,n/a,1.76E-07,n/a,5.74E-07,n/a,Recommended,n/a,n/a,n/a,
101279,101-27-9,BARBAN,n/a,7.69E+02,3.25E+02,3.58E+04,1.84E-02,9.40E+02,9.40E+02,Recommended,n/a,n/a,n/a,n/a,n/a,n/a,n/a,n/a,n/a,n/a,n/a,n/a,n/a,n/a,n/a,n/a,n/a,n/a,
101428,101-42-8,FENURON,n/a,1.15E+02,9.10E+01,2.79E+03,2.92E-04,4.56E+02,4.56E+02,Interim,n/a,n/a,n/a,n/a,n/a,n/a,n/a,n/a,n/a,n/a,n/a,n/a,n/a,n/a,n/a,n/a,n/a,n/a,
101542,101-54-2,4-AMINODIPHENYLAMINE,n/a,3.80E+02,8.28E+01,2.10E+04,6.02E-04,3.08E+02,3.08E+02,Recommended,n/a,n/a,n/a,n/a,n/a,n/a,n/a,n/a,n/a,n/a,n/a,n/a,n/a,n/a,n/a,n/a,n/a,n/a,
101553,101-55-3,4-BROMOPHENYL PHENYL ETHER,n/a,7.75E+00,7.41E+00,2.33E+03,1.03E+00,1.36E+01,1.36E+01,Interim,n/a,n/a,n/a,n/a,n/a,n/a,n/a,n/a,n/a,n/a,n/a,n/a,n/a,n/a,n/a,n/a,n/a,n/a,
101611,101-61-1,BIS-(4-DIMETHYLAMINOPHENYL)METHANE,n/a,n/a,n/a,n/a,n/a,n/a,n/a,n/a,n/a,1.44E-06,n/a,3.42E-07,n/a,2.85E-05,n/a,5.86E-07,n/a,3.36E-07,n/a,1.62E-06,n/a,Recommended,n/a,n/a,n/a,n/a,
101688,101-68-8,METHYLENE DIPHENYLENE DIISOCYANATE,n/a,n/a,n/a,n/a,n/a,n/a,n/a,n/a,n/a,n/a,n/a,n/a,n/a,n/a,n/a,n/a,n/a,n/a,n/a,n/a,n/a,n/a,n/a,n/a,n/a,8.93E-01,
101724,101-72-4,4-(ISOPROPYLAMINO) DIPHENYLAMINE,n/a,1.85E+02,2.04E+01,1.96E+04,2.85E-02,9.07E+01,9.07E+01,Recommended,n/a,n/a,n/a,n/a,n/a,n/a,n/a,n/a,n/a,n/a,n/a,n/a,n/a,n/a,n/a,n/a,n/a,n/a,
101779,101-77-9,"4,4'-METHYLENEDIANILINE",n/a,2.76E+01,5.47E+00,1.54E+03,1.04E-05,1.43E+01,1.43E+01,Recommended,n/a,n/a,n/a,n/a,n/a,n/a,n/a,n/a,n/a,n/a,n/a,n/a,n/a,n/a,n/a,n/a,n/a,n/a,
101791,101-79-1,"BENZENAMINE, 4-(4-CHLOROPHENOXY)-",n/a,n/a,n/a,n/a,n/a,n/a,n/a,n/a,n/a,8.39E-07,n/a,2.39E-07,n/a,1.03E-05,n/a,1.97E-07,n/a,1.37E-07,n/a,3.63E-07,n/a,Recommended,n/a,n/a,n/a,n/a,
101804,101-80-4,"4,4'-DIAMINODIPHENYL ETHER",n/a,n/a,n/a,n/a,n/a,n/a,n/a,n/a,n/a,2.04E-06,n/a,4.23E-07,n/a,9.93E-06,n/a,5.66E-09,n/a,4.03E-07,n/a,7.29E-07,n/a,Recommended,n/a,n/a,n/a,n/a,
101815,101-81-5,"BENZENE, 1,1'-METHYLENEBIS-",n/a,3.61E+00,2.90E+00,7.44E+02,1.69E-01,8.22E-01,8.22E-01,Interim,n/a,n/a,n/a,n/a,n/a,n/a,n/a,n/a,n/a,n/a,n/a,n/a,n/a,n/a,n/a,n/a,n/a,n/a,
101826,101-82-6,2-BENZYLPYRIDINE,n/a,1.64E+01,1.01E+01,5.20E+02,1.71E-02,2.38E+00,2.38E+00,Interim,n/a,n/a,n/a,n/a,n/a,n/a,n/a,n/a,n/a,n/a,n/a,n/a,n/a,n/a,n/a,n/a,n/a,n/a,
101837,101-83-7,DICYCLOHEXYLAMINE,n/a,4.13E-01,3.96E-01,8.15E+02,1.92E-02,2.53E+01,2.53E+01,Interim,n/a,n/a,n/a,n/a,n/a,n/a,n/a,n/a,n/a,n/a,n/a,n/a,n/a,n/a,n/a,n/a,n/a,n/a,
101848,101-84-8,DIPHENYL ETHER,n/a,8.33E+00,7.65E+00,3.18E+03,5.28E-01,1.21E+01,1.21E+01,Recommended,n/a,n/a,n/a,n/a,n/a,n/a,n/a,n/a,n/a,n/a,n/a,n/a,n/a,n/a,n/a,n/a,n/a,n/a,
101860,101-86-0,HEXYL CINNAMAL,n/a,n/a,n/a,n/a,n/a,n/a,n/a,n/a,n/a,n/a,n/a,n/a,n/a,n/a,n/a,n/a,n/a,n/a,n/a,n/a,n/a,n/a,n/a,n/a,n/a,2.96E+00,
101906,101-90-6,"OXIRANE, 2,2'- 1,3-PHENYLENEBIS(OXYMETHYLENE) BI",n/a,n/a,n/a,n/a,n/a,n/a,n/a,n/a,n/a,4.74E-06,n/a,6.68E-07,n/a,2.49E-05,n/a,1.21E-08,n/a,5.33E-06,n/a,7.88E-06,n/a,Interim,n/a,n/a,n/a,n/a,
102012,102-01-2,ACETOACETANILIDE,n/a,9.76E+00,9.02E+00,1.02E+02,2.20E-05,2.16E+01,2.16E+01,Interim,n/a,n/a,n/a,n/a,n/a,n/a,n/a,n/a,n/a,n/a,n/a,n/a,n/a,n/a,n/a,n/a,n/a,n/a,
102067,102-06-7,"N,N'-DIPHENYLGUANIDINE",n/a,8.43E+01,2.56E+01,4.46E+03,9.71E-05,5.27E+01,5.27E+01,Interim,n/a,n/a,n/a,n/a,n/a,n/a,n/a,n/a,n/a,n/a,n/a,n/a,n/a,n/a,n/a,n/a,n/a,n/a,
102089,102-08-9,THIOCARBANILIDE,n/a,2.02E+01,6.31E+00,1.07E+03,3.14E-04,1.75E+01,1.75E+01,Interim,n/a,n/a,n/a,n/a,n/a,n/a,n/a,n/a,n/a,n/a,n/a,n/a,n/a,n/a,n/a,n/a,n/a,n/a,
102272,102-27-2,"BENZENAMINE, N-ETHYL-3-METHYL-",n/a,1.40E-01,1.39E-01,1.83E+02,1.29E-02,9.43E+00,9.43E+00,Interim,n/a,n/a,n/a,n/a,n/a,n/a,n/a,n/a,n/a,n/a,n/a,n/a,n/a,n/a,n/a,n/a,n/a,n/a,
102501,102-50-1,"BENZENAMINE, 4-METHOXY-2-METHYL-",n/a,n/a,n/a,n/a,n/a,n/a,n/a,n/a,n/a,4.43E-08,n/a,2.29E-09,n/a,1.87E-07,n/a,9.52E-11,n/a,2.69E-08,n/a,3.64E-08,n/a,Recommended,n/a,n/a,n/a,n/a,
102692,102-69-2,TRIPROPYLAMINE,n/a,2.27E-02,2.21E-02,1.07E+02,3.53E-03,3.37E+00,3.37E+00,Interim,n/a,n/a,n/a,n/a,n/a,n/a,n/a,n/a,n/a,n/a,n/a,n/a,n/a,n/a,n/a,n/a,n/a,n/a,
102716,102-71-6,TRIETHANOLAMINE,n/a,4.74E-01,3.81E-01,1.41E+01,4.43E-10,3.35E+00,3.35E+00,Interim,n/a,4.08E-07,n/a,7.83E-08,n/a,8.20E-07,n/a,5.85E-10,n/a,1.95E-07,n/a,2.88E-07,n/a,Interim,n/a,n/a,n/a,4.21E+00,
102761,102-76-1,GLYCERYL TRIACETATE,n/a,n/a,n/a,n/a,n/a,n/a,n/a,n/a,n/a,n/a,n/a,n/a,n/a,n/a,n/a,n/a,n/a,n/a,n/a,n/a,n/a,n/a,n/a,n/a,n/a,5.47E-01,
102818,102-81-8,2-DIBUTYLAMINOETHANOL,n/a,8.17E-01,2.83E-01,9.52E+01,1.83E-04,6.16E+00,6.16E+00,Interim,n/a,n/a,n/a,n/a,n/a,n/a,n/a,n/a,n/a,n/a,n/a,n/a,n/a,n/a,n/a,n/a,n/a,n/a,
102829,102-82-9,TRI N-BUTYLAMINE,n/a,2.43E-01,1.39E-01,3.78E+02,5.05E-03,8.59E-01,8.59E-01,Interim,n/a,n/a,n/a,n/a,n/a,n/a,n/a,n/a,n/a,n/a,n/a,n/a,n/a,n/a,n/a,n/a,n/a,n/a,
102976,102-97-6,"BENZENEMETHANAMINE, N-(1-METHYLETHYL)-",n/a,1.91E+00,7.04E-01,4.06E+02,3.63E-03,3.57E+00,3.57E+00,Interim,n/a,n/a,n/a,n/a,n/a,n/a,n/a,n/a,n/a,n/a,n/a,n/a,n/a,n/a,n/a,n/a,n/a,n/a,
103037,103-03-7,"HYDRAZINECARBOXAMIDE, 2-PHENYL-",n/a,n/a,n/a,n/a,n/a,n/a,n/a,n/a,n/a,3.22E-07,n/a,8.05E-08,n/a,4.84E-07,n/a,8.40E-11,n/a,4.23E-08,n/a,7.04E-08,n/a,Interim,n/a,n/a,n/a,n/a,
103059,103-05-9,"BENZENEPROPANOL, ,ALPHA,,,ALPHA,-DIMETHYL-",n/a,1.25E+01,1.01E+01,5.12E+02,4.73E-02,4.54E+01,4.54E+01,Interim,n/a,n/a,n/a,n/a,n/a,n/a,n/a,n/a,n/a,n/a,n/a,n/a,n/a,n/a,n/a,n/a,n/a,n/a,
103093,103-09-3,2-ETHYL-HEXYL ACETATE,n/a,n/a,n/a,n/a,n/a,n/a,n/a,n/a,n/a,n/a,n/a,n/a,n/a,n/a,n/a,n/a,n/a,n/a,n/a,n/a,n/a,n/a,n/a,n/a,n/a,6.56E-01,
103117,103-11-7,2-ETHYLHEXYL ACRYLATE,n/a,7.51E-02,7.10E-02,8.54E+01,5.09E-03,1.22E+00,1.22E+00,Recommended,n/a,n/a,n/a,n/a,n/a,n/a,n/a,n/a,n/a,n/a,n/a,n/a,n/a,n/a,n/a,n/a,n/a,2.52E+00,
103231,103-23-1,BIS(2-ETHYLHEXYL)ADIPATE,n/a,3.72E+00,1.88E+00,1.35E+02,1.64E-04,4.38E-02,4.38E-02,Recommended,n/a,2.24E-08,3.18E-08,1.10E-08,1.56E-08,5.37E-09,7.63E-09,4.97E-12,7.06E-12,7.23E-12,1.03E-11,8.48E-10,1.20E-09,Recommended,Recommended,n/a,n/a,n/a,
103333,103-33-3,AZOBENZENE,n/a,5.99E+02,5.76E+02,1.66E+04,2.16E+01,2.01E+02,2.01E+02,Recommended,n/a,3.82E-06,n/a,2.69E-06,n/a,5.93E-06,n/a,2.43E-07,n/a,3.00E-07,n/a,5.58E-07,n/a,Recommended,n/a,n/a,n/a,n/a,
103651,103-65-1,N-PROPYLBENZENE,n/a,1.28E-01,1.06E-01,8.09E+02,9.34E-03,2.99E+00,2.99E+00,Recommended,n/a,n/a,n/a,n/a,n/a,n/a,n/a,n/a,n/a,n/a,n/a,n/a,n/a,n/a,n/a,n/a,n/a,2.03E+00,
103695,103-69-5,N-ETHYLANILINE,n/a,1.51E+00,1.24E+00,4.19E+02,1.80E-02,1.68E+01,1.68E+01,Recommended,n/a,n/a,n/a,n/a,n/a,n/a,n/a,n/a,n/a,n/a,n/a,n/a,n/a,n/a,n/a,n/a,n/a,n/a,
103720,103-72-0,PHENYLISOTHIOCYANATE,n/a,1.58E+01,1.54E+01,1.51E+04,1.31E+00,1.93E+02,1.93E+02,Interim,n/a,n/a,n/a,n/a,n/a,n/a,n/a,n/a,n/a,n/a,n/a,n/a,n/a,n/a,n/a,n/a,n/a,n/a,
103742,103-74-2,2-PYRIDINEETHANOL,n/a,1.45E+02,1.33E+02,1.36E+03,3.53E-04,2.09E+02,2.09E+02,Interim,n/a,n/a,n/a,n/a,n/a,n/a,n/a,n/a,n/a,n/a,n/a,n/a,n/a,n/a,n/a,n/a,n/a,n/a,
103764,103-76-4,1-PIPERAZINEETHANOL,n/a,9.06E-02,7.68E-02,2.93E+00,4.69E-08,8.65E-01,8.65E-01,Interim,n/a,n/a,n/a,n/a,n/a,n/a,n/a,n/a,n/a,n/a,n/a,n/a,n/a,n/a,n/a,n/a,n/a,n/a,
103822,103-82-2,PHENYLACETIC ACID,n/a,3.94E+01,3.64E+01,3.41E+02,2.53E-03,5.22E+01,5.22E+01,Interim,n/a,n/a,n/a,n/a,n/a,n/a,n/a,n/a,n/a,n/a,n/a,n/a,n/a,n/a,n/a,n/a,n/a,n/a,
103833,103-83-3,"N,N-DIMETHYLBENZYLAMINE",n/a,8.79E-01,7.32E-01,4.28E+02,3.07E-02,2.12E+01,2.12E+01,Interim,n/a,n/a,n/a,n/a,n/a,n/a,n/a,n/a,n/a,n/a,n/a,n/a,n/a,n/a,n/a,n/a,n/a,n/a,
103844,103-84-4,ACETANILIDE,n/a,1.40E+01,1.25E+01,1.75E+02,1.19E-04,2.76E+01,2.76E+01,Interim,n/a,n/a,n/a,n/a,n/a,n/a,n/a,n/a,n/a,n/a,n/a,n/a,n/a,n/a,n/a,n/a,n/a,n/a,
103855,103-85-5,N-PHENYLTHIOUREA,n/a,1.73E+01,9.21E+00,7.19E+02,3.38E-04,4.60E+01,4.60E+01,Interim,n/a,n/a,n/a,n/a,n/a,n/a,n/a,n/a,n/a,n/a,n/a,n/a,n/a,n/a,n/a,n/a,n/a,n/a,
103902,103-90-2,"ACETAMIDE, N-(4-HYDROXYPHENYL)",n/a,4.89E+00,4.03E+00,8.66E+01,1.83E-07,1.01E+01,1.01E+01,Recommended,n/a,7.96E-08,n/a,3.07E-08,n/a,9.06E-08,n/a,1.68E-11,n/a,1.05E-08,n/a,1.86E-08,n/a,Recommended,n/a,n/a,n/a,n/a,
104132,104-13-2,"BENZENAMINE, 4-BUTYL-",n/a,2.36E+00,1.24E+00,1.20E+03,1.76E-02,1.21E+01,1.21E+01,Interim,n/a,n/a,n/a,n/a,n/a,n/a,n/a,n/a,n/a,n/a,n/a,n/a,n/a,n/a,n/a,n/a,n/a,n/a,
104405,104-40-5,P-NONYLPHENOL,n/a,3.27E+02,9.83E+01,5.93E+04,2.77E+00,1.61E+01,1.61E+01,Recommended,n/a,n/a,n/a,n/a,n/a,n/a,n/a,n/a,n/a,n/a,n/a,n/a,n/a,n/a,n/a,n/a,n/a,n/a,
104427,104-42-7,P-DODECYLANILINE,n/a,1.68E+05,6.24E+04,8.16E+06,2.09E+00,2.60E+03,2.60E+03,Interim,n/a,n/a,n/a,n/a,n/a,n/a,n/a,n/a,n/a,n/a,n/a,n/a,n/a,n/a,n/a,n/a,n/a,n/a,
104438,104-43-8,"PHENOL, 4-DODECYL-",n/a,4.75E+01,8.83E+00,7.42E+03,9.58E-02,5.79E-01,5.79E-01,Interim,n/a,n/a,n/a,n/a,n/a,n/a,n/a,n/a,n/a,n/a,n/a,n/a,n/a,n/a,n/a,n/a,n/a,n/a,
104461,104-46-1,ANETHOLE,n/a,n/a,n/a,n/a,n/a,n/a,n/a,n/a,n/a,n/a,n/a,n/a,n/a,n/a,n/a,n/a,n/a,n/a,n/a,n/a,n/a,n/a,n/a,n/a,n/a,8.02E-01,
104518,104-51-8,N-BUTYLBENZENE,n/a,8.56E-01,5.15E-01,8.55E+03,4.43E-02,1.26E+01,1.26E+01,Interim,n/a,n/a,n/a,n/a,n/a,n/a,n/a,n/a,n/a,n/a,n/a,n/a,n/a,n/a,n/a,n/a,n/a,2.36E+00,
104541,104-54-1,CINNAMIC ALCOHOL,n/a,n/a,n/a,n/a,n/a,n/a,n/a,n/a,n/a,n/a,n/a,n/a,n/a,n/a,n/a,n/a,n/a,n/a,n/a,n/a,n/a,n/a,n/a,n/a,n/a,8.86E-01,
104552,104-55-2,CINNAMIC ALDEHYDE,n/a,n/a,n/a,n/a,n/a,n/a,n/a,n/a,n/a,n/a,n/a,n/a,n/a,n/a,n/a,n/a,n/a,n/a,n/a,n/a,n/a,n/a,n/a,n/a,n/a,4.84E+00,
104756,104-75-6,2-ETHYLHEXYLAMINE,n/a,1.04E+00,9.79E-01,6.58E+02,5.58E-02,9.18E+00,9.18E+00,Interim,n/a,n/a,n/a,n/a,n/a,n/a,n/a,n/a,n/a,n/a,n/a,n/a,n/a,n/a,n/a,n/a,n/a,n/a,
104767,104-76-7,2-ETHYL-1-HEXANOL,n/a,2.20E+00,2.17E+00,2.70E+02,3.89E-02,1.87E+01,1.87E+01,Recommended,n/a,3.07E-08,n/a,2.66E-09,n/a,2.35E-08,n/a,2.29E-10,n/a,2.22E-09,n/a,1.08E-08,n/a,Recommended,n/a,n/a,n/a,2.00E+00,
104858,104-85-8,4-METHYLBENZONITRILE,n/a,1.60E+00,1.59E+00,4.68E+01,7.25E-02,1.99E+00,1.99E+00,Interim,n/a,n/a,n/a,n/a,n/a,n/a,n/a,n/a,n/a,n/a,n/a,n/a,n/a,n/a,n/a,n/a,n/a,n/a,
104870,104-87-0,P-TOLUALDEHYDE,n/a,5.51E-01,5.43E-01,7.56E+01,1.24E-02,1.06E+01,1.06E+01,Interim,n/a,n/a,n/a,n/a,n/a,n/a,n/a,n/a,n/a,n/a,n/a,n/a,n/a,n/a,n/a,n/a,n/a,n/a,
104881,104-88-1,4-CHLOROBENZALDEHYDE,n/a,1.22E+01,1.20E+01,1.47E+03,5.19E-01,3.12E+02,3.12E+02,Interim,n/a,n/a,n/a,n/a,n/a,n/a,n/a,n/a,n/a,n/a,n/a,n/a,n/a,n/a,n/a,n/a,n/a,n/a,
104905,104-90-5,5-ETHYL-2-METHYLPYRIDINE,n/a,5.35E+00,5.27E+00,1.70E+02,2.89E-01,7.91E+00,7.91E+00,Interim,n/a,n/a,n/a,n/a,n/a,n/a,n/a,n/a,n/a,n/a,n/a,n/a,n/a,n/a,n/a,n/a,n/a,n/a,
104938,104-93-8,P-METHYLANISOLE,n/a,4.03E-02,3.96E-02,4.95E+01,3.08E-03,1.33E+00,1.33E+00,Recommended,n/a,n/a,n/a,n/a,n/a,n/a,n/a,n/a,n/a,n/a,n/a,n/a,n/a,n/a,n/a,n/a,n/a,n/a,
104949,104-94-9,P-ANISIDINE,n/a,1.09E+02,6.76E+01,4.55E+03,1.83E-02,6.64E+02,6.64E+02,Interim,n/a,n/a,n/a,n/a,n/a,n/a,n/a,n/a,n/a,n/a,n/a,n/a,n/a,n/a,n/a,n/a,n/a,n/a,
105055,105-05-5,P-DIETHYL BENZENE,n/a,n/a,n/a,n/a,n/a,n/a,n/a,n/a,n/a,n/a,n/a,n/a,n/a,n/a,n/a,n/a,n/a,n/a,n/a,n/a,n/a,n/a,n/a,n/a,n/a,4.43E+00,
105113,105-11-3,"2,5-CYCLOHEXADIENE-1,4-DIONE, DIOXIME",n/a,n/a,n/a,n/a,n/a,n/a,n/a,n/a,n/a,2.11E-07,n/a,3.03E-08,n/a,4.24E-07,n/a,2.65E-10,n/a,2.45E-09,n/a,5.45E-09,n/a,Recommended,n/a,n/a,n/a,n/a,
105373,105-37-3,ETHYL PROPIONATE,n/a,2.61E-01,2.61E-01,2.58E+01,2.01E-02,2.88E+00,2.88E+00,Recommended,n/a,n/a,n/a,n/a,n/a,n/a,n/a,n/a,n/a,n/a,n/a,n/a,n/a,n/a,n/a,n/a,n/a,7.67E-01,
105384,105-38-4,VINYL PROPIONATE,n/a,3.30E-02,3.40E-02,6.79E+01,2.94E-03,5.49E+00,5.49E+00,Recommended,n/a,n/a,n/a,n/a,n/a,n/a,n/a,n/a,n/a,n/a,n/a,n/a,n/a,n/a,n/a,n/a,n/a,n/a,
105395,105-39-5,ETHYL CHLOROACETATE,n/a,1.22E+02,1.22E+02,3.35E+03,4.80E+00,5.43E+02,5.43E+02,Interim,n/a,n/a,n/a,n/a,n/a,n/a,n/a,n/a,n/a,n/a,n/a,n/a,n/a,n/a,n/a,n/a,n/a,n/a,
105464,105-46-4,S-BUTYLACETATE,n/a,5.20E-02,5.23E-02,1.66E+01,4.18E-03,1.41E+00,1.41E+00,Interim,n/a,n/a,n/a,n/a,n/a,n/a,n/a,n/a,n/a,n/a,n/a,n/a,n/a,n/a,n/a,n/a,n/a,1.32E+00,
105533,105-53-3,DIETHYL MALONATE,n/a,8.30E+00,7.88E+00,1.54E+02,2.55E-02,3.04E+01,3.04E+01,Recommended,n/a,n/a,n/a,n/a,n/a,n/a,n/a,n/a,n/a,n/a,n/a,n/a,n/a,n/a,n/a,n/a,n/a,n/a,
105544,105-54-4,ETHYLBUTYRATE,n/a,4.23E-02,4.24E-02,1.19E+01,3.37E-03,9.55E-01,9.55E-01,Recommended,n/a,n/a,n/a,n/a,n/a,n/a,n/a,n/a,n/a,n/a,n/a,n/a,n/a,n/a,n/a,n/a,n/a,1.17E+00,
105555,105-55-5,"N,N-DIETHYLTHIOUREA",n/a,1.00E-01,8.87E-02,8.94E+01,1.82E-03,8.71E+00,8.71E+00,Interim,n/a,7.77E-07,n/a,8.17E-09,n/a,1.06E-06,n/a,5.30E-10,n/a,1.05E-07,n/a,1.99E-07,n/a,Recommended,n/a,n/a,n/a,n/a,
105577,105-57-7,"ACETAL (1,1-DIETHOXYETHANE)",n/a,n/a,n/a,n/a,n/a,n/a,n/a,n/a,n/a,n/a,n/a,n/a,n/a,n/a,n/a,n/a,n/a,n/a,n/a,n/a,n/a,n/a,n/a,n/a,n/a,3.58E+00,
105599,105-59-9,N-METHYLDIETHANOLAMINE,n/a,2.05E+00,1.85E+00,4.90E+01,1.03E-07,1.59E+01,1.59E+01,Interim,n/a,n/a,n/a,n/a,n/a,n/a,n/a,n/a,n/a,n/a,n/a,n/a,n/a,n/a,n/a,n/a,n/a,n/a,
105602,105-60-2,CAPROLACTAM,n/a,1.32E+00,1.15E+00,1.94E+01,6.45E-07,3.21E+00,3.21E+00,Recommended,n/a,n/a,8.83E-08,n/a,3.49E-08,n/a,9.96E-08,n/a,2.06E-11,n/a,1.65E-08,n/a,3.05E-08,n/a,Recommended,n/a,n/a,n/a,
105668,105-66-8,N-PROPYL BUTYRATE,n/a,n/a,n/a,n/a,n/a,n/a,n/a,n/a,n/a,n/a,n/a,n/a,n/a,n/a,n/a,n/a,n/a,n/a,n/a,n/a,n/a,n/a,n/a,n/a,n/a,1.05E+00,
105679,105-67-9,"2,4-DIMETHYLPHENOL",n/a,1.21E+01,3.95E+00,1.28E+03,6.50E-03,1.93E+01,1.93E+01,Recommended,n/a,n/a,1.86E-07,n/a,1.46E-08,n/a,3.66E-07,n/a,8.44E-10,n/a,5.98E-09,n/a,1.47E-08,n/a,Recommended,n/a,n/a,2.12E+00,
105759,105-75-9,"2-BUTENEDIOIC ACID (E)-, DIBUTYL ESTER",n/a,4.25E+02,2.65E+02,1.64E+04,8.29E-02,6.10E+02,6.10E+02,Interim,n/a,n/a,n/a,n/a,n/a,n/a,n/a,n/a,n/a,n/a,n/a,n/a,n/a,n/a,n/a,n/a,n/a,n/a,
105760,105-76-0,DIBUTYL MALEATE,n/a,4.31E+01,2.69E+01,1.67E+03,8.42E-03,6.19E+01,6.19E+01,Recommended,n/a,n/a,n/a,n/a,n/a,n/a,n/a,n/a,n/a,n/a,n/a,n/a,n/a,n/a,n/a,n/a,n/a,n/a,
105997,105-99-7,"HEXANEDIOIC ACID, DIBUTYL ESTER",n/a,1.74E+00,1.66E+00,8.13E+02,5.99E-02,8.53E+00,8.53E+00,Recommended,n/a,n/a,n/a,n/a,n/a,n/a,n/a,n/a,n/a,n/a,n/a,n/a,n/a,n/a,n/a,n/a,n/a,n/a,
106218,106-21-8,"3,7-DIMETHYL-1-OCTANOL",n/a,n/a,n/a,n/a,n/a,n/a,n/a,n/a,n/a,n/a,n/a,n/a,n/a,n/a,n/a,n/a,n/a,n/a,n/a,n/a,n/a,n/a,n/a,n/a,n/a,1.20E+00,
106229,106-22-9,"CITRONELLOL (3,7-DIMETHY-6-OCTEN-1-OL)",n/a,n/a,n/a,n/a,n/a,n/a,n/a,n/a,n/a,n/a,n/a,n/a,n/a,n/a,n/a,n/a,n/a,n/a,n/a,n/a,n/a,n/a,n/a,n/a,n/a,5.79E+00,
106241,106-24-1,GERANIOL,n/a,3.62E+00,2.59E+00,3.25E+03,3.96E-02,1.84E+02,1.84E+02,Interim,n/a,n/a,n/a,n/a,n/a,n/a,n/a,n/a,n/a,n/a,n/a,n/a,n/a,n/a,n/a,n/a,n/a,5.12E+00,
106365,106-36-5,N-PROPYL PROPIONATE,n/a,n/a,n/a,n/a,n/a,n/a,n/a,n/a,n/a,n/a,n/a,n/a,n/a,n/a,n/a,n/a,n/a,n/a,n/a,n/a,n/a,n/a,n/a,n/a,n/a,8.43E-01,
106401,106-40-1,P-BROMOANILINE,n/a,2.31E+00,2.04E+00,3.99E+02,4.76E-02,4.57E+01,4.57E+01,Interim,n/a,n/a,n/a,n/a,n/a,n/a,n/a,n/a,n/a,n/a,n/a,n/a,n/a,n/a,n/a,n/a,n/a,n/a,
106412,106-41-2,P-BROMOPHENOL,n/a,1.29E+02,1.00E+02,2.62E+03,5.53E-02,1.69E+02,1.69E+02,Interim,n/a,n/a,n/a,n/a,n/a,n/a,n/a,n/a,n/a,n/a,n/a,n/a,n/a,n/a,n/a,n/a,n/a,n/a,
106423,106-42-3,P-XYLENE,n/a,2.97E-02,2.49E-02,2.66E+02,2.26E-03,2.13E+00,2.13E+00,Recommended,n/a,n/a,n/a,n/a,n/a,n/a,n/a,n/a,n/a,n/a,n/a,n/a,n/a,n/a,n/a,n/a,n/a,5.84E+00,
106434,106-43-4,P-CHLOROTOLUENE,n/a,3.69E-01,3.61E-01,4.47E+02,6.64E-02,6.31E+00,6.31E+00,Interim,n/a,n/a,n/a,n/a,n/a,n/a,n/a,n/a,n/a,n/a,n/a,n/a,n/a,n/a,n/a,n/a,n/a,n/a,
106445,106-44-5,P-CRESOL,n/a,1.24E+01,5.13E+00,1.10E+03,9.23E-03,1.64E+01,1.64E+01,Recommended,n/a,n/a,n/a,n/a,n/a,n/a,n/a,n/a,n/a,n/a,n/a,n/a,n/a,n/a,n/a,n/a,n/a,2.40E+00,
106467,106-46-7,"1,4-DICHLOROBENZENE",n/a,4.51E+00,4.48E+00,9.84E+02,8.02E-01,1.77E+01,1.77E+01,Recommended,n/a,3.06E-07,9.13E-08,1.24E-07,3.72E-08,3.62E-07,1.43E-07,5.22E-08,1.98E-08,8.29E-08,2.54E-08,1.08E-07,3.62E-08,Recommended,Recommended,n/a,n/a,1.78E-01,
106478,106-47-8,4-CHLOROANILINE,n/a,7.53E+01,4.91E+01,6.38E+03,2.26E-01,7.85E+02,7.85E+02,Recommended,n/a,n/a,1.17E-07,n/a,1.05E-08,n/a,3.82E-07,n/a,6.49E-10,n/a,4.82E-08,n/a,7.23E-08,n/a,Recommended,n/a,n/a,n/a,
106489,106-48-9,4-CHLOROPHENOL,n/a,6.42E+01,4.38E+01,2.25E+03,4.69E-02,5.51E+01,5.51E+01,Recommended,n/a,n/a,n/a,n/a,n/a,n/a,n/a,n/a,n/a,n/a,n/a,n/a,n/a,n/a,n/a,n/a,n/a,n/a,
106490,106-49-0,P-TOLUIDINE,n/a,1.55E+00,6.70E-01,3.63E+02,2.40E-03,2.47E+01,2.47E+01,Recommended,n/a,n/a,n/a,n/a,n/a,n/a,n/a,n/a,n/a,n/a,n/a,n/a,n/a,n/a,n/a,n/a,n/a,n/a,
106503,106-50-3,P-PHENYLENEDIAMINE,n/a,1.00E+03,7.77E+02,3.48E+04,8.44E-03,8.51E+03,8.51E+03,Recommended,n/a,n/a,n/a,n/a,n/a,n/a,n/a,n/a,n/a,n/a,n/a,n/a,n/a,n/a,n/a,n/a,n/a,n/a,
106514,106-51-4,"1,4-BENZOQUINONE",n/a,1.87E+02,1.87E+02,5.70E+04,1.54E+01,3.13E+03,3.13E+03,Interim,n/a,1.09E-05,n/a,1.34E-06,n/a,4.73E-06,n/a,1.13E-07,n/a,1.01E-06,n/a,1.43E-06,n/a,Recommended,n/a,n/a,n/a,n/a,
106638,106-63-8,ISOBUTYL ACRYLATE,n/a,1.53E+00,1.53E+00,1.93E+03,1.26E-01,1.08E+02,1.08E+02,Interim,n/a,n/a,n/a,n/a,n/a,n/a,n/a,n/a,n/a,n/a,n/a,n/a,n/a,n/a,n/a,n/a,n/a,4.72E+00,
106650,106-65-0,DIMETHYL SUCCINATE,n/a,n/a,n/a,n/a,n/a,n/a,n/a,n/a,n/a,n/a,n/a,n/a,n/a,n/a,n/a,n/a,n/a,n/a,n/a,n/a,n/a,n/a,n/a,n/a,n/a,2.25E-01,
106683,106-68-3,3-OCTANONE,n/a,1.34E-01,1.35E-01,2.77E+01,8.50E-03,1.82E+00,1.82E+00,Interim,n/a,n/a,n/a,n/a,n/a,n/a,n/a,n/a,n/a,n/a,n/a,n/a,n/a,n/a,n/a,n/a,n/a,n/a,
106694,106-69-4,"1,2,6-HEXANETRIOL",n/a,6.53E-02,6.00E-02,8.39E-01,2.09E-09,2.09E-01,2.09E-01,Interim,n/a,n/a,n/a,n/a,n/a,n/a,n/a,n/a,n/a,n/a,n/a,n/a,n/a,n/a,n/a,n/a,n/a,n/a,
106707,106-70-7,METHYL HEXANOATE,n/a,n/a,n/a,n/a,n/a,n/a,n/a,n/a,n/a,n/a,n/a,n/a,n/a,n/a,n/a,n/a,n/a,n/a,n/a,n/a,n/a,n/a,n/a,n/a,n/a,1.02E+00,
106730,106-73-0,METHYL HEPTANOATE,n/a,n/a,n/a,n/a,n/a,n/a,n/a,n/a,n/a,n/a,n/a,n/a,n/a,n/a,n/a,n/a,n/a,n/a,n/a,n/a,n/a,n/a,n/a,n/a,n/a,8.19E-01,
106796,106-79-6,DIMETHYL SEBACATE,n/a,n/a,n/a,n/a,n/a,n/a,n/a,n/a,n/a,n/a,n/a,n/a,n/a,n/a,n/a,n/a,n/a,n/a,n/a,n/a,n/a,n/a,n/a,n/a,n/a,4.35E-01,
106887,106-88-7,"1,2-BUTYLENE OXIDE",n/a,3.77E-01,3.78E-01,2.52E+01,2.98E-02,3.03E+00,3.03E+00,Recommended,n/a,1.56E-07,4.18E-06,3.08E-08,8.25E-07,7.32E-08,1.96E-06,2.47E-09,6.61E-08,2.45E-08,6.55E-07,3.70E-08,9.91E-07,Interim,Interim,n/a,n/a,9.12E-01,
106898,106-89-8,EPICHLOROHYDRIN,n/a,1.91E+01,1.90E+01,3.39E+02,6.86E-01,5.89E+01,5.89E+01,Recommended,n/a,5.54E-07,1.56E-05,4.99E-07,4.35E-06,6.70E-06,1.02E-05,2.10E-08,1.60E-07,1.21E-06,3.10E-06,2.40E-06,4.52E-06,Recommended,Interim,n/a,n/a,n/a,
106923,106-92-3,"OXIRANE,  (2-PROPENYLOXY)METHYL -",n/a,8.71E-01,8.51E-01,2.19E+02,1.77E-02,3.88E+01,3.88E+01,Interim,n/a,2.45E-07,n/a,6.85E-09,n/a,2.51E-07,n/a,2.30E-10,n/a,4.62E-08,n/a,8.54E-08,n/a,Interim,n/a,n/a,n/a,n/a,
106934,106-93-4,ETHYLENE DIBROMIDE,n/a,3.48E+00,3.48E+00,2.69E+02,2.60E-01,1.46E+01,1.46E+01,Recommended,n/a,2.84E-05,1.84E-07,1.08E-05,7.01E-08,1.71E-05,1.05E-07,8.85E-07,5.68E-09,6.84E-06,4.41E-08,8.36E-06,5.30E-08,Recommended,Recommended,n/a,n/a,1.02E-01,
106945,106-94-5,1-BROMOPROPANE,n/a,4.27E-02,4.22E-02,6.21E+01,3.72E-03,1.36E+00,1.36E+00,Interim,n/a,n/a,n/a,n/a,n/a,n/a,n/a,n/a,n/a,n/a,n/a,n/a,n/a,n/a,n/a,n/a,n/a,4.24E-01,
106956,106-95-6,3-BROMO-1-PROPENE,n/a,5.17E-01,4.82E-01,6.32E+03,4.24E-02,1.47E+02,1.47E+02,Interim,n/a,n/a,n/a,n/a,n/a,n/a,n/a,n/a,n/a,n/a,n/a,n/a,n/a,n/a,n/a,n/a,n/a,n/a,
106978,106-97-8,N-BUTANE,n/a,n/a,n/a,n/a,n/a,n/a,n/a,n/a,n/a,n/a,n/a,n/a,n/a,n/a,n/a,n/a,n/a,n/a,n/a,n/a,n/a,n/a,n/a,n/a,n/a,1.15E+00,
106989,106-98-9,1-BUTENE,n/a,n/a,n/a,n/a,n/a,n/a,n/a,n/a,n/a,n/a,n/a,n/a,n/a,n/a,n/a,n/a,n/a,n/a,n/a,n/a,n/a,n/a,n/a,n/a,n/a,9.73E+00,
106990,106-99-0,"1,3-BUTADIENE",n/a,n/a,n/a,n/a,n/a,n/a,n/a,n/a,n/a,1.13E-06,1.68E-06,1.66E-08,2.49E-08,4.62E-07,6.92E-07,5.48E-09,8.21E-09,1.84E-08,2.75E-08,3.18E-08,4.75E-08,Recommended,Recommended,n/a,n/a,1.26E+01,
107006,107-00-6,ETHYL ACETYLENE,n/a,n/a,n/a,n/a,n/a,n/a,n/a,n/a,n/a,n/a,n/a,n/a,n/a,n/a,n/a,n/a,n/a,n/a,n/a,n/a,n/a,n/a,n/a,n/a,n/a,6.11E+00,
107028,107-02-8,ACROLEIN,n/a,1.05E+02,1.09E+02,3.35E+04,8.31E+00,5.44E+03,5.44E+03,Recommended,n/a,n/a,1.41E-03,n/a,5.56E-05,n/a,6.67E-05,n/a,4.24E-06,n/a,3.87E-05,n/a,4.64E-05,n/a,Recommended,n/a,n/a,7.45E+00,
107039,107-03-9,1-PROPANETHIOL,n/a,3.74E+00,3.39E+00,6.36E+04,3.30E-01,1.57E+03,1.57E+03,Interim,n/a,n/a,n/a,n/a,n/a,n/a,n/a,n/a,n/a,n/a,n/a,n/a,n/a,n/a,n/a,n/a,n/a,n/a,
107051,107-05-1,3-CHLOROPROPENE,n/a,9.00E-03,8.18E-03,1.50E+02,8.01E-04,2.44E+00,2.44E+00,Interim,n/a,n/a,2.23E-06,n/a,1.01E-07,n/a,8.43E-07,n/a,1.29E-08,n/a,1.01E-07,n/a,1.60E-07,n/a,Recommended,n/a,n/a,1.22E+01,
107062,107-06-2,"1,2-DICHLOROETHANE",n/a,1.52E-01,1.52E-01,1.51E+01,2.89E-02,1.19E+00,1.19E+00,Recommended,n/a,5.87E-07,n/a,2.43E-07,n/a,1.63E-06,n/a,5.30E-08,n/a,2.89E-07,n/a,5.70E-07,n/a,Recommended,n/a,n/a,n/a,2.15E-01,
107073,107-07-3,2-CHLOROETHANOL,n/a,8.17E+01,7.89E+01,5.90E+02,1.19E-01,1.62E+02,1.62E+02,Recommended,n/a,n/a,n/a,n/a,n/a,n/a,n/a,n/a,n/a,n/a,n/a,n/a,n/a,n/a,n/a,n/a,n/a,n/a,
107108,107-10-8,PROPYLAMINE,n/a,9.53E-02,9.37E-02,1.75E+01,2.36E-03,2.10E+00,2.10E+00,Interim,n/a,n/a,n/a,n/a,n/a,n/a,n/a,n/a,n/a,n/a,n/a,n/a,n/a,n/a,n/a,n/a,n/a,n/a,
107119,107-11-9,ALLYLAMINE,n/a,8.88E-01,8.86E-01,2.88E+02,2.63E-02,3.38E+01,3.38E+01,Interim,n/a,n/a,n/a,n/a,n/a,n/a,n/a,n/a,n/a,n/a,n/a,n/a,n/a,n/a,n/a,n/a,n/a,n/a,
107120,107-12-0,PROPIONITRILE,n/a,2.99E-01,2.98E-01,4.60E+00,1.40E-02,8.13E-01,8.13E-01,Interim,n/a,n/a,n/a,n/a,n/a,n/a,n/a,n/a,n/a,n/a,n/a,n/a,n/a,n/a,n/a,n/a,n/a,n/a,
107131,107-13-1,ACRYLONITRILE,n/a,4.09E+00,4.11E+00,3.55E+02,3.29E-01,4.46E+01,4.46E+01,Recommended,n/a,3.54E-06,9.68E-06,4.89E-07,1.27E-06,3.41E-06,4.28E-06,4.12E-08,1.04E-07,6.60E-07,1.17E-06,1.41E-06,1.99E-06,Recommended,Interim,n/a,n/a,2.24E+00,
107142,107-14-2,CHLOROACETONITRILE,n/a,6.18E+02,6.14E+02,7.69E+03,1.44E+01,1.50E+03,1.50E+03,Interim,n/a,n/a,n/a,n/a,n/a,n/a,n/a,n/a,n/a,n/a,n/a,n/a,n/a,n/a,n/a,n/a,n/a,n/a,
107153,107-15-3,"1,2-DIAMINOETHANE",n/a,1.57E+01,1.28E+01,3.93E+02,4.97E-05,8.13E+01,8.13E+01,Interim,n/a,n/a,n/a,n/a,n/a,n/a,n/a,n/a,n/a,n/a,n/a,n/a,n/a,n/a,n/a,n/a,n/a,n/a,
107186,107-18-6,ALLYL ALCOHOL,n/a,7.37E+01,6.87E+01,6.95E+03,6.99E-01,1.56E+03,1.56E+03,Recommended,n/a,n/a,1.23E-06,n/a,6.20E-08,n/a,1.53E-06,n/a,1.01E-09,n/a,3.56E-07,n/a,5.83E-07,n/a,Recommended,n/a,n/a,n/a,
107197,107-19-7,PROPARGYL ALCOHOL,n/a,2.01E+02,1.84E+02,4.55E+03,4.71E-01,1.13E+03,1.13E+03,Interim,n/a,n/a,1.39E-06,n/a,2.23E-07,n/a,1.84E-06,n/a,9.09E-10,n/a,4.91E-07,n/a,7.19E-07,n/a,Recommended,n/a,n/a,n/a,
107200,107-20-0,CHLOROACETALDEHYDE,n/a,4.25E+01,4.26E+01,2.02E+03,2.32E+00,3.96E+02,3.96E+02,Recommended,n/a,1.60E-06,n/a,2.49E-07,n/a,8.84E-07,n/a,1.39E-08,n/a,2.70E-07,n/a,4.72E-07,n/a,Recommended,n/a,n/a,n/a,1.23E+01,
107211,107-21-1,ETHYLENE GLYCOL,n/a,1.85E-01,1.78E-01,1.38E+00,1.39E-05,3.48E-01,3.48E-01,Recommended,n/a,n/a,2.15E-08,n/a,7.41E-09,n/a,1.52E-08,n/a,3.06E-12,n/a,4.08E-09,n/a,6.97E-09,n/a,Recommended,n/a,n/a,3.13E+00,
107222,107-22-2,GLYOXAL,n/a,4.98E+00,4.85E+00,3.54E+01,3.65E-05,1.14E+01,1.14E+01,Recommended,n/a,n/a,n/a,n/a,n/a,n/a,n/a,n/a,n/a,n/a,n/a,n/a,n/a,n/a,n/a,n/a,n/a,1.25E+01,
107277,107-27-7,ETHYLMERCURY CHLORIDE,n/a,2.29E-01,1.81E-01,3.15E+04,2.85E-02,7.39E+02,7.39E+02,Interim,n/a,n/a,n/a,n/a,n/a,n/a,n/a,n/a,n/a,n/a,n/a,n/a,n/a,n/a,n/a,n/a,n/a,n/a,
107299,107-29-9,ACETALDEHYDE OXIME,n/a,1.27E+01,1.21E+01,2.09E+02,6.30E-02,2.39E+01,2.39E+01,Interim,n/a,n/a,n/a,n/a,n/a,n/a,n/a,n/a,n/a,n/a,n/a,n/a,n/a,n/a,n/a,n/a,n/a,n/a,
107302,107-30-2,CHLOROMETHYL METHYL ETHER,n/a,n/a,n/a,n/a,n/a,n/a,n/a,n/a,n/a,6.11E-06,n/a,1.10E-06,n/a,3.61E-06,n/a,5.34E-08,n/a,1.04E-06,n/a,1.71E-06,n/a,Interim,n/a,n/a,n/a,n/a,
107313,107-31-3,METHYLFORMATE,n/a,5.29E-01,5.29E-01,1.77E+01,4.55E-02,2.70E+00,2.70E+00,Recommended,n/a,n/a,n/a,n/a,n/a,n/a,n/a,n/a,n/a,n/a,n/a,n/a,n/a,n/a,n/a,n/a,n/a,5.70E-02,
107391,107-39-1,"2,4,4-TRIMETHYL-1-PENTENE",n/a,n/a,n/a,n/a,n/a,n/a,n/a,n/a,n/a,n/a,n/a,n/a,n/a,n/a,n/a,n/a,n/a,n/a,n/a,n/a,n/a,n/a,n/a,n/a,n/a,3.34E+00,
107404,107-40-4,"2,4,4-TRIMETHYL-2-PENTENE",n/a,n/a,n/a,n/a,n/a,n/a,n/a,n/a,n/a,n/a,n/a,n/a,n/a,n/a,n/a,n/a,n/a,n/a,n/a,n/a,n/a,n/a,n/a,n/a,n/a,6.29E+00,
107415,107-41-5,"2-METHYL-2,4-PENTANEDIOL",n/a,2.78E-01,2.70E-01,2.23E+00,9.74E-07,7.20E-01,7.20E-01,Recommended,n/a,n/a,n/a,n/a,n/a,n/a,n/a,n/a,n/a,n/a,n/a,n/a,n/a,n/a,n/a,n/a,n/a,1.45E+00,
107459,107-45-9,"2-PENTANAMINE, 2,4,4-TRIMETHYL-",n/a,3.45E-01,3.48E-01,2.36E+02,5.24E-02,1.09E+01,1.09E+01,Interim,n/a,n/a,n/a,n/a,n/a,n/a,n/a,n/a,n/a,n/a,n/a,n/a,n/a,n/a,n/a,n/a,n/a,n/a,
107471,107-47-1,"PROPANE, 2,2'-THIOBIS 2-METHYL-",n/a,3.40E-02,3.24E-02,1.68E+02,5.80E-03,1.64E+00,1.64E+00,Interim,n/a,n/a,n/a,n/a,n/a,n/a,n/a,n/a,n/a,n/a,n/a,n/a,n/a,n/a,n/a,n/a,n/a,n/a,
107493,107-49-3,TETRAETHYL PYROPHOSPHATE,n/a,3.19E+02,8.79E+01,1.73E+04,1.16E-05,7.72E+01,7.72E+01,Recommended,n/a,n/a,n/a,n/a,n/a,n/a,n/a,n/a,n/a,n/a,n/a,n/a,n/a,n/a,n/a,n/a,n/a,n/a,
107642,107-64-2,DIMETHYL DIOCTADECYLAMMONIUM CHLORIDE,n/a,4.01E-03,2.47E-03,1.06E-01,4.28E-09,9.40E-06,9.40E-06,Interim,n/a,n/a,n/a,n/a,n/a,n/a,n/a,n/a,n/a,n/a,n/a,n/a,n/a,n/a,n/a,n/a,n/a,n/a,
107664,107-66-4,DI-N-BUTYL PHOSPHATE,n/a,7.10E+00,2.98E+00,3.27E+02,1.58E-06,7.03E+00,7.03E+00,Interim,n/a,n/a,n/a,n/a,n/a,n/a,n/a,n/a,n/a,n/a,n/a,n/a,n/a,n/a,n/a,n/a,n/a,n/a,
107755,107-75-5,HYDROXYCITRONELLA,n/a,n/a,n/a,n/a,n/a,n/a,n/a,n/a,n/a,n/a,n/a,n/a,n/a,n/a,n/a,n/a,n/a,n/a,n/a,n/a,n/a,n/a,n/a,n/a,n/a,2.61E+00,
107802,107-80-2,"BUTANE, 1,3-DIBROMO-",n/a,6.64E-03,6.55E-03,6.81E+00,5.04E-04,1.24E-01,1.24E-01,Interim,n/a,n/a,n/a,n/a,n/a,n/a,n/a,n/a,n/a,n/a,n/a,n/a,n/a,n/a,n/a,n/a,n/a,n/a,
107835,107-83-5,2-METHYL PENTANE,n/a,n/a,n/a,n/a,n/a,n/a,n/a,n/a,n/a,n/a,n/a,n/a,n/a,n/a,n/a,n/a,n/a,n/a,n/a,n/a,n/a,n/a,n/a,n/a,n/a,1.50E+00,
107868,107-86-8,"2-BUTENAL, 3-METHYL-",n/a,5.90E-01,6.32E-01,3.39E+02,3.58E-02,5.86E+01,5.86E+01,Recommended,n/a,n/a,n/a,n/a,n/a,n/a,n/a,n/a,n/a,n/a,n/a,n/a,n/a,n/a,n/a,n/a,n/a,n/a,
107879,107-87-9,2-PENTANONE,n/a,5.83E-02,5.86E-02,4.56E+00,3.55E-03,6.63E-01,6.63E-01,Interim,n/a,n/a,n/a,n/a,n/a,n/a,n/a,n/a,n/a,n/a,n/a,n/a,n/a,n/a,n/a,n/a,n/a,2.81E+00,
107880,107-88-0,"1,3-BUTANEDIOL",n/a,n/a,n/a,n/a,n/a,n/a,n/a,n/a,n/a,n/a,n/a,n/a,n/a,n/a,n/a,n/a,n/a,n/a,n/a,n/a,n/a,n/a,n/a,n/a,n/a,3.36E+00,
107926,107-92-6,BUTYRIC ACID,n/a,5.92E+00,5.60E+00,5.08E+01,3.43E-03,1.10E+01,1.10E+01,Interim,n/a,n/a,n/a,n/a,n/a,n/a,n/a,n/a,n/a,n/a,n/a,n/a,n/a,n/a,n/a,n/a,n/a,1.82E+00,
107937,107-93-7,CROTONIC ACID,n/a,3.76E-01,3.42E-01,5.23E+00,2.66E-05,1.19E+00,1.19E+00,Interim,n/a,n/a,n/a,n/a,n/a,n/a,n/a,n/a,n/a,n/a,n/a,n/a,n/a,n/a,n/a,n/a,n/a,n/a,
107948,107-94-8,3-CHLOROPROPIONIC ACID,n/a,3.84E+00,3.74E+00,4.29E+01,1.52E-02,1.07E+01,1.07E+01,Interim,n/a,n/a,n/a,n/a,n/a,n/a,n/a,n/a,n/a,n/a,n/a,n/a,n/a,n/a,n/a,n/a,n/a,n/a,
107982,107-98-2,"PROPYLENE GLYCOL, MONOMETHYL ETHER",n/a,1.48E-01,1.29E-01,4.64E+00,2.26E-04,1.19E+00,1.19E+00,Recommended,n/a,n/a,1.29E-08,n/a,1.57E-09,n/a,1.88E-08,n/a,6.16E-12,n/a,5.06E-09,n/a,7.46E-09,n/a,Recommended,n/a,n/a,2.44E+00,
108010,108-01-0,2-DIMETHYLAMINOETHANOL,n/a,4.71E+00,3.22E+00,2.75E+02,2.33E-03,7.35E+01,7.35E+01,Interim,n/a,n/a,n/a,n/a,n/a,n/a,n/a,n/a,n/a,n/a,n/a,n/a,n/a,n/a,n/a,n/a,n/a,5.62E+00,
108032,108-03-2,1-NITROPROPANE,n/a,1.21E+00,1.21E+00,3.15E+01,7.36E-02,3.03E+00,3.03E+00,Recommended,n/a,n/a,n/a,n/a,n/a,n/a,n/a,n/a,n/a,n/a,n/a,n/a,n/a,n/a,n/a,n/a,n/a,2.16E-01,
108054,108-05-4,VINYL ACETATE,n/a,6.75E-02,7.00E-02,9.71E+01,6.12E-03,9.74E+00,9.74E+00,Recommended,n/a,2.34E-08,7.71E-07,8.15E-10,2.56E-08,5.05E-08,3.12E-07,1.14E-10,2.48E-09,5.55E-09,4.74E-08,1.74E-08,1.17E-07,Recommended,Interim,n/a,n/a,3.20E+00,
108087,108-08-7,"2,4-DIMETHYL PENTANE",n/a,n/a,n/a,n/a,n/a,n/a,n/a,n/a,n/a,n/a,n/a,n/a,n/a,n/a,n/a,n/a,n/a,n/a,n/a,n/a,n/a,n/a,n/a,n/a,n/a,1.55E+00,
108101,108-10-1,METHYL ISOBUTYL KETONE,n/a,2.06E-02,2.10E-02,6.03E+00,1.43E-03,7.03E-01,7.03E-01,Recommended,n/a,n/a,3.98E-09,n/a,2.16E-10,n/a,1.92E-09,n/a,1.76E-11,n/a,3.25E-10,n/a,7.98E-10,n/a,Recommended,n/a,n/a,3.88E+00,
108112,108-11-2,4-METHYL-2-PENTANOL,n/a,1.07E-01,1.09E-01,1.46E+01,4.74E-03,2.32E+00,2.32E+00,Interim,n/a,n/a,n/a,n/a,n/a,n/a,n/a,n/a,n/a,n/a,n/a,n/a,n/a,n/a,n/a,n/a,n/a,2.64E+00,
108189,108-18-9,DIISOPROPYLAMINE,n/a,1.80E-02,1.90E-02,2.84E+01,1.16E-03,1.66E+00,1.66E+00,Interim,n/a,n/a,n/a,n/a,n/a,n/a,n/a,n/a,n/a,n/a,n/a,n/a,n/a,n/a,n/a,n/a,n/a,n/a,
108203,108-20-3,DI-ISOPROPYL ETHER,n/a,8.69E-04,8.61E-04,2.50E+00,7.78E-05,9.93E-02,9.93E-02,Interim,n/a,n/a,n/a,n/a,n/a,n/a,n/a,n/a,n/a,n/a,n/a,n/a,n/a,n/a,n/a,n/a,n/a,3.52E+00,
108214,108-21-4,ISOPROPYL ACETATE,n/a,6.18E-02,6.20E-02,9.21E+00,4.86E-03,1.04E+00,1.04E+00,Recommended,n/a,n/a,n/a,n/a,n/a,n/a,n/a,n/a,n/a,n/a,n/a,n/a,n/a,n/a,n/a,n/a,n/a,1.07E+00,
108247,108-24-7,ACETIC ANHYDRIDE,n/a,3.72E+00,3.68E+00,3.81E+01,3.51E-02,9.84E+00,9.84E+00,Recommended,n/a,n/a,n/a,n/a,n/a,n/a,n/a,n/a,n/a,n/a,n/a,n/a,n/a,n/a,n/a,n/a,n/a,n/a,
108316,108-31-6,MALEIC ANHYDRIDE,n/a,3.71E+00,3.66E+00,6.03E+01,4.02E-02,1.49E+01,1.49E+01,Recommended,n/a,n/a,4.17E-07,n/a,1.12E-07,n/a,3.96E-07,n/a,1.59E-09,n/a,1.23E-07,n/a,2.13E-07,n/a,Recommended,n/a,n/a,n/a,
108327,108-32-7,PROPYLENE CARBONATE,n/a,3.48E+00,3.39E+00,1.88E+01,2.18E-04,5.16E+00,5.16E+00,Recommended,n/a,n/a,n/a,n/a,n/a,n/a,n/a,n/a,n/a,n/a,n/a,n/a,n/a,n/a,n/a,n/a,n/a,2.80E-01,
108383,108-38-3,M-XYLENE,n/a,2.05E-02,1.64E-02,2.93E+02,1.49E-03,2.86E+00,2.86E+00,Recommended,n/a,n/a,n/a,n/a,n/a,n/a,n/a,n/a,n/a,n/a,n/a,n/a,n/a,n/a,n/a,n/a,n/a,9.75E+00,
108394,108-39-4,M-CRESOL,n/a,7.82E+00,2.93E+00,7.61E+02,4.52E-03,1.81E+01,1.81E+01,Recommended,n/a,n/a,1.06E-07,n/a,7.13E-09,n/a,1.99E-07,n/a,2.99E-10,n/a,5.01E-09,n/a,1.04E-08,n/a,Recommended,n/a,n/a,2.40E+00,
108407,108-40-7,3-METHYLBENZENETHIOL,n/a,3.63E+02,3.32E+02,6.40E+05,2.68E+01,8.17E+03,8.17E+03,Interim,n/a,n/a,n/a,n/a,n/a,n/a,n/a,n/a,n/a,n/a,n/a,n/a,n/a,n/a,n/a,n/a,n/a,n/a,
108429,108-42-9,3-CHLOROANILINE,n/a,3.16E+01,1.62E+01,3.52E+03,6.43E-02,3.82E+02,3.82E+02,Recommended,n/a,n/a,n/a,n/a,n/a,n/a,n/a,n/a,n/a,n/a,n/a,n/a,n/a,n/a,n/a,n/a,n/a,n/a,
108430,108-43-0,3-CHLOROPHENOL,n/a,3.90E+01,2.04E+01,1.82E+03,1.21E-02,3.89E+01,3.89E+01,Recommended,n/a,n/a,n/a,n/a,n/a,n/a,n/a,n/a,n/a,n/a,n/a,n/a,n/a,n/a,n/a,n/a,n/a,n/a,
108441,108-44-1,M-TOLUIDINE,n/a,7.90E+00,3.18E+00,2.09E+03,9.42E-03,2.44E+02,2.44E+02,Interim,n/a,n/a,n/a,n/a,n/a,n/a,n/a,n/a,n/a,n/a,n/a,n/a,n/a,n/a,n/a,n/a,n/a,n/a,
108452,108-45-2,"1,3-BENZENEDIAMINE",n/a,1.80E+01,1.38E+01,6.42E+02,7.43E-05,1.57E+02,1.57E+02,Recommended,n/a,n/a,7.52E-07,n/a,2.08E-07,n/a,3.63E-06,n/a,4.65E-09,n/a,8.90E-07,n/a,1.16E-06,n/a,Recommended,n/a,n/a,n/a,
108463,108-46-3,RESORCINOL,n/a,1.06E+01,8.11E+00,3.78E+02,1.46E-06,9.09E+01,9.09E+01,Recommended,n/a,n/a,n/a,n/a,n/a,n/a,n/a,n/a,n/a,n/a,n/a,n/a,n/a,n/a,n/a,n/a,n/a,n/a,
108598,108-59-8,"PROPANEDIOIC ACID, DIMETHYL ESTER",n/a,2.42E+01,2.36E+01,1.94E+02,6.17E-02,5.22E+01,5.22E+01,Recommended,n/a,n/a,n/a,n/a,n/a,n/a,n/a,n/a,n/a,n/a,n/a,n/a,n/a,n/a,n/a,n/a,n/a,n/a,
108601,108-60-1,BIS(2-CHLOROISOPROPYL)ETHER,n/a,n/a,n/a,n/a,n/a,n/a,n/a,n/a,n/a,3.16E-07,1.87E-07,5.96E-08,3.52E-08,2.46E-07,1.45E-07,8.18E-09,4.83E-09,5.49E-08,3.25E-08,1.57E-07,9.25E-08,Recommended,Recommended,n/a,n/a,n/a,
108623,108-62-3,METALDEHYDE (TETRAMER),n/a,5.57E+00,4.32E+00,2.46E+02,4.69E-03,4.90E+01,4.90E+01,Interim,n/a,n/a,n/a,n/a,n/a,n/a,n/a,n/a,n/a,n/a,n/a,n/a,n/a,n/a,n/a,n/a,n/a,n/a,
108656,108-65-6,1-METHOXY-2-PROPYL ACETATE,n/a,n/a,n/a,n/a,n/a,n/a,n/a,n/a,n/a,n/a,n/a,n/a,n/a,n/a,n/a,n/a,n/a,n/a,n/a,n/a,n/a,n/a,n/a,n/a,n/a,1.70E+00,
108678,108-67-8,"1,3,5-TRIMETHYLBENZENE",n/a,9.71E-03,5.61E-03,2.99E+02,1.04E-03,2.22E+00,2.22E+00,Recommended,n/a,n/a,n/a,n/a,n/a,n/a,n/a,n/a,n/a,n/a,n/a,n/a,n/a,n/a,n/a,n/a,n/a,1.18E+01,
108689,108-68-9,"3,5-DIMETHYLPHENOL",n/a,5.62E+00,1.23E+00,5.74E+02,1.32E-03,6.46E+00,6.46E+00,Recommended,n/a,n/a,n/a,n/a,n/a,n/a,n/a,n/a,n/a,n/a,n/a,n/a,n/a,n/a,n/a,n/a,n/a,n/a,
108690,108-69-0,"3,5-DIMETHYLANILINE",n/a,4.14E-01,3.64E-01,5.42E+02,2.07E-02,3.68E+01,3.68E+01,Interim,n/a,n/a,n/a,n/a,n/a,n/a,n/a,n/a,n/a,n/a,n/a,n/a,n/a,n/a,n/a,n/a,n/a,n/a,
108703,108-70-3,"1,3,5-TRICHLOROBENZENE",n/a,5.82E+00,5.78E+00,1.74E+03,1.37E+00,3.30E+01,3.30E+01,Recommended,n/a,n/a,n/a,n/a,n/a,n/a,n/a,n/a,n/a,n/a,n/a,n/a,n/a,n/a,n/a,n/a,n/a,n/a,
108781,108-78-1,MELAMINE,n/a,5.67E+00,5.52E+00,2.61E+01,4.14E-10,6.53E+00,6.53E+00,Recommended,n/a,1.34E-07,n/a,1.02E-07,n/a,1.31E-07,n/a,1.01E-10,n/a,3.27E-08,n/a,4.01E-08,n/a,Recommended,n/a,n/a,n/a,n/a,
108805,108-80-5,CYANURIC ACID,n/a,1.43E+01,1.40E+01,6.07E+01,9.14E-11,1.64E+01,1.64E+01,Interim,n/a,n/a,n/a,n/a,n/a,n/a,n/a,n/a,n/a,n/a,n/a,n/a,n/a,n/a,n/a,n/a,n/a,n/a,
108827,108-82-7,"2,6-DIMETHYL-4-HEPTANOL",n/a,n/a,n/a,n/a,n/a,n/a,n/a,n/a,n/a,n/a,n/a,n/a,n/a,n/a,n/a,n/a,n/a,n/a,n/a,n/a,n/a,n/a,n/a,n/a,n/a,2.09E+00,
108838,108-83-8,"2,6-DIMETHYL-4-HEPTANONE",n/a,8.16E-02,8.28E-02,4.40E+01,4.92E-03,2.51E+00,2.51E+00,Recommended,n/a,n/a,n/a,n/a,n/a,n/a,n/a,n/a,n/a,n/a,n/a,n/a,n/a,n/a,n/a,n/a,n/a,2.68E+00,
108849,108-84-9,4-METHYL-2-PENTYL ACETATE,n/a,3.13E-02,3.13E-02,2.00E+01,2.45E-03,1.01E+00,1.01E+00,Interim,n/a,n/a,n/a,n/a,n/a,n/a,n/a,n/a,n/a,n/a,n/a,n/a,n/a,n/a,n/a,n/a,n/a,1.35E+00,
108850,108-85-0,BROMOCYCLOHEXANE,n/a,1.44E+00,1.41E+00,8.01E+02,1.08E-01,1.48E+01,1.48E+01,Recommended,n/a,n/a,n/a,n/a,n/a,n/a,n/a,n/a,n/a,n/a,n/a,n/a,n/a,n/a,n/a,n/a,n/a,n/a,
108861,108-86-1,BROMOBENZENE,n/a,3.36E+00,3.34E+00,1.35E+03,5.86E-01,2.82E+01,2.82E+01,Interim,n/a,n/a,n/a,n/a,n/a,n/a,n/a,n/a,n/a,n/a,n/a,n/a,n/a,n/a,n/a,n/a,n/a,n/a,
108872,108-87-2,METHYLCYCLOHEXANE,n/a,4.58E-04,1.89E-04,9.06E+01,1.75E-05,1.10E-01,1.10E-01,Recommended,n/a,n/a,n/a,n/a,n/a,n/a,n/a,n/a,n/a,n/a,n/a,n/a,n/a,n/a,n/a,n/a,n/a,1.70E+00,
108883,108-88-3,TOLUENE,n/a,1.31E-02,1.24E-02,5.59E+01,1.16E-03,6.96E-01,6.96E-01,Recommended,n/a,3.17E-12,9.62E-08,3.18E-12,9.90E-09,3.29E-09,1.78E-08,2.11E-11,9.85E-10,4.28E-11,7.96E-09,5.21E-10,9.41E-09,Recommended,Recommended,n/a,n/a,4.00E+00,
108894,108-89-4,4-METHYLPYRIDINE,n/a,2.49E+00,2.44E+00,4.14E+01,5.75E-02,4.54E+00,4.54E+00,Interim,n/a,n/a,n/a,n/a,n/a,n/a,n/a,n/a,n/a,n/a,n/a,n/a,n/a,n/a,n/a,n/a,n/a,n/a,
108907,108-90-7,CHLOROBENZENE,n/a,8.50E-01,8.42E-01,3.93E+02,7.51E-02,6.54E+00,6.54E+00,Recommended,n/a,1.61E-07,1.67E-07,4.89E-08,5.06E-08,8.43E-08,8.73E-08,4.89E-09,5.06E-09,3.48E-08,3.61E-08,4.34E-08,4.50E-08,Recommended,Recommended,n/a,n/a,3.19E-01,
108918,108-91-8,CYCLOHEXANAMINE,n/a,8.05E-01,6.19E-01,1.57E+02,4.48E-03,1.81E+01,1.81E+01,Interim,n/a,n/a,1.47E-07,n/a,4.51E-09,n/a,2.26E-07,n/a,2.63E-10,n/a,2.69E-08,n/a,4.99E-08,n/a,Interim,n/a,n/a,n/a,
108930,108-93-0,CYCLOHEXANOL,n/a,3.66E-01,3.36E-01,2.74E+01,2.55E-03,4.81E+00,4.81E+00,Recommended,n/a,n/a,n/a,n/a,n/a,n/a,n/a,n/a,n/a,n/a,n/a,n/a,n/a,n/a,n/a,n/a,n/a,1.95E+00,
108941,108-94-1,CYCLOHEXANONE,n/a,1.51E+00,1.48E+00,6.61E+01,2.13E-02,9.92E+00,9.92E+00,Recommended,n/a,n/a,7.38E-09,n/a,8.87E-10,n/a,7.36E-09,n/a,1.54E-11,n/a,1.29E-09,n/a,2.14E-09,n/a,Recommended,n/a,n/a,1.35E+00,
108952,108-95-2,PHENOL,n/a,2.36E+01,1.56E+01,9.33E+02,9.89E-03,6.89E+01,6.89E+01,Recommended,n/a,n/a,8.41E-08,n/a,1.32E-08,n/a,1.45E-07,n/a,4.30E-10,n/a,1.13E-08,n/a,1.92E-08,n/a,Recommended,n/a,n/a,2.76E+00,
108996,108-99-6,3-METHYLPYRIDINE,n/a,3.31E+00,3.26E+00,5.75E+01,9.57E-02,6.24E+00,6.24E+00,Interim,n/a,n/a,n/a,n/a,n/a,n/a,n/a,n/a,n/a,n/a,n/a,n/a,n/a,n/a,n/a,n/a,n/a,n/a,
109002,109-00-2,3-HYDROXYPYRIDINE,n/a,2.55E+00,2.09E+00,4.28E+01,7.08E-04,2.92E+00,2.92E+00,Interim,n/a,n/a,n/a,n/a,n/a,n/a,n/a,n/a,n/a,n/a,n/a,n/a,n/a,n/a,n/a,n/a,n/a,n/a,
109013,109-01-3,"PIPERAZINE, 1-METHYL-",n/a,9.81E-02,4.95E-02,1.51E+01,1.97E-04,3.50E+00,3.50E+00,Interim,n/a,n/a,n/a,n/a,n/a,n/a,n/a,n/a,n/a,n/a,n/a,n/a,n/a,n/a,n/a,n/a,n/a,n/a,
109068,109-06-8,2-METHYLPYRIDINE,n/a,1.05E+00,1.04E+00,1.91E+01,3.77E-02,2.05E+00,2.05E+00,Interim,n/a,n/a,n/a,n/a,n/a,n/a,n/a,n/a,n/a,n/a,n/a,n/a,n/a,n/a,n/a,n/a,n/a,n/a,
109079,109-07-9,"PIPERAZINE, 2-METHYL-",n/a,7.72E-02,2.79E-02,8.14E+00,2.28E-05,1.03E+00,1.03E+00,Interim,n/a,n/a,n/a,n/a,n/a,n/a,n/a,n/a,n/a,n/a,n/a,n/a,n/a,n/a,n/a,n/a,n/a,n/a,
109091,109-09-1,2-CHLOROPYRIDINE,n/a,1.49E+00,1.48E+00,2.28E+01,7.37E-02,2.47E+00,2.47E+00,Interim,n/a,n/a,n/a,n/a,n/a,n/a,n/a,n/a,n/a,n/a,n/a,n/a,n/a,n/a,n/a,n/a,n/a,n/a,
109217,109-21-7,N-BUTYLBUTYRATE,n/a,3.67E-01,3.61E-01,3.40E+02,1.74E-02,9.56E+00,9.56E+00,Interim,n/a,n/a,n/a,n/a,n/a,n/a,n/a,n/a,n/a,n/a,n/a,n/a,n/a,n/a,n/a,n/a,n/a,1.08E+00,
109466,109-46-6,"N,N-DIBUTYLTHIOUREA",n/a,1.72E+01,2.77E+00,1.47E+03,6.83E-04,1.52E+01,1.52E+01,Interim,n/a,n/a,n/a,n/a,n/a,n/a,n/a,n/a,n/a,n/a,n/a,n/a,n/a,n/a,n/a,n/a,n/a,n/a,
109524,109-52-4,PENTANOIC ACID,n/a,1.04E+01,9.62E+00,1.10E+02,4.96E-03,2.15E+01,2.15E+01,Interim,n/a,n/a,n/a,n/a,n/a,n/a,n/a,n/a,n/a,n/a,n/a,n/a,n/a,n/a,n/a,n/a,n/a,n/a,
109535,109-53-5,ISOBUTYL VINYL ETHER,n/a,6.67E-04,6.42E-04,8.30E+00,5.83E-05,3.03E-01,3.03E-01,Recommended,n/a,n/a,n/a,n/a,n/a,n/a,n/a,n/a,n/a,n/a,n/a,n/a,n/a,n/a,n/a,n/a,n/a,n/a,
109557,109-55-7,"1,3-PROPANEDIAMINE, N,N-DIMETHYL-",n/a,2.65E+00,1.54E+00,4.12E+02,8.82E-03,8.49E+01,8.49E+01,Interim,n/a,n/a,n/a,n/a,n/a,n/a,n/a,n/a,n/a,n/a,n/a,n/a,n/a,n/a,n/a,n/a,n/a,n/a,
109579,109-57-9,ALLYLTHIOUREA,n/a,2.56E-01,1.19E-01,1.71E+01,5.08E-05,2.23E+00,2.23E+00,Recommended,n/a,n/a,n/a,n/a,n/a,n/a,n/a,n/a,n/a,n/a,n/a,n/a,n/a,n/a,n/a,n/a,n/a,n/a,
109604,109-60-4,PROPYL ACETATE,n/a,1.26E-01,1.26E-01,1.55E+01,9.50E-03,1.79E+00,1.79E+00,Recommended,n/a,n/a,n/a,n/a,n/a,n/a,n/a,n/a,n/a,n/a,n/a,n/a,n/a,n/a,n/a,n/a,n/a,7.79E-01,
109648,109-64-8,"1,3-DIBROMOPROPANE",n/a,1.48E+01,1.47E+01,2.68E+03,1.10E+00,1.05E+02,1.05E+02,Interim,n/a,n/a,n/a,n/a,n/a,n/a,n/a,n/a,n/a,n/a,n/a,n/a,n/a,n/a,n/a,n/a,n/a,n/a,
109659,109-65-9,1-BROMOBUTANE,n/a,3.77E-02,3.67E-02,1.16E+02,3.15E-03,1.81E+00,1.81E+00,Interim,n/a,n/a,n/a,n/a,n/a,n/a,n/a,n/a,n/a,n/a,n/a,n/a,n/a,n/a,n/a,n/a,n/a,8.21E-01,
109660,109-66-0,N-PENTANE,n/a,1.41E-02,5.98E-03,3.32E+03,3.66E-04,1.78E+00,1.78E+00,Interim,n/a,n/a,n/a,n/a,n/a,n/a,n/a,n/a,n/a,n/a,n/a,n/a,n/a,n/a,n/a,n/a,n/a,1.31E+00,
109671,109-67-1,1-PENTENE,n/a,n/a,n/a,n/a,n/a,n/a,n/a,n/a,n/a,n/a,n/a,n/a,n/a,n/a,n/a,n/a,n/a,n/a,n/a,n/a,n/a,n/a,n/a,n/a,n/a,7.21E+00,
109693,109-69-3,1-CHLOROBUTANE,n/a,1.37E-03,1.33E-03,4.94E+00,1.26E-04,5.38E-02,5.38E-02,Recommended,n/a,n/a,n/a,n/a,n/a,n/a,n/a,n/a,n/a,n/a,n/a,n/a,n/a,n/a,n/a,n/a,n/a,1.10E+00,
109706,109-70-6,1-CHLORO-3-BROMOPROPANE,n/a,7.62E-01,7.61E-01,9.73E+01,1.25E-01,7.00E+00,7.00E+00,Interim,n/a,n/a,n/a,n/a,n/a,n/a,n/a,n/a,n/a,n/a,n/a,n/a,n/a,n/a,n/a,n/a,n/a,n/a,
109739,109-73-9,N-BUTYLAMINE,n/a,2.90E-01,2.74E-01,6.20E+01,4.35E-03,2.57E+00,2.57E+00,Interim,n/a,n/a,n/a,n/a,n/a,n/a,n/a,n/a,n/a,n/a,n/a,n/a,n/a,n/a,n/a,n/a,n/a,n/a,
109751,109-75-1,3-BUTENENITRILE,n/a,2.63E-01,2.66E-01,3.49E+01,1.37E-02,4.43E+00,4.43E+00,Interim,n/a,n/a,n/a,n/a,n/a,n/a,n/a,n/a,n/a,n/a,n/a,n/a,n/a,n/a,n/a,n/a,n/a,n/a,
109762,109-76-2,"1,3-PROPANEDIAMINE",n/a,2.04E-01,1.20E-01,1.51E+01,1.55E-04,2.07E+00,2.07E+00,Interim,n/a,n/a,n/a,n/a,n/a,n/a,n/a,n/a,n/a,n/a,n/a,n/a,n/a,n/a,n/a,n/a,n/a,n/a,
109773,109-77-3,MALONONITRILE,n/a,3.19E+03,3.13E+03,1.30E+04,8.84E-01,3.77E+03,3.77E+03,Interim,n/a,n/a,n/a,n/a,n/a,n/a,n/a,n/a,n/a,n/a,n/a,n/a,n/a,n/a,n/a,n/a,n/a,n/a,
109795,109-79-5,BUTANETHIOL,n/a,1.34E-04,1.04E-04,2.39E+00,5.96E-06,3.18E-02,3.18E-02,Interim,n/a,n/a,n/a,n/a,n/a,n/a,n/a,n/a,n/a,n/a,n/a,n/a,n/a,n/a,n/a,n/a,n/a,n/a,
109831,109-83-1,2-(METHYLAMINO)ETHANOL,n/a,1.17E+01,9.58E+00,3.71E+02,2.12E-03,1.09E+02,1.09E+02,Interim,n/a,n/a,n/a,n/a,n/a,n/a,n/a,n/a,n/a,n/a,n/a,n/a,n/a,n/a,n/a,n/a,n/a,n/a,
109842,109-84-2,"ETHANOL, 2-HYDRAZINO-",n/a,n/a,n/a,n/a,n/a,n/a,n/a,n/a,n/a,1.17E-04,n/a,2.73E-05,n/a,2.05E-04,n/a,1.20E-07,n/a,6.35E-05,n/a,9.27E-05,n/a,Interim,n/a,n/a,n/a,n/a,
109853,109-85-3,"ETHANAMINE, 2-METHOXY-",n/a,1.38E-01,1.16E-01,2.72E+01,1.01E-03,5.39E+00,5.39E+00,Interim,n/a,n/a,n/a,n/a,n/a,n/a,n/a,n/a,n/a,n/a,n/a,n/a,n/a,n/a,n/a,n/a,n/a,n/a,
109864,109-86-4,2-METHOXYETHANOL,n/a,8.68E-02,8.04E-02,1.15E+00,5.43E-05,3.23E-01,3.23E-01,Interim,n/a,n/a,5.84E-07,n/a,1.43E-07,n/a,7.55E-07,n/a,2.27E-10,n/a,2.28E-07,n/a,3.27E-07,n/a,Recommended,n/a,n/a,2.93E+00,
109875,109-87-5,DIMETHOXYMETHANE,n/a,5.24E-03,5.28E-03,6.69E-01,4.08E-04,1.05E-01,1.05E-01,Interim,n/a,n/a,n/a,n/a,n/a,n/a,n/a,n/a,n/a,n/a,n/a,n/a,n/a,n/a,n/a,n/a,n/a,9.44E-01,
109897,109-89-7,DIETHYLAMINE,n/a,1.14E-01,1.17E-01,6.55E+01,4.05E-03,7.13E+00,7.13E+00,Interim,n/a,n/a,n/a,n/a,n/a,n/a,n/a,n/a,n/a,n/a,n/a,n/a,n/a,n/a,n/a,n/a,n/a,n/a,
109922,109-92-2,ETHYL VINYL ETHER,n/a,3.36E-04,3.25E-04,6.63E+00,3.21E-05,2.38E-01,2.38E-01,Recommended,n/a,n/a,n/a,n/a,n/a,n/a,n/a,n/a,n/a,n/a,n/a,n/a,n/a,n/a,n/a,n/a,n/a,n/a,
109944,109-94-4,ETHYL FORMATE,n/a,n/a,n/a,n/a,n/a,n/a,n/a,n/a,n/a,n/a,n/a,n/a,n/a,n/a,n/a,n/a,n/a,n/a,n/a,n/a,n/a,n/a,n/a,n/a,n/a,4.75E-01,
109977,109-97-7,PYRROLE,n/a,6.95E-02,6.44E-02,4.36E+01,1.81E-03,2.62E+00,2.62E+00,Interim,n/a,n/a,n/a,n/a,n/a,n/a,n/a,n/a,n/a,n/a,n/a,n/a,n/a,n/a,n/a,n/a,n/a,n/a,
109999,109-99-9,TETRAHYDROFURAN,n/a,8.73E-03,8.92E-03,1.71E+00,5.31E-04,2.30E-01,2.30E-01,Interim,n/a,6.79E-08,n/a,3.39E-09,n/a,3.58E-08,n/a,2.22E-10,n/a,6.18E-09,n/a,1.36E-08,n/a,Recommended,n/a,n/a,n/a,4.31E+00,
110009,110-00-9,FURAN,n/a,2.78E-03,2.33E-03,4.73E+01,2.33E-04,7.29E-01,7.29E-01,Interim,n/a,6.28E-05,7.00E-06,1.39E-06,1.54E-07,2.44E-05,2.72E-06,2.34E-07,2.61E-08,1.48E-06,1.65E-07,2.62E-06,2.92E-07,Recommended,Recommended,n/a,n/a,9.15E+00,
110021,110-02-1,THIOPHENE,n/a,5.47E-03,5.31E-03,1.23E+01,5.01E-04,2.78E-01,2.78E-01,Interim,n/a,n/a,n/a,n/a,n/a,n/a,n/a,n/a,n/a,n/a,n/a,n/a,n/a,n/a,n/a,n/a,n/a,n/a,
110123,110-12-3,5-METHYL-2-HEXANONE,n/a,4.82E-02,4.87E-02,1.22E+01,3.33E-03,1.13E+00,1.13E+00,Recommended,n/a,n/a,n/a,n/a,n/a,n/a,n/a,n/a,n/a,n/a,n/a,n/a,n/a,n/a,n/a,n/a,n/a,2.41E+00,
110156,110-15-6,BUTANEDIOC ACID,n/a,4.69E+00,4.45E+00,3.07E+01,1.67E-09,5.84E+00,5.84E+00,Interim,n/a,n/a,n/a,n/a,n/a,n/a,n/a,n/a,n/a,n/a,n/a,n/a,n/a,n/a,n/a,n/a,n/a,n/a,
110167,110-16-7,MALEIC ACID,n/a,1.81E+01,1.68E+01,1.60E+02,9.50E-07,3.05E+01,3.05E+01,Interim,n/a,n/a,n/a,n/a,n/a,n/a,n/a,n/a,n/a,n/a,n/a,n/a,n/a,n/a,n/a,n/a,n/a,n/a,
110178,110-17-8,FUMARIC ACID,n/a,1.08E+01,1.00E+01,9.58E+01,3.57E-05,1.82E+01,1.82E+01,Interim,n/a,n/a,n/a,n/a,n/a,n/a,n/a,n/a,n/a,n/a,n/a,n/a,n/a,n/a,n/a,n/a,n/a,n/a,
110190,110-19-0,ISOBUTYL ACETATE,n/a,3.21E-02,3.22E-02,1.10E+01,2.60E-03,9.23E-01,9.23E-01,Recommended,n/a,n/a,n/a,n/a,n/a,n/a,n/a,n/a,n/a,n/a,n/a,n/a,n/a,n/a,n/a,n/a,n/a,6.23E-01,
110270,110-27-0,ISOPROPYL MYRISTATE,n/a,1.40E-03,6.29E-04,4.13E+00,2.15E-05,2.51E-03,2.51E-03,Recommended,n/a,n/a,n/a,n/a,n/a,n/a,n/a,n/a,n/a,n/a,n/a,n/a,n/a,n/a,n/a,n/a,n/a,n/a,
110338,110-33-8,DIHEXYL ADIPATE,n/a,9.43E+00,4.73E+00,3.50E+02,1.49E-04,4.27E-01,4.27E-01,Recommended,n/a,n/a,n/a,n/a,n/a,n/a,n/a,n/a,n/a,n/a,n/a,n/a,n/a,n/a,n/a,n/a,n/a,n/a,
110407,110-40-7,DIETHYL SEBACATE,n/a,9.10E+01,6.55E+01,6.05E+03,1.86E-01,1.26E+02,1.26E+02,Interim,n/a,n/a,n/a,n/a,n/a,n/a,n/a,n/a,n/a,n/a,n/a,n/a,n/a,n/a,n/a,n/a,n/a,n/a,
110429,110-42-9,METHYL DECANOATE,n/a,n/a,n/a,n/a,n/a,n/a,n/a,n/a,n/a,n/a,n/a,n/a,n/a,n/a,n/a,n/a,n/a,n/a,n/a,n/a,n/a,n/a,n/a,n/a,n/a,5.34E-01,
110430,110-43-0,2-HEPTANONE,n/a,1.31E-01,1.32E-01,3.87E+01,9.17E-03,3.29E+00,3.29E+00,Interim,n/a,n/a,n/a,n/a,n/a,n/a,n/a,n/a,n/a,n/a,n/a,n/a,n/a,n/a,n/a,n/a,n/a,2.36E+00,
110441,110-44-1,SORBIC ACID,n/a,1.06E-01,6.89E-02,7.50E+00,5.56E-05,1.16E+00,1.16E+00,Interim,n/a,n/a,n/a,n/a,n/a,n/a,n/a,n/a,n/a,n/a,n/a,n/a,n/a,n/a,n/a,n/a,n/a,n/a,
110496,110-49-6,2-METHOXYETHYL ACETATE,n/a,8.51E+00,7.95E+00,9.71E+01,4.37E-03,2.63E+01,2.63E+01,Interim,n/a,n/a,n/a,n/a,n/a,n/a,n/a,n/a,n/a,n/a,n/a,n/a,n/a,n/a,n/a,n/a,n/a,1.15E+00,
110509,110-50-9,BUTYL XANTHATE,n/a,7.47E+00,6.95E+00,2.02E+03,1.05E-01,3.22E+02,3.22E+02,Interim,n/a,n/a,n/a,n/a,n/a,n/a,n/a,n/a,n/a,n/a,n/a,n/a,n/a,n/a,n/a,n/a,n/a,n/a,
110543,110-54-3,N-HEXANE,n/a,2.12E-04,5.76E-05,6.48E+01,3.38E-06,2.44E-02,2.44E-02,Recommended,n/a,1.79E-09,2.44E-07,1.93E-10,2.62E-08,1.93E-09,2.63E-07,9.63E-11,1.31E-08,1.87E-10,2.54E-08,2.04E-10,2.78E-08,Recommended,Recommended,n/a,n/a,1.24E+00,
110565,110-56-5,"1,4-DICHLOROBUTANE",n/a,6.48E-01,6.47E-01,9.88E+01,1.10E-01,5.30E+00,5.30E+00,Interim,n/a,n/a,n/a,n/a,n/a,n/a,n/a,n/a,n/a,n/a,n/a,n/a,n/a,n/a,n/a,n/a,n/a,n/a,
110587,110-58-7,N-PENTYLAMINE,n/a,1.86E-01,1.79E-01,4.91E+01,3.41E-03,1.91E+00,1.91E+00,Interim,n/a,n/a,n/a,n/a,n/a,n/a,n/a,n/a,n/a,n/a,n/a,n/a,n/a,n/a,n/a,n/a,n/a,n/a,
110623,110-62-3,1-PENTANAL,n/a,5.61E-01,5.85E-01,3.27E+02,2.56E-02,3.80E+01,3.80E+01,Interim,n/a,n/a,n/a,n/a,n/a,n/a,n/a,n/a,n/a,n/a,n/a,n/a,n/a,n/a,n/a,n/a,n/a,5.08E+00,
110634,110-63-4,"1,4-BUTANEDIOL",n/a,8.78E-01,8.35E-01,7.31E+00,1.25E-06,1.88E+00,1.88E+00,Recommended,n/a,n/a,n/a,n/a,n/a,n/a,n/a,n/a,n/a,n/a,n/a,n/a,n/a,n/a,n/a,n/a,n/a,2.72E+00,
110656,110-65-6,"2-BUTYNE-1,4-DIOL",n/a,6.04E+00,5.48E+00,9.51E+01,1.08E-06,2.45E+01,2.45E+01,Recommended,n/a,n/a,n/a,n/a,n/a,n/a,n/a,n/a,n/a,n/a,n/a,n/a,n/a,n/a,n/a,n/a,n/a,n/a,
110736,110-73-6,"ETHANOL, 2-(ETHYLAMINO)-",n/a,4.40E-01,3.69E-01,1.26E+01,3.78E-05,3.70E+00,3.70E+00,Interim,n/a,n/a,n/a,n/a,n/a,n/a,n/a,n/a,n/a,n/a,n/a,n/a,n/a,n/a,n/a,n/a,n/a,n/a,
110747,110-74-7,N-PROPYL FORMATE,n/a,n/a,n/a,n/a,n/a,n/a,n/a,n/a,n/a,n/a,n/a,n/a,n/a,n/a,n/a,n/a,n/a,n/a,n/a,n/a,n/a,n/a,n/a,n/a,n/a,7.78E-01,
110758,110-75-8,2-CHLOROETHYL VINYL ETHER,n/a,3.32E-04,3.02E-04,1.02E+01,2.74E-05,2.68E-01,2.68E-01,Interim,n/a,n/a,n/a,n/a,n/a,n/a,n/a,n/a,n/a,n/a,n/a,n/a,n/a,n/a,n/a,n/a,n/a,n/a,
110770,110-77-0,"ETHANOL, 2-(ETHYLTHIO)-",n/a,2.06E+01,1.73E+01,6.12E+02,1.78E-02,1.37E+02,1.37E+02,Interim,n/a,n/a,n/a,n/a,n/a,n/a,n/a,n/a,n/a,n/a,n/a,n/a,n/a,n/a,n/a,n/a,n/a,n/a,
110805,110-80-5,2-ETHOXYETHANOL,n/a,1.83E+00,1.65E+00,3.39E+01,1.49E-03,9.20E+00,9.20E+00,Recommended,n/a,n/a,1.36E-07,n/a,2.56E-08,n/a,1.87E-07,n/a,5.64E-11,n/a,5.40E-08,n/a,7.87E-08,n/a,Recommended,n/a,n/a,3.71E+00,
110816,110-81-6,DIETHYL DISULFIDE,n/a,7.92E-03,5.30E-03,2.91E+02,4.57E-04,5.29E+00,5.29E+00,Interim,n/a,n/a,n/a,n/a,n/a,n/a,n/a,n/a,n/a,n/a,n/a,n/a,n/a,n/a,n/a,n/a,n/a,n/a,
110827,110-82-7,CYCLOHEXANE,n/a,5.96E-04,4.05E-04,4.87E+01,3.90E-05,1.25E-01,1.25E-01,Recommended,n/a,n/a,2.14E-08,n/a,1.86E-09,n/a,1.30E-08,n/a,6.35E-10,n/a,1.78E-09,n/a,2.46E-09,n/a,Recommended,n/a,n/a,1.25E+00,
110838,110-83-8,CYCLOHEXENE,n/a,5.68E-04,2.21E-04,6.48E+01,2.14E-05,3.02E-01,3.02E-01,Recommended,n/a,n/a,n/a,n/a,n/a,n/a,n/a,n/a,n/a,n/a,n/a,n/a,n/a,n/a,n/a,n/a,n/a,5.00E+00,
110861,110-86-1,PYRIDINE,n/a,3.99E+00,3.95E+00,5.64E+01,7.17E-02,6.36E+00,6.36E+00,Recommended,n/a,2.84E-06,8.62E-06,8.17E-07,2.48E-06,2.29E-06,6.95E-06,1.55E-08,4.72E-08,4.12E-07,1.25E-06,5.77E-07,1.75E-06,Recommended,Recommended,n/a,n/a,n/a,
110883,110-88-3,"1,3,5-TRIOXANE",n/a,2.16E-02,2.14E-02,9.30E-01,3.97E-04,2.12E-01,2.12E-01,Interim,n/a,n/a,n/a,n/a,n/a,n/a,n/a,n/a,n/a,n/a,n/a,n/a,n/a,n/a,n/a,n/a,n/a,n/a,
110918,110-91-8,MORPHOLINE,n/a,7.38E-01,3.96E-01,1.17E+02,8.85E-04,2.38E+01,2.38E+01,Interim,n/a,n/a,n/a,n/a,n/a,n/a,n/a,n/a,n/a,n/a,n/a,n/a,n/a,n/a,n/a,n/a,n/a,1.98E+00,
110930,110-93-0,"5-HEPTEN-2-ONE, 6-METHYL-",n/a,1.15E-02,1.28E-02,4.91E+01,8.75E-04,3.33E+00,3.33E+00,Recommended,n/a,n/a,n/a,n/a,n/a,n/a,n/a,n/a,n/a,n/a,n/a,n/a,n/a,n/a,n/a,n/a,n/a,n/a,
110952,110-95-2,"1,3-PROPANEDIAMINE, N,N,N',N'-TETRAMETHYL-",n/a,2.04E+00,1.04E+00,4.37E+02,6.18E-03,8.84E+01,8.84E+01,Interim,n/a,n/a,n/a,n/a,n/a,n/a,n/a,n/a,n/a,n/a,n/a,n/a,n/a,n/a,n/a,n/a,n/a,n/a,
110963,110-96-3,DIISOBUTYLAMINE,n/a,1.25E-02,1.11E-02,6.55E+01,8.85E-04,1.26E+00,1.26E+00,Interim,n/a,n/a,n/a,n/a,n/a,n/a,n/a,n/a,n/a,n/a,n/a,n/a,n/a,n/a,n/a,n/a,n/a,n/a,
110974,110-97-4,DIISOPROPANOLAMINE,n/a,9.70E-01,8.74E-01,2.37E+01,3.82E-08,7.68E+00,7.68E+00,Recommended,n/a,n/a,n/a,n/a,n/a,n/a,n/a,n/a,n/a,n/a,n/a,n/a,n/a,n/a,n/a,n/a,n/a,n/a,
110985,110-98-5,"2-PROPANOL, 1,1'-OXYBIS-",n/a,8.68E-06,6.90E-06,1.33E+00,5.96E-07,1.96E-02,1.96E-02,Interim,n/a,n/a,n/a,n/a,n/a,n/a,n/a,n/a,n/a,n/a,n/a,n/a,n/a,n/a,n/a,n/a,n/a,2.31E+00,
110996,110-99-6,"ACETIC ACID, 2,2'-OXYBIS-",n/a,1.37E+01,1.30E+01,1.09E+02,7.39E-07,2.70E+01,2.70E+01,Interim,n/a,n/a,n/a,n/a,n/a,n/a,n/a,n/a,n/a,n/a,n/a,n/a,n/a,n/a,n/a,n/a,n/a,n/a,
111115,111-11-5,METHYL OCTANOATE,n/a,n/a,n/a,n/a,n/a,n/a,n/a,n/a,n/a,n/a,n/a,n/a,n/a,n/a,n/a,n/a,n/a,n/a,n/a,n/a,n/a,n/a,n/a,n/a,n/a,6.94E-01,
111137,111-13-7,2-OCTANONE,n/a,3.67E-01,3.70E-01,1.15E+02,2.55E-02,7.19E+00,7.19E+00,Interim,n/a,n/a,n/a,n/a,n/a,n/a,n/a,n/a,n/a,n/a,n/a,n/a,n/a,n/a,n/a,n/a,n/a,1.40E+00,
111148,111-14-8,HEPTANOIC ACID,n/a,4.52E+00,3.92E+00,8.78E+01,2.56E-03,1.13E+01,1.13E+01,Interim,n/a,n/a,n/a,n/a,n/a,n/a,n/a,n/a,n/a,n/a,n/a,n/a,n/a,n/a,n/a,n/a,n/a,n/a,
111159,111-15-9,ETHOXYETHYLACETATE,n/a,2.19E+00,2.01E+00,1.13E+02,1.04E-02,2.44E+01,2.44E+01,Recommended,n/a,n/a,n/a,n/a,n/a,n/a,n/a,n/a,n/a,n/a,n/a,n/a,n/a,n/a,n/a,n/a,n/a,1.84E+00,
111182,111-18-2,"1,6-HEXANEDIAMINE, N,N,N',N'-TETRAMETHYL-",n/a,9.91E+00,3.97E+00,3.03E+03,3.28E-02,2.30E+02,2.30E+02,Interim,n/a,n/a,n/a,n/a,n/a,n/a,n/a,n/a,n/a,n/a,n/a,n/a,n/a,n/a,n/a,n/a,n/a,n/a,
111251,111-25-1,1-BROMOHEXANE,n/a,6.14E-02,5.09E-02,1.27E+03,4.20E-03,6.23E+00,6.23E+00,Interim,n/a,n/a,n/a,n/a,n/a,n/a,n/a,n/a,n/a,n/a,n/a,n/a,n/a,n/a,n/a,n/a,n/a,n/a,
111262,111-26-2,N-HEXYLAMINE,n/a,8.30E-01,7.78E-01,2.41E+02,1.51E-02,5.86E+00,5.86E+00,Interim,n/a,n/a,n/a,n/a,n/a,n/a,n/a,n/a,n/a,n/a,n/a,n/a,n/a,n/a,n/a,n/a,n/a,n/a,
111273,111-27-3,1-HEXANOL,n/a,4.10E-01,4.05E-01,3.79E+01,5.72E-03,4.76E+00,4.76E+00,Recommended,n/a,n/a,n/a,n/a,n/a,n/a,n/a,n/a,n/a,n/a,n/a,n/a,n/a,n/a,n/a,n/a,n/a,2.69E+00,
111295,111-29-5,"1,5-PENTANEDIOL",n/a,1.16E+00,1.10E+00,1.04E+01,9.77E-06,2.67E+00,2.67E+00,Recommended,n/a,n/a,n/a,n/a,n/a,n/a,n/a,n/a,n/a,n/a,n/a,n/a,n/a,n/a,n/a,n/a,n/a,n/a,
111308,111-30-8,"PENTANE-1,5-DIAL",n/a,1.09E+02,9.45E+01,2.83E+03,8.36E-02,7.61E+02,7.61E+02,Recommended,n/a,n/a,n/a,n/a,n/a,n/a,n/a,n/a,n/a,n/a,n/a,n/a,n/a,n/a,n/a,n/a,n/a,4.31E+00,
111353,111-35-3,3-ETHOXY-1-PROPANOL,n/a,n/a,n/a,n/a,n/a,n/a,n/a,n/a,n/a,n/a,n/a,n/a,n/a,n/a,n/a,n/a,n/a,n/a,n/a,n/a,n/a,n/a,n/a,n/a,n/a,4.09E+00,
111364,111-36-4,BUTYL ISOCYANATE,n/a,3.90E-01,3.75E-01,3.12E+02,2.07E-02,2.95E+00,2.95E+00,Interim,n/a,n/a,n/a,n/a,n/a,n/a,n/a,n/a,n/a,n/a,n/a,n/a,n/a,n/a,n/a,n/a,n/a,n/a,
111400,111-40-0,DIETHYLENETRIAMINE,n/a,2.17E+00,1.21E+00,9.74E+01,7.13E-05,1.33E+01,1.33E+01,Interim,n/a,n/a,n/a,n/a,n/a,n/a,n/a,n/a,n/a,n/a,n/a,n/a,n/a,n/a,n/a,n/a,n/a,n/a,
111411,111-41-1,2-(2-AMINOETHYLAMINO)ETHANOL,n/a,2.65E+00,2.32E+00,7.24E+01,4.85E-06,2.19E+01,2.19E+01,Recommended,n/a,n/a,n/a,n/a,n/a,n/a,n/a,n/a,n/a,n/a,n/a,n/a,n/a,n/a,n/a,n/a,n/a,n/a,
111422,111-42-2,DIETHANOLAMINE,n/a,1.79E+00,1.51E+00,4.75E+01,6.36E-08,1.22E+01,1.22E+01,Interim,n/a,n/a,n/a,n/a,n/a,n/a,n/a,n/a,n/a,n/a,n/a,n/a,n/a,n/a,n/a,n/a,n/a,2.47E+00,
111433,111-43-3,DI-N-PROPYL ETHER,n/a,n/a,n/a,n/a,n/a,n/a,n/a,n/a,n/a,n/a,n/a,n/a,n/a,n/a,n/a,n/a,n/a,n/a,n/a,n/a,n/a,n/a,n/a,n/a,n/a,3.08E+00,
111444,111-44-4,BIS(2-CHLOROETHYL)ETHER,n/a,1.69E+00,1.67E+00,6.01E+01,8.06E-02,7.59E+00,7.59E+00,Interim,n/a,5.07E-06,n/a,8.99E-07,n/a,6.37E-06,n/a,7.12E-08,n/a,9.95E-07,n/a,1.52E-06,n/a,Recommended,n/a,n/a,n/a,n/a,
111466,111-46-6,DIETHYLENE GLYCOL,n/a,5.14E-02,4.69E-02,7.57E-01,4.08E-08,1.95E-01,1.95E-01,Interim,n/a,1.88E-08,n/a,4.70E-09,n/a,1.65E-08,n/a,2.70E-12,n/a,4.26E-09,n/a,7.55E-09,n/a,Recommended,n/a,n/a,n/a,3.35E+00,
111477,111-47-7,DI-N-PROPYLSULFIDE,n/a,2.84E-02,2.43E-02,1.92E+02,2.13E-03,2.12E+00,2.12E+00,Interim,n/a,n/a,n/a,n/a,n/a,n/a,n/a,n/a,n/a,n/a,n/a,n/a,n/a,n/a,n/a,n/a,n/a,n/a,
111488,111-48-8,"2,2'-THIOBISETHANOL",n/a,1.09E+00,1.04E+00,1.31E+01,9.52E-07,4.25E+00,4.25E+00,Recommended,n/a,n/a,n/a,n/a,n/a,n/a,n/a,n/a,n/a,n/a,n/a,n/a,n/a,n/a,n/a,n/a,n/a,n/a,
111557,111-55-7,ETHYLENE GLYCOL DIACETATE,n/a,3.53E+01,3.39E+01,2.23E+02,4.72E-03,5.18E+01,5.18E+01,Interim,n/a,n/a,n/a,n/a,n/a,n/a,n/a,n/a,n/a,n/a,n/a,n/a,n/a,n/a,n/a,n/a,n/a,6.65E-01,
111659,111-65-9,N-OCTANE,n/a,8.98E-01,1.02E-01,3.21E+05,5.54E-03,6.47E+01,6.47E+01,Interim,n/a,n/a,n/a,n/a,n/a,n/a,n/a,n/a,n/a,n/a,n/a,n/a,n/a,n/a,n/a,n/a,n/a,8.99E-01,
111660,111-66-0,1-OCTENE,n/a,n/a,n/a,n/a,n/a,n/a,n/a,n/a,n/a,n/a,n/a,n/a,n/a,n/a,n/a,n/a,n/a,n/a,n/a,n/a,n/a,n/a,n/a,n/a,n/a,3.25E+00,
111682,111-68-2,HEPTYLAMINE,n/a,8.63E-01,8.09E-01,3.88E+02,2.40E-02,5.41E+00,5.41E+00,Interim,n/a,n/a,n/a,n/a,n/a,n/a,n/a,n/a,n/a,n/a,n/a,n/a,n/a,n/a,n/a,n/a,n/a,n/a,
111693,111-69-3,ADIPONITRILE,n/a,4.37E+00,4.16E+00,2.57E+01,9.24E-06,4.68E+00,4.68E+00,Interim,n/a,n/a,n/a,n/a,n/a,n/a,n/a,n/a,n/a,n/a,n/a,n/a,n/a,n/a,n/a,n/a,n/a,n/a,
111706,111-70-6,1-HEPTANOL,n/a,1.10E+00,1.09E+00,1.18E+02,1.58E-02,1.33E+01,1.33E+01,Recommended,n/a,n/a,n/a,n/a,n/a,n/a,n/a,n/a,n/a,n/a,n/a,n/a,n/a,n/a,n/a,n/a,n/a,1.84E+00,
111717,111-71-7,HEPTANAL,n/a,n/a,n/a,n/a,n/a,n/a,n/a,n/a,n/a,n/a,n/a,n/a,n/a,n/a,n/a,n/a,n/a,n/a,n/a,n/a,n/a,n/a,n/a,n/a,n/a,3.69E+00,
111762,111-76-2,2-BUTOXY-ETHANOL,n/a,1.71E-01,1.45E-01,8.45E+00,2.36E-04,1.59E+00,1.59E+00,Recommended,n/a,2.93E-08,2.02E-07,2.49E-09,2.40E-08,2.72E-08,3.25E-07,1.12E-11,1.25E-10,5.55E-09,6.51E-08,1.04E-08,1.23E-07,Recommended,Recommended,n/a,n/a,2.90E+00,
111773,111-77-3,DIETHYLENE GLYCOL MONOMETHYL ETHER,n/a,7.04E-01,6.64E-01,8.90E+00,4.66E-05,2.79E+00,2.79E+00,Recommended,n/a,n/a,n/a,n/a,n/a,n/a,n/a,n/a,n/a,n/a,n/a,n/a,n/a,n/a,n/a,n/a,n/a,2.66E+00,
111784,111-78-4,"CYCLOOCTA-1,5-DIENE",n/a,5.08E-03,1.68E-03,2.21E+02,1.52E-04,1.01E+00,1.01E+00,Interim,n/a,n/a,n/a,n/a,n/a,n/a,n/a,n/a,n/a,n/a,n/a,n/a,n/a,n/a,n/a,n/a,n/a,n/a,
111820,111-82-0,METHYL DODECANOATE (METHYL LAURATE),n/a,n/a,n/a,n/a,n/a,n/a,n/a,n/a,n/a,n/a,n/a,n/a,n/a,n/a,n/a,n/a,n/a,n/a,n/a,n/a,n/a,n/a,n/a,n/a,n/a,4.69E-01,
111831,111-83-1,1-BROMOOCTANE,n/a,1.49E-01,9.01E-02,5.35E+03,7.12E-03,1.08E+01,1.08E+01,Interim,n/a,n/a,n/a,n/a,n/a,n/a,n/a,n/a,n/a,n/a,n/a,n/a,n/a,n/a,n/a,n/a,n/a,n/a,
111842,111-84-2,N-NONANE,n/a,n/a,n/a,n/a,n/a,n/a,n/a,n/a,n/a,n/a,n/a,n/a,n/a,n/a,n/a,n/a,n/a,n/a,n/a,n/a,n/a,n/a,n/a,n/a,n/a,7.81E-01,
111864,111-86-4,N-OCTYLAMINE,n/a,1.28E+00,1.07E+00,4.11E+03,8.81E-02,3.97E+01,3.97E+01,Interim,n/a,n/a,n/a,n/a,n/a,n/a,n/a,n/a,n/a,n/a,n/a,n/a,n/a,n/a,n/a,n/a,n/a,n/a,
111875,111-87-5,1-OCTANOL,n/a,1.68E+00,1.65E+00,2.16E+02,2.81E-02,1.48E+01,1.48E+01,Recommended,n/a,n/a,n/a,n/a,n/a,n/a,n/a,n/a,n/a,n/a,n/a,n/a,n/a,n/a,n/a,n/a,n/a,1.43E+00,
111900,111-90-0,"DIETHYLENE GLYCOL, MONOETHYL ETHER",n/a,6.95E-02,6.31E-02,1.38E+00,2.40E-06,4.38E-01,4.38E-01,Recommended,n/a,n/a,n/a,n/a,n/a,n/a,n/a,n/a,n/a,n/a,n/a,n/a,n/a,n/a,n/a,n/a,n/a,3.26E+00,
111911,111-91-1,BIS(2-CHLOROETHOXY)METHANE,n/a,3.87E+00,3.68E+00,1.44E+02,4.79E-02,3.49E+01,3.49E+01,Interim,n/a,n/a,n/a,n/a,n/a,n/a,n/a,n/a,n/a,n/a,n/a,n/a,n/a,n/a,n/a,n/a,n/a,n/a,
111922,111-92-2,DIBUTYLAMINE,n/a,3.33E-01,2.93E-01,4.09E+02,9.84E-03,4.99E+00,4.99E+00,Interim,n/a,n/a,n/a,n/a,n/a,n/a,n/a,n/a,n/a,n/a,n/a,n/a,n/a,n/a,n/a,n/a,n/a,n/a,
112005,112-00-5,DODECYLTRIMETHYLAMMONIUM CHLORIDE,n/a,6.12E+02,2.58E+02,2.69E+04,6.30E-07,3.33E+01,3.33E+01,Interim,n/a,n/a,n/a,n/a,n/a,n/a,n/a,n/a,n/a,n/a,n/a,n/a,n/a,n/a,n/a,n/a,n/a,n/a,
112027,112-02-7,CETRIMONIUM CHLORIDE,n/a,9.92E+02,6.10E+02,2.59E+04,2.01E-07,3.75E+00,3.75E+00,Interim,n/a,n/a,n/a,n/a,n/a,n/a,n/a,n/a,n/a,n/a,n/a,n/a,n/a,n/a,n/a,n/a,n/a,n/a,
112050,112-05-0,NONANOIC ACID,n/a,6.42E+00,5.23E+00,2.79E+02,7.83E-03,1.72E+01,1.72E+01,Interim,n/a,n/a,n/a,n/a,n/a,n/a,n/a,n/a,n/a,n/a,n/a,n/a,n/a,n/a,n/a,n/a,n/a,n/a,
112061,112-06-1,N-HEPTYL ACETATE,n/a,n/a,n/a,n/a,n/a,n/a,n/a,n/a,n/a,n/a,n/a,n/a,n/a,n/a,n/a,n/a,n/a,n/a,n/a,n/a,n/a,n/a,n/a,n/a,n/a,6.46E-01,
112072,112-07-2,2-BUTOXYETHANOL ACETATE,n/a,5.73E-01,5.09E-01,6.38E+01,2.39E-03,7.49E+00,7.49E+00,Recommended,n/a,n/a,n/a,n/a,n/a,n/a,n/a,n/a,n/a,n/a,n/a,n/a,n/a,n/a,n/a,n/a,n/a,1.62E+00,
112129,112-12-9,UNDECANONE,n/a,2.27E+01,2.22E+01,4.60E+03,9.98E-01,9.65E+01,9.65E+01,Interim,n/a,n/a,n/a,n/a,n/a,n/a,n/a,n/a,n/a,n/a,n/a,n/a,n/a,n/a,n/a,n/a,n/a,n/a,
112141,112-14-1,N-OCTYL ACETATE,n/a,n/a,n/a,n/a,n/a,n/a,n/a,n/a,n/a,n/a,n/a,n/a,n/a,n/a,n/a,n/a,n/a,n/a,n/a,n/a,n/a,n/a,n/a,n/a,n/a,5.73E-01,
112152,112-15-2,2-(2-ETHOXYETHOXY) ETHYL ACETATE,n/a,n/a,n/a,n/a,n/a,n/a,n/a,n/a,n/a,n/a,n/a,n/a,n/a,n/a,n/a,n/a,n/a,n/a,n/a,n/a,n/a,n/a,n/a,n/a,n/a,1.48E+00,
112185,112-18-5,"N,N-DIMETHYLDODECYLAMINE",n/a,1.79E+01,7.18E+00,4.77E+04,4.95E-01,6.11E+01,6.11E+01,Interim,n/a,n/a,n/a,n/a,n/a,n/a,n/a,n/a,n/a,n/a,n/a,n/a,n/a,n/a,n/a,n/a,n/a,n/a,
112209,112-20-9,N-NONYLAMINE,n/a,8.90E+00,7.65E+00,3.47E+03,2.91E-01,2.80E+01,2.80E+01,Interim,n/a,n/a,n/a,n/a,n/a,n/a,n/a,n/a,n/a,n/a,n/a,n/a,n/a,n/a,n/a,n/a,n/a,n/a,
112243,112-24-3,TRIETHYLENETETRAAMINE,n/a,6.14E+00,2.54E+00,2.97E+02,7.04E-08,2.36E+01,2.36E+01,Interim,n/a,n/a,n/a,n/a,n/a,n/a,n/a,n/a,n/a,n/a,n/a,n/a,n/a,n/a,n/a,n/a,n/a,n/a,
112254,112-25-4,"ETHANOL, 2-(HEXYLOXY)-",n/a,8.04E-01,6.64E-01,8.04E+01,1.91E-03,1.12E+01,1.12E+01,Recommended,n/a,n/a,n/a,n/a,n/a,n/a,n/a,n/a,n/a,n/a,n/a,n/a,n/a,n/a,n/a,n/a,n/a,2.09E+00,
112276,112-27-6,TRIETHYLENE GLYCOL,n/a,2.22E-02,1.97E-02,3.87E-01,8.46E-09,9.18E-02,9.18E-02,Interim,n/a,n/a,n/a,n/a,n/a,n/a,n/a,n/a,n/a,n/a,n/a,n/a,n/a,n/a,n/a,n/a,n/a,3.25E+00,
112298,112-29-8,1-BROMODECANE,n/a,2.00E-01,1.03E-01,3.02E+03,7.72E-03,4.15E+00,4.15E+00,Interim,n/a,n/a,n/a,n/a,n/a,n/a,n/a,n/a,n/a,n/a,n/a,n/a,n/a,n/a,n/a,n/a,n/a,n/a,
112301,112-30-1,1-DECANOL,n/a,9.10E+00,8.53E+00,1.42E+03,1.62E-01,1.54E+01,1.54E+01,Recommended,n/a,n/a,n/a,n/a,n/a,n/a,n/a,n/a,n/a,n/a,n/a,n/a,n/a,n/a,n/a,n/a,n/a,1.06E+00,
112345,112-34-5,DIETHYLENE GLYCOL MONO-N-BUTYL ETHER,n/a,1.19E-01,8.82E-02,3.62E+00,6.00E-07,6.18E-01,6.18E-01,Recommended,n/a,n/a,n/a,n/a,n/a,n/a,n/a,n/a,n/a,n/a,n/a,n/a,n/a,n/a,n/a,n/a,n/a,2.39E+00,
112356,112-35-6,METHOXY TRIETHYLENE GLYCOL,n/a,3.67E-01,3.22E-01,6.78E+00,3.87E-07,1.61E+00,1.61E+00,Recommended,n/a,n/a,n/a,n/a,n/a,n/a,n/a,n/a,n/a,n/a,n/a,n/a,n/a,n/a,n/a,n/a,n/a,2.58E+00,
112367,112-36-7,BIS (2-ETHOXY ETHYL)  ETHER,n/a,1.53E-01,1.34E-01,2.83E+00,2.38E-05,6.32E-01,6.32E-01,Interim,n/a,n/a,n/a,n/a,n/a,n/a,n/a,n/a,n/a,n/a,n/a,n/a,n/a,n/a,n/a,n/a,n/a,n/a,
112378,112-37-8,UNDECANOIC ACID,n/a,4.02E+00,3.80E+00,4.63E+02,4.61E-02,1.03E+01,1.03E+01,Interim,n/a,n/a,n/a,n/a,n/a,n/a,n/a,n/a,n/a,n/a,n/a,n/a,n/a,n/a,n/a,n/a,n/a,n/a,
112390,112-39-0,METHYL HEXADECANOATE (METHYL PALMITATE),n/a,n/a,n/a,n/a,n/a,n/a,n/a,n/a,n/a,n/a,n/a,n/a,n/a,n/a,n/a,n/a,n/a,n/a,n/a,n/a,n/a,n/a,n/a,n/a,n/a,4.43E-01,
112403,112-40-3,N-DODECANE,n/a,n/a,n/a,n/a,n/a,n/a,n/a,n/a,n/a,n/a,n/a,n/a,n/a,n/a,n/a,n/a,n/a,n/a,n/a,n/a,n/a,n/a,n/a,n/a,n/a,5.55E-01,
112414,112-41-4,1-DODECENE,n/a,n/a,n/a,n/a,n/a,n/a,n/a,n/a,n/a,n/a,n/a,n/a,n/a,n/a,n/a,n/a,n/a,n/a,n/a,n/a,n/a,n/a,n/a,n/a,n/a,1.64E+00,
112425,112-42-5,1-UNDECANOL,n/a,3.03E+01,2.77E+01,4.14E+03,3.11E-01,7.20E+01,7.20E+01,Recommended,n/a,n/a,n/a,n/a,n/a,n/a,n/a,n/a,n/a,n/a,n/a,n/a,n/a,n/a,n/a,n/a,n/a,n/a,
112505,112-50-5,2-[2-(2-ETHOXYETHOXY) ETHOXY] ETHANOL,n/a,n/a,n/a,n/a,n/a,n/a,n/a,n/a,n/a,n/a,n/a,n/a,n/a,n/a,n/a,n/a,n/a,n/a,n/a,n/a,n/a,n/a,n/a,n/a,n/a,2.46E+00,
112527,112-52-7,1-CHLORODODECANE,n/a,2.96E+01,1.07E+01,2.66E+05,6.80E-01,1.63E+02,1.63E+02,Interim,n/a,n/a,n/a,n/a,n/a,n/a,n/a,n/a,n/a,n/a,n/a,n/a,n/a,n/a,n/a,n/a,n/a,n/a,
112538,112-53-8,DODECANOL,n/a,2.64E+01,2.03E+01,3.75E+03,4.78E-01,9.70E+00,9.70E+00,Recommended,n/a,n/a,n/a,n/a,n/a,n/a,n/a,n/a,n/a,n/a,n/a,n/a,n/a,n/a,n/a,n/a,n/a,n/a,
112561,112-56-1,2(2-BUTOXYETHOXY)ETHYLTHIOCYANATE,n/a,9.13E+01,6.03E+01,3.50E+03,9.22E-03,4.66E+02,4.66E+02,Interim,n/a,n/a,n/a,n/a,n/a,n/a,n/a,n/a,n/a,n/a,n/a,n/a,n/a,n/a,n/a,n/a,n/a,n/a,
112572,112-57-2,TETRAETHYLENEPENTAMINE,n/a,1.00E+01,2.69E+00,5.28E+02,1.25E-10,2.13E+01,2.13E+01,Interim,n/a,n/a,n/a,n/a,n/a,n/a,n/a,n/a,n/a,n/a,n/a,n/a,n/a,n/a,n/a,n/a,n/a,n/a,
112594,112-59-4,2-(2-HEXYLOXYETHOXY) ETHANOL,n/a,n/a,n/a,n/a,n/a,n/a,n/a,n/a,n/a,n/a,n/a,n/a,n/a,n/a,n/a,n/a,n/a,n/a,n/a,n/a,n/a,n/a,n/a,n/a,n/a,1.84E+00,
112607,112-60-7,TETRAETHYLENE GLYCOL,n/a,4.80E-01,4.13E-01,1.00E+01,7.43E-09,2.38E+00,2.38E+00,Recommended,n/a,n/a,n/a,n/a,n/a,n/a,n/a,n/a,n/a,n/a,n/a,n/a,n/a,n/a,n/a,n/a,n/a,2.51E+00,
112618,112-61-8,METHYL OCTADECANOATE (METHYL STEARATE),n/a,n/a,n/a,n/a,n/a,n/a,n/a,n/a,n/a,n/a,n/a,n/a,n/a,n/a,n/a,n/a,n/a,n/a,n/a,n/a,n/a,n/a,n/a,n/a,n/a,4.01E-01,
112629,112-62-9,METHYL CIS-9-OCTADECENOATE (METHYL OLEATE),n/a,n/a,n/a,n/a,n/a,n/a,n/a,n/a,n/a,n/a,n/a,n/a,n/a,n/a,n/a,n/a,n/a,n/a,n/a,n/a,n/a,n/a,n/a,n/a,n/a,1.54E+00,
112630,112-63-0,METHYL LINOLEATE,n/a,n/a,n/a,n/a,n/a,n/a,n/a,n/a,n/a,n/a,n/a,n/a,n/a,n/a,n/a,n/a,n/a,n/a,n/a,n/a,n/a,n/a,n/a,n/a,n/a,1.84E+00,
112652,112-65-2,DODINE,n/a,6.92E+01,1.51E+01,3.96E+03,1.74E-04,3.21E+00,3.21E+00,Interim,n/a,n/a,n/a,n/a,n/a,n/a,n/a,n/a,n/a,n/a,n/a,n/a,n/a,n/a,n/a,n/a,n/a,n/a,
112696,112-69-6,"1-HEXADECANAMINE, N,N-DIMETHYL-",n/a,3.64E-01,4.84E-02,7.44E+02,2.62E-03,2.76E-01,2.76E-01,Interim,n/a,n/a,n/a,n/a,n/a,n/a,n/a,n/a,n/a,n/a,n/a,n/a,n/a,n/a,n/a,n/a,n/a,n/a,
112709,112-70-9,1-TRIDECANOL,n/a,4.74E+01,4.24E+01,8.77E+03,1.07E+00,8.43E+01,8.43E+01,Interim,n/a,n/a,n/a,n/a,n/a,n/a,n/a,n/a,n/a,n/a,n/a,n/a,n/a,n/a,n/a,n/a,n/a,n/a,
112801,112-80-1,OLEIC ACID,n/a,1.66E-02,5.26E-03,5.34E+00,5.03E-05,3.89E-03,3.89E-03,Interim,n/a,n/a,n/a,n/a,n/a,n/a,n/a,n/a,n/a,n/a,n/a,n/a,n/a,n/a,n/a,n/a,n/a,n/a,
112903,112-90-3,"9-OCTADECEN-1-AMINE, (Z)-",n/a,8.06E+00,1.31E+00,9.19E+02,1.43E-03,7.05E-02,7.05E-02,Interim,n/a,n/a,n/a,n/a,n/a,n/a,n/a,n/a,n/a,n/a,n/a,n/a,n/a,n/a,n/a,n/a,n/a,n/a,
112925,112-92-5,1-OCTADECANOL,n/a,4.88E-04,2.15E-04,6.81E-01,4.41E-06,3.59E-04,3.59E-04,Recommended,n/a,n/a,n/a,n/a,n/a,n/a,n/a,n/a,n/a,n/a,n/a,n/a,n/a,n/a,n/a,n/a,n/a,n/a,
112958,112-95-8,N-C20,n/a,n/a,n/a,n/a,n/a,n/a,n/a,n/a,n/a,n/a,n/a,n/a,n/a,n/a,n/a,n/a,n/a,n/a,n/a,n/a,n/a,n/a,n/a,n/a,n/a,3.59E-01,
114078,114-07-8,ERYTHROMYCIN,n/a,3.19E+03,2.94E+03,2.49E+04,9.46E-18,3.12E+03,3.12E+03,Interim,n/a,n/a,n/a,n/a,n/a,n/a,n/a,n/a,n/a,n/a,n/a,n/a,n/a,n/a,n/a,n/a,n/a,n/a,
114261,114-26-1,PROPOXUR,n/a,7.60E+02,6.63E+02,1.33E+04,3.27E-03,2.80E+03,2.80E+03,Recommended,n/a,n/a,6.14E-06,n/a,3.14E-06,n/a,1.29E-05,n/a,8.15E-09,n/a,2.74E-06,n/a,5.04E-06,n/a,Recommended,n/a,n/a,n/a,
114830,114-83-0,"ACETIC ACID, 2-PHENYLHYDRAZIDE",n/a,n/a,n/a,n/a,n/a,n/a,n/a,n/a,n/a,1.02E-06,n/a,2.50E-07,n/a,1.56E-06,n/a,3.88E-10,n/a,1.43E-07,n/a,2.67E-07,n/a,Recommended,n/a,n/a,n/a,n/a,
115071,115-07-1,PROPYLENE,n/a,n/a,n/a,n/a,n/a,n/a,n/a,n/a,n/a,n/a,n/a,n/a,n/a,n/a,n/a,n/a,n/a,n/a,n/a,n/a,n/a,n/a,n/a,n/a,n/a,1.17E+01,
115093,115-09-3,METHYL MERCURY CHLORIDE,n/a,n/a,n/a,n/a,n/a,n/a,n/a,n/a,n/a,5.01E-05,n/a,1.78E-05,n/a,1.12E-04,n/a,4.45E-08,n/a,2.99E-05,n/a,3.73E-05,n/a,Interim,n/a,n/a,n/a,n/a,
115106,115-10-6,DIMETHYLETHER,n/a,n/a,n/a,n/a,n/a,n/a,n/a,n/a,1.00E+00,n/a,n/a,n/a,n/a,n/a,n/a,n/a,n/a,n/a,n/a,n/a,n/a,n/a,n/a,n/a,n/a,8.07E-01,
115117,115-11-7,ISOBUTENE,n/a,n/a,n/a,n/a,n/a,n/a,n/a,n/a,n/a,6.75E-09,n/a,1.23E-10,n/a,2.93E-09,n/a,5.81E-11,n/a,1.27E-10,n/a,1.88E-10,n/a,Recommended,n/a,n/a,n/a,6.29E+00,
115184,115-18-4,2-METHYL-3-BUTENE-2-OL,n/a,2.41E-02,2.46E-02,1.05E+01,7.09E-04,2.00E+00,2.00E+00,Recommended,n/a,n/a,n/a,n/a,n/a,n/a,n/a,n/a,n/a,n/a,n/a,n/a,n/a,n/a,n/a,n/a,n/a,4.91E+00,
115195,115-19-5,2-METHYL-3-BUTYN-2-OL,n/a,2.22E-01,2.12E-01,8.07E+00,1.52E-03,1.76E+00,1.76E+00,Recommended,n/a,n/a,n/a,n/a,n/a,n/a,n/a,n/a,n/a,n/a,n/a,n/a,n/a,n/a,n/a,n/a,n/a,n/a,
115208,115-20-8,"2,2,2-TRICHLOROETHANOL",n/a,1.29E+01,1.27E+01,1.11E+02,1.31E-01,3.42E+01,3.42E+01,Recommended,n/a,n/a,n/a,n/a,n/a,n/a,n/a,n/a,n/a,n/a,n/a,n/a,n/a,n/a,n/a,n/a,n/a,n/a,
115253,115-25-3,PERFLUOROCYCLOBUTANE,n/a,n/a,n/a,n/a,n/a,n/a,n/a,n/a,1.03E+04,n/a,n/a,n/a,n/a,n/a,n/a,n/a,n/a,n/a,n/a,n/a,n/a,n/a,n/a,n/a,n/a,n/a,
115286,115-28-6,CHLORENDIC ACID,n/a,n/a,n/a,n/a,n/a,n/a,n/a,n/a,n/a,3.31E-06,n/a,2.72E-06,n/a,5.20E-06,n/a,3.22E-09,n/a,1.93E-07,n/a,4.46E-07,n/a,Interim,n/a,n/a,n/a,n/a,
115297,115-29-7,ENDOSULFAN,n/a,3.87E+03,3.49E+03,5.90E+05,8.14E+02,4.54E+03,4.54E+03,Recommended,n/a,n/a,6.80E-06,n/a,1.84E-06,n/a,3.22E-05,n/a,5.34E-06,n/a,5.40E-07,n/a,1.37E-06,n/a,Recommended,n/a,n/a,n/a,
115311,115-31-1,THANITE,n/a,1.17E+03,7.83E+02,4.17E+04,1.47E+00,1.31E+03,1.31E+03,Recommended,n/a,n/a,n/a,n/a,n/a,n/a,n/a,n/a,n/a,n/a,n/a,n/a,n/a,n/a,n/a,n/a,n/a,n/a,
115322,115-32-2,DICOFOL,n/a,2.17E+04,1.53E+04,4.84E+05,3.61E+01,9.19E+03,9.19E+03,Recommended,n/a,3.66E-05,3.41E-04,2.83E-05,2.64E-04,5.61E-04,5.22E-03,2.06E-05,1.91E-04,1.08E-05,1.01E-04,1.58E-05,1.48E-04,Recommended,Recommended,n/a,n/a,n/a,
115708,115-70-8,"2-AMINO-2-ETHYL-1,3-PROPANEDIOL",n/a,n/a,n/a,n/a,n/a,n/a,n/a,n/a,n/a,n/a,n/a,n/a,n/a,n/a,n/a,n/a,n/a,n/a,n/a,n/a,n/a,n/a,n/a,n/a,n/a,7.85E-01,
115775,115-77-5,PENTAERYTHRITOL,n/a,2.91E-02,2.72E-02,3.07E-01,1.72E-12,7.70E-02,7.70E-02,Interim,n/a,n/a,n/a,n/a,n/a,n/a,n/a,n/a,n/a,n/a,n/a,n/a,n/a,n/a,n/a,n/a,n/a,2.17E+00,
115866,115-86-6,TRIPHENYLPHOSPHATE,n/a,3.53E+02,2.10E+02,2.23E+04,1.91E+00,4.65E+01,4.65E+01,Recommended,n/a,n/a,n/a,n/a,n/a,n/a,n/a,n/a,n/a,n/a,n/a,n/a,n/a,n/a,n/a,n/a,n/a,n/a,
115902,115-90-2,FENSULFOTHION,n/a,2.16E+03,7.78E+02,1.10E+05,2.38E-02,5.81E+03,5.81E+03,Interim,n/a,n/a,3.52E-05,n/a,8.12E-06,n/a,1.71E-04,n/a,5.54E-07,n/a,9.01E-06,n/a,1.79E-05,n/a,Recommended,n/a,n/a,n/a,
115968,115-96-8,TRI-2-CHLOROETHYL PHOSPHATE,n/a,3.99E+00,3.00E+00,4.34E+02,4.31E-02,2.65E+01,2.65E+01,Recommended,n/a,3.21E-07,n/a,2.42E-08,n/a,1.04E-06,n/a,7.67E-10,n/a,6.60E-08,n/a,8.80E-08,n/a,Recommended,n/a,n/a,n/a,n/a,
116029,116-02-9,"CYCLOHEXANOL, 3,3,5-TRIMETHYL-",n/a,1.96E+00,1.85E+00,2.33E+02,2.62E-02,2.27E+01,2.27E+01,Recommended,n/a,n/a,n/a,n/a,n/a,n/a,n/a,n/a,n/a,n/a,n/a,n/a,n/a,n/a,n/a,n/a,n/a,n/a,
116063,116-06-3,ALDICARB,n/a,6.07E+03,5.79E+03,4.71E+04,2.96E-02,1.19E+04,1.19E+04,Recommended,n/a,n/a,7.88E-05,n/a,5.33E-05,n/a,1.02E-04,n/a,4.04E-08,n/a,2.59E-05,n/a,4.44E-05,n/a,Recommended,n/a,n/a,n/a,
116096,116-09-6,HYDROXY ACETONE,n/a,n/a,n/a,n/a,n/a,n/a,n/a,n/a,n/a,n/a,n/a,n/a,n/a,n/a,n/a,n/a,n/a,n/a,n/a,n/a,n/a,n/a,n/a,n/a,n/a,3.23E+00,
116143,116-14-3,TETRAFLUOROETHYLENE,n/a,n/a,n/a,n/a,n/a,n/a,n/a,n/a,n/a,1.33E-06,n/a,6.45E-07,n/a,7.49E-07,n/a,6.06E-08,n/a,6.24E-07,n/a,6.25E-07,n/a,Recommended,n/a,n/a,n/a,n/a,
116290,116-29-0,TETRADIFON,n/a,2.20E+03,1.51E+03,4.59E+04,2.16E-02,2.76E+02,2.76E+02,Recommended,n/a,n/a,n/a,n/a,n/a,n/a,n/a,n/a,n/a,n/a,n/a,n/a,n/a,n/a,n/a,n/a,n/a,n/a,
117102,117-10-2,"9,10-ANTHRACENEDIONE, 1,8-DIHYDROXY-",n/a,8.36E+02,5.16E+02,2.18E+04,1.19E-05,5.22E+01,5.22E+01,Interim,n/a,6.06E-07,n/a,3.81E-07,n/a,7.61E-07,n/a,1.28E-09,n/a,1.82E-09,n/a,1.96E-08,n/a,Recommended,n/a,n/a,n/a,n/a,
117180,117-18-0,"2,3,5,6-TETRACHLORONITROBENZENE",n/a,3.92E+02,3.89E+02,1.30E+04,1.47E+02,1.81E+02,1.81E+02,Recommended,n/a,n/a,5.42E-07,n/a,3.94E-07,n/a,1.80E-06,n/a,5.16E-07,n/a,1.07E-07,n/a,1.70E-07,n/a,Recommended,n/a,n/a,n/a,
117395,117-39-5,QUERCETIN,n/a,n/a,n/a,n/a,n/a,n/a,n/a,n/a,n/a,6.17E-06,n/a,3.64E-06,n/a,4.42E-06,n/a,9.55E-10,n/a,1.04E-07,n/a,2.33E-07,n/a,Interim,n/a,n/a,n/a,n/a,
117793,117-79-3,2-AMINOANTHRAQUINONE,n/a,n/a,n/a,n/a,n/a,n/a,n/a,n/a,n/a,3.96E-07,n/a,1.67E-07,n/a,1.13E-06,n/a,6.16E-09,n/a,9.29E-09,n/a,3.46E-08,n/a,Recommended,n/a,n/a,n/a,n/a,
117806,117-80-6,DICHLONE,n/a,2.14E+04,1.57E+04,3.99E+05,2.16E+00,6.23E+03,6.23E+03,Recommended,n/a,n/a,n/a,n/a,n/a,n/a,n/a,n/a,n/a,n/a,n/a,n/a,n/a,n/a,n/a,n/a,n/a,n/a,
117817,117-81-7,DI-(2-ETHYLHEXYL)-PHTHALATE (DEHP),n/a,8.30E+00,3.97E+00,3.22E+02,3.56E-04,4.14E-02,4.14E-02,Recommended,n/a,1.45E-07,2.02E-06,8.34E-08,1.16E-06,8.76E-08,1.22E-06,3.54E-09,4.93E-08,1.93E-11,2.69E-10,2.57E-09,3.58E-08,Recommended,Recommended,n/a,n/a,n/a,
117840,117-84-0,DI(N-OCTYL) PHTHALATE,n/a,5.91E-01,2.43E-01,3.02E+01,2.02E-04,1.18E-02,1.18E-02,Recommended,n/a,n/a,n/a,n/a,n/a,n/a,n/a,n/a,n/a,n/a,n/a,n/a,n/a,n/a,n/a,n/a,n/a,n/a,
118445,118-44-5,"1-NAPHTHALENAMINE, N-ETHYL-",n/a,2.88E+02,3.95E+01,4.51E+04,1.73E-01,1.68E+02,1.68E+02,Interim,n/a,n/a,n/a,n/a,n/a,n/a,n/a,n/a,n/a,n/a,n/a,n/a,n/a,n/a,n/a,n/a,n/a,n/a,
118489,118-48-9,"2H-3,1-BENZOXAZINE-2,4(1H)-DIONE",n/a,1.07E+01,8.13E+00,4.27E+02,5.22E-03,8.79E+01,8.79E+01,Recommended,n/a,n/a,n/a,n/a,n/a,n/a,n/a,n/a,n/a,n/a,n/a,n/a,n/a,n/a,n/a,n/a,n/a,n/a,
118558,118-55-8,PHENYL 2-HYDROXYBENZOATE,n/a,3.39E+02,1.40E+02,1.54E+04,1.78E-03,6.75E+01,6.75E+01,Interim,n/a,n/a,n/a,n/a,n/a,n/a,n/a,n/a,n/a,n/a,n/a,n/a,n/a,n/a,n/a,n/a,n/a,n/a,
118616,118-61-6,ETHYL 2-HYDROXYBENZOATE,n/a,4.04E+00,3.93E+00,5.02E+02,1.06E-01,1.87E+01,1.87E+01,Interim,n/a,n/a,n/a,n/a,n/a,n/a,n/a,n/a,n/a,n/a,n/a,n/a,n/a,n/a,n/a,n/a,n/a,n/a,
118741,118-74-1,HEXACHLOROBENZENE,n/a,6.27E+02,6.22E+02,1.03E+05,2.55E+02,1.26E+03,1.26E+03,Recommended,n/a,7.53E-05,2.58E-05,6.81E-05,2.33E-05,8.14E-04,2.79E-04,2.44E-04,8.36E-05,3.82E-05,1.31E-05,5.12E-05,1.75E-05,Recommended,Recommended,n/a,n/a,n/a,
118752,118-75-2,CHLORANIL,n/a,3.25E+03,2.86E+03,3.27E+04,4.15E-02,2.76E+03,2.76E+03,Interim,n/a,n/a,n/a,n/a,n/a,n/a,n/a,n/a,n/a,n/a,n/a,n/a,n/a,n/a,n/a,n/a,n/a,n/a,
118796,118-79-6,"2,4,6-TRIBROMOPHENOL",n/a,3.10E+03,2.84E+03,5.44E+04,2.27E+01,2.06E+03,2.06E+03,Interim,n/a,n/a,n/a,n/a,n/a,n/a,n/a,n/a,n/a,n/a,n/a,n/a,n/a,n/a,n/a,n/a,n/a,n/a,
118956,118-95-6,"2-(1-METHYLETHYL)-4,6-DINITROPHENOL",n/a,2.39E+03,1.65E+03,5.14E+04,3.80E-02,4.51E+02,4.51E+02,Interim,n/a,n/a,n/a,n/a,n/a,n/a,n/a,n/a,n/a,n/a,n/a,n/a,n/a,n/a,n/a,n/a,n/a,n/a,
118967,118-96-7,"2,4,6-TRINITROTOLUENE",n/a,5.12E+02,3.73E+02,9.40E+03,3.89E-02,1.06E+02,1.06E+02,Recommended,n/a,7.83E-07,5.46E-05,5.50E-07,3.83E-05,1.20E-06,8.35E-05,2.62E-09,1.83E-07,1.39E-08,9.70E-07,2.23E-08,1.55E-06,Recommended,Recommended,n/a,n/a,n/a,
119120,119-12-0,PYRIDAPHENTHION,n/a,3.55E+02,9.53E+01,1.94E+04,1.37E-05,1.52E+02,1.52E+02,Interim,n/a,n/a,n/a,n/a,n/a,n/a,n/a,n/a,n/a,n/a,n/a,n/a,n/a,n/a,n/a,n/a,n/a,n/a,
119324,119-32-4,3-NITRO-4-TOLUIDINE,n/a,8.06E+01,6.26E+01,1.96E+03,7.99E-02,1.65E+02,1.65E+02,Interim,n/a,n/a,n/a,n/a,n/a,n/a,n/a,n/a,n/a,n/a,n/a,n/a,n/a,n/a,n/a,n/a,n/a,n/a,
119335,119-33-5,4-METHYL-2-NITROPHENOL,n/a,9.14E+00,8.86E+00,4.84E+02,3.78E-01,1.71E+01,1.71E+01,Interim,n/a,n/a,n/a,n/a,n/a,n/a,n/a,n/a,n/a,n/a,n/a,n/a,n/a,n/a,n/a,n/a,n/a,n/a,
119346,119-34-6,"PHENOL, 4-AMINO-2-NITRO-",n/a,8.80E+01,7.64E+01,1.09E+03,1.26E-04,1.14E+02,1.14E+02,Interim,n/a,2.28E-07,n/a,1.50E-07,n/a,3.03E-07,n/a,7.18E-11,n/a,3.18E-08,n/a,5.32E-08,n/a,Recommended,n/a,n/a,n/a,n/a,
119380,119-38-0,ISOLAN,n/a,4.87E+02,2.66E+02,2.01E+04,2.55E-04,1.87E+03,1.87E+03,Interim,n/a,n/a,n/a,n/a,n/a,n/a,n/a,n/a,n/a,n/a,n/a,n/a,n/a,n/a,n/a,n/a,n/a,n/a,
119619,119-61-9,BENZOPHENONE,n/a,1.55E+02,1.38E+02,5.18E+03,6.76E-01,9.50E+01,9.50E+01,Interim,n/a,n/a,n/a,n/a,n/a,n/a,n/a,n/a,n/a,n/a,n/a,n/a,n/a,n/a,n/a,n/a,n/a,n/a,
119642,119-64-2,TETRALIN,n/a,1.12E-01,7.59E-02,4.07E+02,6.35E-03,1.45E+00,1.45E+00,Recommended,n/a,n/a,n/a,n/a,n/a,n/a,n/a,n/a,n/a,n/a,n/a,n/a,n/a,n/a,n/a,n/a,n/a,2.97E+00,
119653,119-65-3,ISOQUINOLINE,n/a,8.65E+00,6.44E+00,4.16E+02,2.79E-02,2.26E+00,2.26E+00,Recommended,n/a,n/a,n/a,n/a,n/a,n/a,n/a,n/a,n/a,n/a,n/a,n/a,n/a,n/a,n/a,n/a,n/a,n/a,
119846,119-84-6,"2H-1-BENZOPYRAN-2-ONE, 3,4-DIHYDRO-",n/a,n/a,n/a,n/a,n/a,n/a,n/a,n/a,n/a,8.72E-08,n/a,2.19E-08,n/a,1.08E-07,n/a,5.10E-11,n/a,6.74E-09,n/a,1.02E-08,n/a,Recommended,n/a,n/a,n/a,n/a,
119937,119-93-7,"3,3'-DIMETHYLBENZIDINE",n/a,2.03E+02,3.81E+01,1.16E+04,5.78E-04,7.23E+01,7.23E+01,Interim,n/a,n/a,n/a,n/a,n/a,n/a,n/a,n/a,n/a,n/a,n/a,n/a,n/a,n/a,n/a,n/a,n/a,n/a,
120070,120-07-0,PHENYLDIETHANOLAMINE,n/a,7.35E-01,5.65E-01,2.56E+01,3.01E-08,6.06E+00,6.06E+00,Interim,n/a,n/a,n/a,n/a,n/a,n/a,n/a,n/a,n/a,n/a,n/a,n/a,n/a,n/a,n/a,n/a,n/a,n/a,
120127,120-12-7,ANTHRACENE,n/a,8.94E+02,4.85E+02,2.62E+05,6.37E+01,4.49E+02,4.49E+02,Recommended,n/a,n/a,1.23E-08,n/a,2.80E-09,n/a,1.48E-07,n/a,1.80E-08,n/a,4.79E-10,n/a,1.66E-09,n/a,Recommended,n/a,n/a,n/a,
120183,120-18-3,NAPHTHALENE-2-SULFONIC ACID,n/a,5.70E+00,4.70E+00,8.09E+01,2.39E-09,4.98E+00,4.98E+00,Interim,n/a,n/a,n/a,n/a,n/a,n/a,n/a,n/a,n/a,n/a,n/a,n/a,n/a,n/a,n/a,n/a,n/a,n/a,
120218,120-21-8,"BENZALDEHYDE, 4-(DIETHYLAMINO)-",n/a,2.65E+00,2.18E+00,9.63E+02,4.63E-02,2.02E+02,2.02E+02,Interim,n/a,n/a,n/a,n/a,n/a,n/a,n/a,n/a,n/a,n/a,n/a,n/a,n/a,n/a,n/a,n/a,n/a,n/a,
120321,120-32-1,5-CHLORO-2-HYDROXYDIPHENYLMETHANE,n/a,n/a,n/a,n/a,n/a,n/a,n/a,n/a,n/a,7.04E-08,n/a,3.77E-08,n/a,2.20E-07,n/a,3.92E-09,n/a,2.47E-10,n/a,2.04E-09,n/a,Recommended,n/a,n/a,n/a,n/a,
120365,120-36-5,DICHLORPROP,n/a,4.43E+01,4.12E+01,4.24E+02,5.62E-05,8.80E+01,8.80E+01,Interim,n/a,n/a,n/a,n/a,n/a,n/a,n/a,n/a,n/a,n/a,n/a,n/a,n/a,n/a,n/a,n/a,n/a,n/a,
120514,120-51-4,BENZYL BENZOATE,n/a,4.33E+01,3.28E+01,2.21E+03,1.82E-01,7.78E+00,7.78E+00,Interim,n/a,n/a,n/a,n/a,n/a,n/a,n/a,n/a,n/a,n/a,n/a,n/a,n/a,n/a,n/a,n/a,n/a,n/a,
120616,120-61-6,DIMETHYL TEREPHTHALATE,n/a,5.31E+00,5.30E+00,2.12E+02,3.03E-01,2.05E+01,2.05E+01,Recommended,n/a,n/a,1.40E-07,n/a,4.12E-08,n/a,7.99E-08,n/a,2.48E-09,n/a,2.37E-08,n/a,4.31E-08,n/a,Recommended,n/a,n/a,n/a,
120627,120-62-7,SULFOXIDE,n/a,7.56E+02,1.30E+02,4.75E+04,2.06E-02,2.20E+02,2.20E+02,Interim,n/a,9.12E-07,n/a,2.11E-07,n/a,1.90E-05,n/a,4.23E-07,n/a,8.81E-08,n/a,6.81E-07,n/a,Recommended,n/a,n/a,n/a,n/a,
120718,120-71-8,P-CRESIDINE,n/a,n/a,n/a,n/a,n/a,n/a,n/a,n/a,n/a,5.46E-07,n/a,1.20E-08,n/a,2.51E-06,n/a,2.34E-09,n/a,3.40E-07,n/a,5.16E-07,n/a,Recommended,n/a,n/a,n/a,n/a,
120729,120-72-9,INDOLE,n/a,5.54E+01,9.61E+00,5.84E+03,8.97E-03,5.31E+01,5.31E+01,Interim,n/a,n/a,n/a,n/a,n/a,n/a,n/a,n/a,n/a,n/a,n/a,n/a,n/a,n/a,n/a,n/a,n/a,n/a,
120809,120-80-9,CATECHOL,n/a,2.52E+01,9.08E+00,1.27E+03,1.99E-05,3.76E+01,3.76E+01,Recommended,n/a,3.16E-07,n/a,4.77E-08,n/a,6.26E-07,n/a,1.38E-10,n/a,1.86E-08,n/a,3.60E-08,n/a,Interim,n/a,n/a,n/a,n/a,
120821,120-82-1,"1,2,4-TRICHLOROBENZENE",n/a,1.08E+01,1.07E+01,2.20E+03,2.54E+00,3.24E+01,3.24E+01,Recommended,n/a,n/a,3.43E-07,n/a,1.35E-07,n/a,2.06E-06,n/a,3.82E-07,n/a,9.14E-08,n/a,1.82E-07,n/a,Recommended,n/a,n/a,n/a,
120832,120-83-2,"2,4-DICHLOROPHENOL",n/a,1.19E+03,1.14E+03,2.41E+04,1.66E+01,7.39E+02,7.39E+02,Recommended,n/a,n/a,2.72E-05,n/a,1.72E-05,n/a,3.56E-05,n/a,4.89E-07,n/a,2.62E-06,n/a,4.56E-06,n/a,Recommended,n/a,n/a,n/a,
120923,120-92-3,CYCLOPENTANONE,n/a,2.57E-01,2.54E-01,6.59E+00,4.18E-03,1.20E+00,1.20E+00,Recommended,n/a,n/a,n/a,n/a,n/a,n/a,n/a,n/a,n/a,n/a,n/a,n/a,n/a,n/a,n/a,n/a,n/a,1.15E+00,
120934,120-93-4,2-IMIDAZOLIDINONE,n/a,1.53E+00,1.47E+00,1.09E+01,1.61E-04,2.97E+00,2.97E+00,Recommended,n/a,n/a,n/a,n/a,n/a,n/a,n/a,n/a,n/a,n/a,n/a,n/a,n/a,n/a,n/a,n/a,n/a,n/a,
120945,120-94-5,1-METHYL-PYRROLIDINE,n/a,1.12E+00,1.15E+00,7.37E+02,4.24E-02,7.64E+01,7.64E+01,Interim,n/a,n/a,n/a,n/a,n/a,n/a,n/a,n/a,n/a,n/a,n/a,n/a,n/a,n/a,n/a,n/a,n/a,n/a,
121142,121-14-2,"2,4-DINITROTOLUENE",n/a,7.55E+02,6.06E+02,1.09E+04,1.18E-01,3.50E+02,3.50E+02,Recommended,n/a,n/a,1.44E-05,n/a,9.22E-06,n/a,1.97E-05,n/a,3.73E-08,n/a,6.89E-07,n/a,1.20E-06,n/a,Recommended,n/a,n/a,n/a,
121211,121-21-1,PYRETHRIN I,n/a,5.44E+02,4.64E+01,8.10E+04,9.76E-02,1.64E+02,1.64E+02,Interim,n/a,n/a,n/a,n/a,n/a,n/a,n/a,n/a,n/a,n/a,n/a,n/a,n/a,n/a,n/a,n/a,n/a,n/a,
121255,121-25-5,AMPROLIUM,n/a,2.24E+00,1.14E+00,8.22E+01,2.94E-10,2.17E-01,2.17E-01,Recommended,n/a,n/a,n/a,n/a,n/a,n/a,n/a,n/a,n/a,n/a,n/a,n/a,n/a,n/a,n/a,n/a,n/a,n/a,
121299,121-29-9,PYRETHRIN II,n/a,7.99E+04,1.19E+04,4.80E+06,7.34E-01,3.25E+04,3.25E+04,Interim,n/a,n/a,n/a,n/a,n/a,n/a,n/a,n/a,n/a,n/a,n/a,n/a,n/a,n/a,n/a,n/a,n/a,n/a,
121324,121-32-4,"BENZALDEHYDE, 3-ETHOXY-4-HYDROXY-",n/a,1.13E+01,9.67E+00,2.08E+02,1.24E-05,4.10E+01,4.10E+01,Interim,n/a,n/a,n/a,n/a,n/a,n/a,n/a,n/a,n/a,n/a,n/a,n/a,n/a,n/a,n/a,n/a,n/a,n/a,
121335,121-33-5,VANILLIN,n/a,3.53E+01,3.19E+01,5.24E+02,1.12E-04,1.24E+02,1.24E+02,Recommended,n/a,n/a,n/a,n/a,n/a,n/a,n/a,n/a,n/a,n/a,n/a,n/a,n/a,n/a,n/a,n/a,n/a,n/a,
121346,121-34-6,4-HYDROXY-3-METHOXYBENZOIC ACID,n/a,3.85E+01,3.57E+01,3.86E+02,1.24E-05,8.20E+01,8.20E+01,Interim,n/a,n/a,n/a,n/a,n/a,n/a,n/a,n/a,n/a,n/a,n/a,n/a,n/a,n/a,n/a,n/a,n/a,n/a,
121448,121-44-8,TRIETHYLAMINE,n/a,1.27E-02,1.42E-02,2.64E+01,2.12E-03,2.79E+00,2.79E+00,Interim,n/a,n/a,3.18E-07,n/a,3.82E-09,n/a,2.21E-07,n/a,1.78E-09,n/a,2.51E-08,n/a,7.43E-08,n/a,Interim,n/a,n/a,3.84E+00,
121460,121-46-0,"BICYCLO(2,2,1)HEPTA-2,5-DIENE",n/a,6.91E-04,1.70E-04,8.53E+01,1.60E-05,3.18E-01,3.18E-01,Interim,n/a,n/a,n/a,n/a,n/a,n/a,n/a,n/a,n/a,n/a,n/a,n/a,n/a,n/a,n/a,n/a,n/a,n/a,
121540,121-54-0,BENZETHONIUM CHLORIDE,n/a,5.18E+01,3.22E+01,1.35E+03,8.40E-09,8.87E-01,8.87E-01,Interim,n/a,n/a,n/a,n/a,n/a,n/a,n/a,n/a,n/a,n/a,n/a,n/a,n/a,n/a,n/a,n/a,n/a,n/a,
121573,121-57-3,"BENZENESULFONIC ACID, 4-AMINO-",n/a,1.10E+01,1.00E+01,1.47E+02,8.71E-10,3.48E+01,3.48E+01,Interim,n/a,n/a,n/a,n/a,n/a,n/a,n/a,n/a,n/a,n/a,n/a,n/a,n/a,n/a,n/a,n/a,n/a,n/a,
121664,121-66-4,"2-THIAZOLAMINE, 5-NITRO-",n/a,n/a,n/a,n/a,n/a,n/a,n/a,n/a,n/a,2.17E-06,n/a,1.63E-06,n/a,2.10E-06,n/a,4.67E-10,n/a,3.92E-07,n/a,6.34E-07,n/a,Recommended,n/a,n/a,n/a,n/a,
121697,121-69-7,"N,N-DIMETHYLANILINE",n/a,1.70E-01,1.77E-01,3.01E+02,1.83E-02,1.84E+01,1.84E+01,Recommended,n/a,1.48E-07,1.31E-06,1.47E-09,1.30E-08,1.69E-07,1.49E-06,1.27E-09,1.12E-08,1.07E-08,9.46E-08,4.37E-08,3.86E-07,Recommended,Recommended,n/a,n/a,n/a,
121733,121-73-3,3-CHLORO-NITROBENZENE,n/a,1.71E+02,1.69E+02,2.69E+03,6.64E+00,1.37E+02,1.37E+02,Recommended,n/a,n/a,n/a,n/a,n/a,n/a,n/a,n/a,n/a,n/a,n/a,n/a,n/a,n/a,n/a,n/a,n/a,n/a,
121755,121-75-5,MALATHION,n/a,1.28E+03,4.99E+02,6.22E+04,3.08E-03,1.97E+03,1.97E+03,Recommended,n/a,n/a,9.67E-08,n/a,1.77E-08,n/a,2.20E-07,n/a,1.07E-09,n/a,6.97E-09,n/a,1.82E-08,n/a,Recommended,n/a,n/a,n/a,
121799,121-79-9,PROPYL GALLATE,n/a,2.00E+01,6.21E+00,1.05E+03,2.97E-07,1.62E+01,1.62E+01,Interim,n/a,n/a,n/a,n/a,n/a,n/a,n/a,n/a,n/a,n/a,n/a,n/a,n/a,n/a,n/a,n/a,n/a,n/a,
121824,121-82-4,"1,3,5,-TRINITROHEXAHYDRO-1,3,5-TRIAZINE",n/a,1.19E+02,6.78E+01,5.17E+03,4.60E-06,7.55E+02,7.55E+02,Interim,n/a,6.04E-07,n/a,1.44E-07,n/a,3.17E-06,n/a,1.31E-09,n/a,4.63E-07,n/a,7.60E-07,n/a,Recommended,n/a,n/a,n/a,n/a,
121868,121-86-8,2-CHLORO-4-NITROTOLUENE,n/a,1.11E+02,1.10E+02,2.11E+03,5.98E+00,7.24E+01,7.24E+01,Interim,n/a,n/a,n/a,n/a,n/a,n/a,n/a,n/a,n/a,n/a,n/a,n/a,n/a,n/a,n/a,n/a,n/a,n/a,
121879,121-87-9,2-CHLORO-4-NITROANILINE,n/a,4.34E+02,3.77E+02,5.03E+03,1.32E-02,4.44E+02,4.44E+02,Recommended,n/a,n/a,n/a,n/a,n/a,n/a,n/a,n/a,n/a,n/a,n/a,n/a,n/a,n/a,n/a,n/a,n/a,n/a,
121880,121-88-0,"PHENOL, 2-AMINO-5-NITRO-",n/a,n/a,n/a,n/a,n/a,n/a,n/a,n/a,n/a,5.94E-07,n/a,3.78E-07,n/a,8.59E-07,n/a,5.56E-10,n/a,9.00E-08,n/a,1.51E-07,n/a,Interim,n/a,n/a,n/a,n/a,
122032,122-03-2,"BENZALDEHYDE, 4-(1-METHYLETHYL)-",n/a,6.31E-01,6.38E-01,1.98E+02,3.21E-02,1.40E+01,1.40E+01,Interim,n/a,n/a,n/a,n/a,n/a,n/a,n/a,n/a,n/a,n/a,n/a,n/a,n/a,n/a,n/a,n/a,n/a,n/a,
122101,122-10-1,BOMYL,n/a,3.93E+03,3.47E+03,6.99E+04,1.20E-02,1.66E+04,1.66E+04,Interim,n/a,n/a,n/a,n/a,n/a,n/a,n/a,n/a,n/a,n/a,n/a,n/a,n/a,n/a,n/a,n/a,n/a,n/a,
122145,122-14-5,FENITROTHION,n/a,1.90E+03,7.32E+02,1.98E+05,2.09E+00,7.81E+03,7.81E+03,Recommended,n/a,n/a,6.74E-06,n/a,1.86E-06,n/a,3.41E-05,n/a,3.93E-07,n/a,1.47E-06,n/a,4.11E-06,n/a,Recommended,n/a,n/a,n/a,
122203,122-20-3,"2-PROPANOL, 1,1',1''-NITRILOTRIS-",n/a,n/a,n/a,n/a,n/a,n/a,n/a,n/a,n/a,n/a,n/a,n/a,n/a,n/a,n/a,n/a,n/a,n/a,n/a,n/a,n/a,n/a,n/a,n/a,n/a,2.70E+00,
122349,122-34-9,SIMAZINE,n/a,6.79E+03,6.10E+03,7.81E+04,3.01E-02,1.26E+04,1.26E+04,Recommended,n/a,n/a,1.73E-05,n/a,1.24E-05,n/a,2.81E-05,n/a,2.27E-08,n/a,4.55E-06,n/a,8.77E-06,n/a,Recommended,n/a,n/a,n/a,
122394,122-39-4,DIPHENYLAMINE,n/a,8.55E+01,2.56E+01,2.75E+04,2.40E-01,7.74E+02,7.74E+02,Recommended,n/a,n/a,2.68E-07,n/a,3.14E-08,n/a,2.47E-06,n/a,4.34E-08,n/a,7.21E-08,n/a,2.43E-07,n/a,Recommended,n/a,n/a,n/a,
122407,122-40-7,AMYL CINNAMAL,n/a,n/a,n/a,n/a,n/a,n/a,n/a,n/a,n/a,n/a,n/a,n/a,n/a,n/a,n/a,n/a,n/a,n/a,n/a,n/a,n/a,n/a,n/a,n/a,n/a,3.16E+00,
122429,122-42-9,ISOPROPYL PHENYL CARBAMATE,n/a,2.20E+01,1.23E+01,1.05E+03,3.49E-03,8.84E+01,8.84E+01,Recommended,n/a,n/a,1.25E-07,n/a,2.65E-08,n/a,2.16E-07,n/a,4.45E-10,n/a,1.92E-08,n/a,6.14E-08,n/a,Recommended,n/a,n/a,n/a,
122601,122-60-1,PHENYL GLYDIDYL ETHER,n/a,5.26E+00,3.31E+00,3.29E+02,4.40E-03,2.38E+01,2.38E+01,Interim,n/a,6.25E-07,n/a,6.32E-08,n/a,1.00E-06,n/a,8.45E-10,n/a,7.75E-08,n/a,1.40E-07,n/a,Interim,n/a,n/a,n/a,n/a,
122667,122-66-7,HYDRAZOBENZENE,n/a,9.52E+01,2.04E+01,8.01E+03,1.48E-02,4.19E+01,4.19E+01,Interim,n/a,4.28E-06,n/a,5.98E-07,n/a,1.13E-05,n/a,8.09E-08,n/a,6.38E-08,n/a,2.25E-07,n/a,Recommended,n/a,n/a,n/a,n/a,
122792,122-79-2,PHENYL ACETATE,n/a,6.16E+00,6.09E+00,1.73E+02,1.22E-01,1.39E+01,1.39E+01,Interim,n/a,n/a,n/a,n/a,n/a,n/a,n/a,n/a,n/a,n/a,n/a,n/a,n/a,n/a,n/a,n/a,n/a,n/a,
122883,122-88-3,P-CHLOROPHENOXYACETIC ACID,n/a,1.20E+01,1.10E+01,1.25E+02,2.11E-04,2.38E+01,2.38E+01,Interim,n/a,n/a,n/a,n/a,n/a,n/a,n/a,n/a,n/a,n/a,n/a,n/a,n/a,n/a,n/a,n/a,n/a,n/a,
122996,122-99-6,2-PHENOXYETHANOL,n/a,2.80E+00,2.39E+00,5.55E+01,1.91E-04,1.12E+01,1.12E+01,Recommended,n/a,n/a,n/a,n/a,n/a,n/a,n/a,n/a,n/a,n/a,n/a,n/a,n/a,n/a,n/a,n/a,n/a,4.49E+00,
123013,123-01-3,DODECYLBENZENE,n/a,2.10E-03,3.15E-04,1.29E+00,6.67E-06,1.15E-04,1.15E-04,Interim,n/a,n/a,n/a,n/a,n/a,n/a,n/a,n/a,n/a,n/a,n/a,n/a,n/a,n/a,n/a,n/a,n/a,n/a,
123035,123-03-5,"PYRIDINIUM, 1-HEXADECYL-, CHLORIDE",n/a,3.77E+01,1.44E+01,1.78E+03,1.32E-04,1.82E-01,1.82E-01,Interim,n/a,n/a,n/a,n/a,n/a,n/a,n/a,n/a,n/a,n/a,n/a,n/a,n/a,n/a,n/a,n/a,n/a,n/a,
123046,123-04-6,3-(CHLOROMETHYL)-HEPTANE,n/a,n/a,n/a,n/a,n/a,n/a,n/a,n/a,n/a,n/a,n/a,n/a,n/a,n/a,n/a,n/a,n/a,n/a,n/a,n/a,n/a,n/a,n/a,n/a,n/a,9.52E-01,
123057,123-05-7,2-ETHYLHEXANAL,n/a,9.97E-02,1.02E-01,3.04E+02,8.38E-03,2.07E+01,2.07E+01,Recommended,n/a,n/a,n/a,n/a,n/a,n/a,n/a,n/a,n/a,n/a,n/a,n/a,n/a,n/a,n/a,n/a,n/a,n/a,
123079,123-07-9,P-ETHYLPHENOL,n/a,1.27E+01,5.12E+00,9.78E+02,6.86E-03,1.29E+01,1.29E+01,Recommended,n/a,n/a,n/a,n/a,n/a,n/a,n/a,n/a,n/a,n/a,n/a,n/a,n/a,n/a,n/a,n/a,n/a,n/a,
123159,123-15-9,2-METHYLPENTALDEHYDE,n/a,1.21E-01,1.26E-01,2.28E+02,1.07E-02,2.30E+01,2.30E+01,Interim,n/a,n/a,n/a,n/a,n/a,n/a,n/a,n/a,n/a,n/a,n/a,n/a,n/a,n/a,n/a,n/a,n/a,n/a,
123171,123-17-1,"TRIMETHYLNONANOLTHREOERYTHRO (2,6,8-TRIMETHYL-4-NONANOL)",n/a,n/a,n/a,n/a,n/a,n/a,n/a,n/a,n/a,n/a,n/a,n/a,n/a,n/a,n/a,n/a,n/a,n/a,n/a,n/a,n/a,n/a,n/a,n/a,n/a,1.33E+00,
123182,123-18-2,"2,6,8-TRIMETHYL-4-NONANONE (ISOBUTYL HEPTYL KETONE)",n/a,n/a,n/a,n/a,n/a,n/a,n/a,n/a,n/a,n/a,n/a,n/a,n/a,n/a,n/a,n/a,n/a,n/a,n/a,n/a,n/a,n/a,n/a,n/a,n/a,1.66E+00,
123251,123-25-1,DIETHYL SUCCINATE,n/a,1.23E+01,1.15E+01,1.31E+02,9.36E-03,2.79E+01,2.79E+01,Interim,n/a,n/a,n/a,n/a,n/a,n/a,n/a,n/a,n/a,n/a,n/a,n/a,n/a,n/a,n/a,n/a,n/a,n/a,
123308,123-30-8,"PHENOL, 4-AMINO-",n/a,9.40E+02,5.11E+02,3.79E+04,3.36E-04,2.66E+03,2.66E+03,Recommended,n/a,n/a,n/a,n/a,n/a,n/a,n/a,n/a,n/a,n/a,n/a,n/a,n/a,n/a,n/a,n/a,n/a,n/a,
123319,123-31-9,HYDROQUINONE,n/a,1.18E+03,7.14E+02,3.81E+04,6.16E-05,1.15E+03,1.15E+03,Recommended,n/a,4.28E-07,6.55E-07,1.39E-07,2.12E-07,5.40E-07,8.26E-07,1.04E-10,1.59E-10,1.63E-08,2.50E-08,2.98E-08,4.55E-08,Recommended,Recommended,n/a,n/a,n/a,
123331,123-33-1,MALEIC HYDRAZIDE,n/a,2.25E+01,2.17E+01,1.82E+02,4.75E-08,5.50E+01,5.50E+01,Recommended,n/a,n/a,7.23E-08,n/a,3.36E-08,n/a,7.15E-08,n/a,1.21E-11,n/a,2.16E-08,n/a,3.24E-08,n/a,Recommended,n/a,n/a,n/a,
123386,123-38-6,PROPANAL,n/a,3.76E-01,3.88E-01,8.56E+01,2.49E-02,1.53E+01,1.53E+01,Recommended,n/a,n/a,n/a,n/a,n/a,n/a,n/a,n/a,n/a,n/a,n/a,n/a,n/a,n/a,n/a,n/a,n/a,7.08E+00,
123422,123-42-2,4-HYDROXY-4-METHYL-2-PENTANONE,n/a,3.43E+00,3.36E+00,1.90E+01,3.64E-03,7.00E+00,7.00E+00,Interim,n/a,n/a,n/a,n/a,n/a,n/a,n/a,n/a,n/a,n/a,n/a,n/a,n/a,n/a,n/a,n/a,n/a,5.95E-01,
123433,123-43-3,"ACETIC ACID, SULFO-",n/a,3.00E+00,2.92E+00,1.42E+01,2.70E-08,3.66E+00,3.66E+00,Interim,n/a,n/a,n/a,n/a,n/a,n/a,n/a,n/a,n/a,n/a,n/a,n/a,n/a,n/a,n/a,n/a,n/a,n/a,
123513,123-51-3,ISOPENTANOL,n/a,2.54E-01,2.52E-01,2.14E+01,5.39E-03,4.13E+00,4.13E+00,Recommended,n/a,n/a,n/a,n/a,n/a,n/a,n/a,n/a,n/a,n/a,n/a,n/a,n/a,n/a,n/a,n/a,n/a,3.16E+00,
123546,123-54-6,"2,4-PENTANEDIONE",n/a,7.53E+00,7.35E+00,8.08E+01,3.09E-02,2.13E+01,2.13E+01,Recommended,n/a,n/a,n/a,n/a,n/a,n/a,n/a,n/a,n/a,n/a,n/a,n/a,n/a,n/a,n/a,n/a,n/a,1.01E+00,
123660,123-66-0,ETHYL HEXANOATE,n/a,8.34E-01,8.21E-01,3.89E+02,3.89E-02,8.13E+00,8.13E+00,Interim,n/a,n/a,n/a,n/a,n/a,n/a,n/a,n/a,n/a,n/a,n/a,n/a,n/a,n/a,n/a,n/a,n/a,n/a,
123728,123-72-8,BUTYRALDEHYDE,n/a,1.20E-01,1.25E-01,4.62E+01,8.81E-03,7.51E+00,7.51E+00,Recommended,n/a,n/a,n/a,n/a,n/a,n/a,n/a,n/a,n/a,n/a,n/a,n/a,n/a,n/a,n/a,n/a,n/a,5.97E+00,
123739,123-73-9,CROTONALDEHYDE (TRANS),n/a,n/a,n/a,n/a,n/a,n/a,n/a,n/a,n/a,6.04E-06,n/a,1.77E-07,n/a,5.21E-06,n/a,7.58E-09,n/a,1.13E-06,n/a,2.26E-06,n/a,Recommended,n/a,n/a,n/a,n/a,
123864,123-86-4,BUTYL ACETATE,n/a,1.36E-01,1.36E-01,2.84E+01,6.31E-03,1.89E+00,1.89E+00,Recommended,n/a,n/a,n/a,n/a,n/a,n/a,n/a,n/a,n/a,n/a,n/a,n/a,n/a,n/a,n/a,n/a,n/a,8.35E-01,
123886,123-88-6,ARETAN,n/a,5.25E+01,2.67E+01,1.94E+04,1.89E-01,4.49E+03,4.49E+03,Interim,n/a,n/a,n/a,n/a,n/a,n/a,n/a,n/a,n/a,n/a,n/a,n/a,n/a,n/a,n/a,n/a,n/a,n/a,
123911,123-91-1,"1,4-DIOXANE",n/a,6.31E-02,6.02E-02,3.09E+00,5.16E-04,6.95E-01,6.95E-01,Recommended,n/a,2.57E-07,n/a,2.47E-08,n/a,3.04E-07,n/a,2.78E-10,n/a,7.34E-08,n/a,1.15E-07,n/a,Recommended,n/a,n/a,n/a,2.62E+00,
123922,123-92-2,ISOAMYL ACETATE,n/a,7.93E-02,7.95E-02,3.80E+01,6.38E-03,2.38E+00,2.38E+00,Interim,n/a,n/a,n/a,n/a,n/a,n/a,n/a,n/a,n/a,n/a,n/a,n/a,n/a,n/a,n/a,n/a,n/a,1.09E+00,
123966,123-96-6,2-OCTANOL,n/a,1.95E-01,1.97E-01,6.22E+01,7.34E-03,3.72E+00,3.72E+00,Interim,n/a,n/a,n/a,n/a,n/a,n/a,n/a,n/a,n/a,n/a,n/a,n/a,n/a,n/a,n/a,n/a,n/a,1.97E+00,
124027,124-02-7,DIALLYLAMINE,n/a,3.23E-01,3.12E-01,3.37E+02,1.10E-02,1.82E+01,1.82E+01,Interim,n/a,n/a,n/a,n/a,n/a,n/a,n/a,n/a,n/a,n/a,n/a,n/a,n/a,n/a,n/a,n/a,n/a,n/a,
124049,124-04-9,HEXANEDIOIC ACID,n/a,2.25E+00,1.99E+00,2.49E+01,9.18E-09,2.78E+00,2.78E+00,Interim,n/a,n/a,n/a,n/a,n/a,n/a,n/a,n/a,n/a,n/a,n/a,n/a,n/a,n/a,n/a,n/a,n/a,3.08E+00,
124072,124-07-2,OCTANOIC ACID,n/a,2.55E+00,2.11E+00,7.13E+01,1.82E-03,6.63E+00,6.63E+00,Interim,n/a,n/a,n/a,n/a,n/a,n/a,n/a,n/a,n/a,n/a,n/a,n/a,n/a,n/a,n/a,n/a,n/a,n/a,
124094,124-09-4,HEXAMETHYLENE DIAMINE,n/a,4.89E+00,2.27E+00,2.18E+02,3.00E-05,9.28E+00,9.28E+00,Interim,n/a,n/a,n/a,n/a,n/a,n/a,n/a,n/a,n/a,n/a,n/a,n/a,n/a,n/a,n/a,n/a,n/a,n/a,
124107,124-10-7,METHYL MYRISTATE (METHYL TETRADECANOATE),n/a,n/a,n/a,n/a,n/a,n/a,n/a,n/a,n/a,n/a,n/a,n/a,n/a,n/a,n/a,n/a,n/a,n/a,n/a,n/a,n/a,n/a,n/a,n/a,n/a,4.31E-01,
124118,124-11-8,1-NONENE,n/a,n/a,n/a,n/a,n/a,n/a,n/a,n/a,n/a,n/a,n/a,n/a,n/a,n/a,n/a,n/a,n/a,n/a,n/a,n/a,n/a,n/a,n/a,n/a,n/a,2.60E+00,
124130,124-13-0,OCTANAL,n/a,n/a,n/a,n/a,n/a,n/a,n/a,n/a,n/a,n/a,n/a,n/a,n/a,n/a,n/a,n/a,n/a,n/a,n/a,n/a,n/a,n/a,n/a,n/a,n/a,3.16E+00,
124163,124-16-3,1-(BUTOXYETHOXY)-2-PROPANOL,n/a,n/a,n/a,n/a,n/a,n/a,n/a,n/a,n/a,n/a,n/a,n/a,n/a,n/a,n/a,n/a,n/a,n/a,n/a,n/a,n/a,n/a,n/a,n/a,n/a,1.93E+00,
124174,124-17-4,2-(2-BUTOXYETHOXY) ETHYL ACETATE,n/a,n/a,n/a,n/a,n/a,n/a,n/a,n/a,n/a,n/a,n/a,n/a,n/a,n/a,n/a,n/a,n/a,n/a,n/a,n/a,n/a,n/a,n/a,n/a,n/a,1.38E+00,
124185,124-18-5,N-DECANE,n/a,3.73E-03,1.81E-04,1.25E+03,9.35E-06,1.36E-01,1.36E-01,Recommended,n/a,n/a,n/a,n/a,n/a,n/a,n/a,n/a,n/a,n/a,n/a,n/a,n/a,n/a,n/a,n/a,n/a,6.84E-01,
124221,124-22-1,N-DODECYLAMINE,n/a,5.19E+02,2.83E+02,1.29E+05,7.35E+00,1.99E+02,1.99E+02,Interim,n/a,n/a,n/a,n/a,n/a,n/a,n/a,n/a,n/a,n/a,n/a,n/a,n/a,n/a,n/a,n/a,n/a,n/a,
124301,124-30-1,OCTADECYLAMINE,n/a,1.49E+00,1.23E-01,6.04E+02,2.41E-03,4.89E-02,4.89E-02,Interim,n/a,n/a,n/a,n/a,n/a,n/a,n/a,n/a,n/a,n/a,n/a,n/a,n/a,n/a,n/a,n/a,n/a,n/a,
124389,124-38-9,CARBON DIOXIDE,n/a,n/a,n/a,n/a,n/a,n/a,n/a,n/a,1.00E+00,n/a,n/a,n/a,n/a,n/a,n/a,n/a,n/a,n/a,n/a,n/a,n/a,n/a,n/a,n/a,n/a,n/a,
124403,124-40-3,DIMETHYLAMINE,n/a,2.45E-01,2.51E-01,8.62E+01,7.84E-03,1.43E+01,1.43E+01,Interim,n/a,n/a,n/a,n/a,n/a,n/a,n/a,n/a,n/a,n/a,n/a,n/a,n/a,n/a,n/a,n/a,n/a,3.17E+00,
124481,124-48-1,DIBROMOCHLOROMETHANE,n/a,1.90E+00,1.90E+00,1.09E+02,3.04E-01,7.69E+00,7.69E+00,Interim,n/a,6.72E-07,5.44E-07,3.16E-07,2.55E-07,4.62E-07,3.74E-07,5.25E-08,4.25E-08,2.19E-07,1.77E-07,2.63E-07,2.12E-07,Recommended,Recommended,n/a,n/a,n/a,
124630,124-63-0,METHYLSULFONYL CHLORIDE,n/a,2.35E+01,2.35E+01,5.94E+02,9.40E-01,1.23E+02,1.23E+02,Interim,n/a,n/a,n/a,n/a,n/a,n/a,n/a,n/a,n/a,n/a,n/a,n/a,n/a,n/a,n/a,n/a,n/a,n/a,
124652,124-65-2,SODIUM CACODYLATE,n/a,6.11E+01,5.60E+01,4.72E+02,2.75E-10,5.57E+01,5.57E+01,Interim,n/a,n/a,n/a,n/a,n/a,n/a,n/a,n/a,n/a,n/a,n/a,n/a,n/a,n/a,n/a,n/a,n/a,n/a,
124685,124-68-5,2-AMINO-2-METHYL-1-PROPANOL,n/a,4.82E+00,4.39E+00,7.97E+01,1.01E-03,2.24E+01,2.24E+01,Interim,n/a,n/a,n/a,n/a,n/a,n/a,n/a,n/a,n/a,n/a,n/a,n/a,n/a,n/a,n/a,n/a,n/a,2.53E-01,
124732,124-73-2,HALON 2402,n/a,n/a,n/a,n/a,n/a,n/a,n/a,n/a,1.64E+03,n/a,n/a,n/a,n/a,n/a,n/a,n/a,n/a,n/a,n/a,n/a,n/a,n/a,n/a,n/a,1.15E+01,n/a,
124878,124-87-8,PICROTOXIN,n/a,2.81E+02,2.76E+02,2.35E+03,1.13E-09,9.18E+02,9.18E+02,Interim,n/a,n/a,n/a,n/a,n/a,n/a,n/a,n/a,n/a,n/a,n/a,n/a,n/a,n/a,n/a,n/a,n/a,n/a,
125337,125-33-7,PRIMIDONE,n/a,n/a,n/a,n/a,n/a,n/a,n/a,n/a,n/a,3.21E-06,n/a,1.62E-06,n/a,6.38E-06,n/a,1.38E-09,n/a,6.86E-07,n/a,1.14E-06,n/a,Recommended,n/a,n/a,n/a,n/a,
126078,126-07-8,GRISEOFULVIN,n/a,n/a,n/a,n/a,n/a,n/a,n/a,n/a,n/a,2.21E-06,n/a,7.07E-07,n/a,1.89E-05,n/a,6.04E-08,n/a,3.26E-06,n/a,6.00E-06,n/a,Recommended,n/a,n/a,n/a,n/a,
126114,126-11-4,"2-HYDROXYMETHYL-2-NITRO-1,3-PROPANEDIOL",n/a,2.63E+01,2.55E+01,1.38E+02,3.29E-10,3.27E+01,3.27E+01,Recommended,n/a,n/a,n/a,n/a,n/a,n/a,n/a,n/a,n/a,n/a,n/a,n/a,n/a,n/a,n/a,n/a,n/a,n/a,
126227,126-22-7,BUTONATE,n/a,1.32E+03,1.24E+03,1.25E+04,9.08E-01,2.73E+03,2.73E+03,Interim,n/a,n/a,n/a,n/a,n/a,n/a,n/a,n/a,n/a,n/a,n/a,n/a,n/a,n/a,n/a,n/a,n/a,n/a,
126307,126-30-7,"1,3-PROPANEDIOL, 2,2-DIMETHYL-",n/a,3.72E+00,3.63E+00,2.31E+01,2.80E-05,7.47E+00,7.47E+00,Recommended,n/a,n/a,n/a,n/a,n/a,n/a,n/a,n/a,n/a,n/a,n/a,n/a,n/a,n/a,n/a,n/a,n/a,n/a,
126330,126-33-0,"TETRAHYDROTHIOPHENE-1,1-DIOXIDE",n/a,4.62E+00,4.34E+00,4.40E+01,1.66E-05,1.07E+01,1.07E+01,Recommended,n/a,n/a,n/a,n/a,n/a,n/a,n/a,n/a,n/a,n/a,n/a,n/a,n/a,n/a,n/a,n/a,n/a,n/a,
126716,126-71-6,"PHOSPHORIC ACID, TRIS(2-METHYLPROPYL) ESTER",n/a,1.10E-01,7.69E-02,2.64E+02,4.74E-03,1.26E+00,1.26E+00,Recommended,n/a,n/a,n/a,n/a,n/a,n/a,n/a,n/a,n/a,n/a,n/a,n/a,n/a,n/a,n/a,n/a,n/a,n/a,
126727,126-72-7,"TRIS (2,3-DIBROMOPROPYL) PHOSPHATE",n/a,6.30E+01,3.50E+01,1.39E+04,1.85E+00,4.65E+01,4.65E+01,Interim,n/a,9.59E-06,n/a,3.29E-06,n/a,1.39E-05,n/a,1.93E-07,n/a,3.15E-07,n/a,1.56E-06,n/a,Recommended,n/a,n/a,n/a,n/a,
126738,126-73-8,TRIBUTYLPHOSPHATE,n/a,9.83E+00,2.17E+00,1.14E+03,2.39E-03,2.24E+00,2.24E+00,Recommended,n/a,1.24E-07,n/a,1.46E-08,n/a,1.70E-07,n/a,7.89E-10,n/a,4.61E-10,n/a,1.01E-08,n/a,Recommended,n/a,n/a,n/a,n/a,
126818,126-81-8,"5,5-DIMETHYL-1,3-CYCLOHEXANEDIONE",n/a,3.57E-01,3.28E-01,3.33E+00,2.69E-04,4.52E-01,4.52E-01,Interim,n/a,n/a,n/a,n/a,n/a,n/a,n/a,n/a,n/a,n/a,n/a,n/a,n/a,n/a,n/a,n/a,n/a,n/a,
126987,126-98-7,METHACRYLONITRILE,n/a,n/a,n/a,n/a,n/a,n/a,n/a,n/a,n/a,n/a,6.87E-06,n/a,5.54E-07,n/a,2.84E-06,n/a,4.93E-08,n/a,5.81E-07,n/a,1.11E-06,n/a,Recommended,n/a,n/a,n/a,
126998,126-99-8,CHLOROPRENE,n/a,2.37E-04,1.82E-04,1.16E+01,1.73E-05,1.03E-01,1.03E-01,Recommended,n/a,5.83E-06,n/a,2.13E-07,n/a,2.77E-06,n/a,7.37E-08,n/a,2.17E-07,n/a,3.90E-07,n/a,Recommended,n/a,n/a,n/a,n/a,
127004,127-00-4,1-CHLORO-2-PROPANOL,n/a,2.12E+00,2.07E+00,4.42E+01,1.61E-02,1.02E+01,1.02E+01,Interim,n/a,n/a,n/a,n/a,n/a,n/a,n/a,n/a,n/a,n/a,n/a,n/a,n/a,n/a,n/a,n/a,n/a,n/a,
127060,127-06-0,"2-PROPANONE, OXIME",n/a,2.91E+00,2.74E+00,3.12E+01,6.25E-03,2.93E+00,2.93E+00,Interim,n/a,3.44E-06,n/a,1.20E-06,n/a,3.51E-06,n/a,3.42E-09,n/a,4.37E-07,n/a,5.92E-07,n/a,Recommended,n/a,n/a,n/a,n/a,
127071,127-07-1,HYDROXYUREA,n/a,1.07E+01,1.04E+01,5.11E+01,6.35E-07,1.38E+01,1.38E+01,Interim,n/a,n/a,n/a,n/a,n/a,n/a,n/a,n/a,n/a,n/a,n/a,n/a,n/a,n/a,n/a,n/a,n/a,n/a,
127093,127-09-3,"ACETIC ACID, SODIUM SALT",n/a,4.14E-01,4.05E-01,1.79E+00,2.79E-13,4.60E-01,4.60E-01,Interim,n/a,n/a,n/a,n/a,n/a,n/a,n/a,n/a,n/a,n/a,n/a,n/a,n/a,n/a,n/a,n/a,n/a,n/a,
127184,127-18-4,PERCHLOROETHYLENE,n/a,7.25E-01,7.22E-01,6.07E+02,1.82E-01,8.73E+00,8.73E+00,Recommended,n/a,4.29E-07,1.62E-06,2.23E-07,8.40E-07,5.49E-07,1.28E-06,7.71E-08,2.40E-07,2.00E-07,7.43E-07,2.87E-07,8.72E-07,Recommended,Recommended,n/a,n/a,3.08E-02,
127195,127-19-5,"N,N'-DIMETHYLACETAMIDE",n/a,5.52E+00,5.29E+00,4.69E+01,1.37E-04,1.37E+01,1.37E+01,Interim,n/a,n/a,n/a,n/a,n/a,n/a,n/a,n/a,n/a,n/a,n/a,n/a,n/a,n/a,n/a,n/a,n/a,n/a,
127208,127-20-8,DALAPON (SODIUM SALT),n/a,3.26E+02,3.26E+02,9.74E+02,1.64E-08,3.88E+02,3.88E+02,Interim,n/a,n/a,n/a,n/a,n/a,n/a,n/a,n/a,n/a,n/a,n/a,n/a,n/a,n/a,n/a,n/a,n/a,n/a,
127275,127-27-5,PIMARIC ACID,n/a,5.27E+02,7.21E+01,4.83E+04,8.95E-02,5.05E+01,5.05E+01,Interim,n/a,n/a,n/a,n/a,n/a,n/a,n/a,n/a,n/a,n/a,n/a,n/a,n/a,n/a,n/a,n/a,n/a,n/a,
127479,127-47-9,"RETINOL, ACETATE",n/a,n/a,n/a,n/a,n/a,n/a,n/a,n/a,n/a,1.18E-07,n/a,2.47E-08,n/a,4.74E-05,n/a,6.17E-06,n/a,1.23E-08,n/a,2.70E-08,n/a,Recommended,n/a,n/a,n/a,n/a,
127526,127-52-6,CHLORAMINE-B,n/a,9.39E+00,8.07E+00,1.06E+02,2.09E-13,6.92E+00,6.92E+00,Interim,n/a,n/a,n/a,n/a,n/a,n/a,n/a,n/a,n/a,n/a,n/a,n/a,n/a,n/a,n/a,n/a,n/a,n/a,
127651,127-65-1,CHLORAMINE-T,n/a,3.56E+02,3.20E+02,3.15E+03,1.83E-10,3.05E+02,3.05E+02,Interim,n/a,n/a,n/a,n/a,n/a,n/a,n/a,n/a,n/a,n/a,n/a,n/a,n/a,n/a,n/a,n/a,n/a,n/a,
127662,127-66-2,"BENZENEMETHANOL, ,ALPHA,-ETHYNYL-,ALPHA,-METHYL-",n/a,1.81E+01,1.53E+01,3.36E+02,1.53E-02,4.47E+01,4.47E+01,Interim,n/a,n/a,n/a,n/a,n/a,n/a,n/a,n/a,n/a,n/a,n/a,n/a,n/a,n/a,n/a,n/a,n/a,n/a,
127684,127-68-4,"M-NITROBENZENESULFONIC ACID, SODIUM SALT",n/a,9.01E+00,8.91E+00,3.37E+01,2.48E-03,1.05E+01,1.05E+01,Interim,n/a,n/a,n/a,n/a,n/a,n/a,n/a,n/a,n/a,n/a,n/a,n/a,n/a,n/a,n/a,n/a,n/a,n/a,
127913,127-91-3,BETA-PINENE,n/a,3.20E-02,6.64E-03,4.20E+03,1.20E-03,1.04E+01,1.04E+01,Interim,n/a,n/a,n/a,n/a,n/a,n/a,n/a,n/a,n/a,n/a,n/a,n/a,n/a,n/a,n/a,n/a,n/a,3.52E+00,
128030,128-03-0,"CARBAMODITHIOIC ACID, DIMETHYL-, POTASSIUM SALT",n/a,5.57E+02,3.11E+02,2.01E+04,9.59E-11,7.03E+02,7.03E+02,Interim,n/a,n/a,n/a,n/a,n/a,n/a,n/a,n/a,n/a,n/a,n/a,n/a,n/a,n/a,n/a,n/a,n/a,n/a,
128041,128-04-1,"DIMETHYLDITHIOCARBAMIC ACID, SODIUM SALT",n/a,1.07E+04,6.76E+03,3.72E+05,8.90E-09,3.72E+04,3.72E+04,Interim,n/a,n/a,n/a,n/a,n/a,n/a,n/a,n/a,n/a,n/a,n/a,n/a,n/a,n/a,n/a,n/a,n/a,n/a,
128370,128-37-0,"2,6-DI-T-BUTYL-4-METHYLPHENOL (BHT)",n/a,5.26E-01,2.89E-01,1.74E+03,4.57E-02,2.00E+00,2.00E+00,Recommended,n/a,7.83E-08,n/a,7.37E-09,n/a,3.66E-07,n/a,4.80E-08,n/a,2.10E-09,n/a,1.67E-08,n/a,Recommended,n/a,n/a,n/a,1.18E+00,
128449,128-44-9,SODIUM SACCHARIN,n/a,2.16E-01,2.10E-01,1.03E+00,1.04E-15,2.43E-01,2.43E-01,Interim,n/a,3.16E-08,n/a,1.99E-08,n/a,2.14E-08,n/a,1.25E-11,n/a,5.07E-09,n/a,7.56E-09,n/a,Interim,n/a,n/a,n/a,n/a,
128665,128-66-5,"C,I VAT YELLOW 4",n/a,n/a,n/a,n/a,n/a,n/a,n/a,n/a,n/a,1.92E-08,n/a,1.54E-08,n/a,1.07E-08,n/a,2.88E-10,n/a,3.12E-12,n/a,3.05E-10,n/a,Recommended,n/a,n/a,n/a,n/a,
129000,129-00-0,PYRENE,n/a,6.52E+03,2.07E+03,8.86E+05,9.57E+01,5.07E+02,5.07E+02,Interim,n/a,n/a,2.10E-07,n/a,8.84E-08,n/a,2.39E-06,n/a,2.10E-07,n/a,2.71E-09,n/a,1.22E-08,n/a,Recommended,n/a,n/a,n/a,
129157,129-15-7,1-NITRO-2-METHYLANTHRAQUINONE,n/a,n/a,n/a,n/a,n/a,n/a,n/a,n/a,n/a,9.23E-05,n/a,6.37E-05,n/a,1.22E-04,n/a,1.01E-06,n/a,1.99E-07,n/a,1.23E-06,n/a,Recommended,n/a,n/a,n/a,n/a,
129431,129-43-1,1-HYDROXYANTHRAQUINONE,n/a,n/a,n/a,n/a,n/a,n/a,n/a,n/a,n/a,6.30E-07,n/a,3.55E-07,n/a,2.32E-06,n/a,3.70E-08,n/a,7.25E-09,n/a,2.13E-08,n/a,Recommended,n/a,n/a,n/a,n/a,
130154,130-15-4,"1,4-NAPHTHOQUINONE",n/a,4.92E+03,3.55E+03,9.76E+04,8.37E-02,1.64E+03,1.64E+03,Recommended,n/a,n/a,n/a,n/a,n/a,n/a,n/a,n/a,n/a,n/a,n/a,n/a,n/a,n/a,n/a,n/a,n/a,n/a,
130223,130-22-3,SODIUM ALIZARINESULFONATE,n/a,4.23E+01,4.12E+01,1.90E+02,8.53E-22,4.87E+01,4.87E+01,Interim,n/a,n/a,n/a,n/a,n/a,n/a,n/a,n/a,n/a,n/a,n/a,n/a,n/a,n/a,n/a,n/a,n/a,n/a,
131099,131-09-9,"9,10-ANTHRACENEDIONE, 2-CHLORO-",n/a,6.00E+00,4.04E+00,1.33E+02,1.25E-03,3.43E-01,3.43E-01,Recommended,n/a,n/a,n/a,n/a,n/a,n/a,n/a,n/a,n/a,n/a,n/a,n/a,n/a,n/a,n/a,n/a,n/a,n/a,
131113,131-11-3,DIMETHYLPHTHALATE (DMP),n/a,2.07E+01,1.92E+01,1.67E+02,5.67E-03,2.09E+01,2.09E+01,Recommended,n/a,n/a,n/a,n/a,n/a,n/a,n/a,n/a,n/a,n/a,n/a,n/a,n/a,n/a,n/a,n/a,n/a,n/a,
131168,131-16-8,DIPROPYL PHTHALATE,n/a,3.12E+02,2.13E+02,8.85E+03,1.18E-01,1.91E+02,1.91E+02,Interim,n/a,n/a,n/a,n/a,n/a,n/a,n/a,n/a,n/a,n/a,n/a,n/a,n/a,n/a,n/a,n/a,n/a,n/a,
131179,131-17-9,DIALLYLPHTHALATE,n/a,2.79E+01,1.22E+01,4.23E+03,3.38E-02,8.63E+01,8.63E+01,Recommended,n/a,n/a,n/a,n/a,n/a,n/a,n/a,n/a,n/a,n/a,n/a,n/a,n/a,n/a,n/a,n/a,n/a,n/a,
131522,131-52-2,"PENTACHLOROPHENOL, NA SALT",n/a,4.33E+04,4.31E+04,1.41E+05,1.49E-08,5.27E+04,5.27E+04,Interim,n/a,n/a,n/a,n/a,n/a,n/a,n/a,n/a,n/a,n/a,n/a,n/a,n/a,n/a,n/a,n/a,n/a,n/a,
131793,131-79-3,YELLOW OB,n/a,5.06E+02,1.31E+02,3.28E+04,1.76E-01,1.43E+01,1.43E+01,Interim,n/a,n/a,n/a,n/a,n/a,n/a,n/a,n/a,n/a,n/a,n/a,n/a,n/a,n/a,n/a,n/a,n/a,n/a,
131895,131-89-5,"2-CYCLOHEXYL-4,6-DINITROPHENOL",n/a,3.29E+03,1.83E+03,1.06E+05,2.35E-02,1.37E+02,1.37E+02,Interim,n/a,n/a,7.04E-06,n/a,4.20E-06,n/a,2.50E-05,n/a,5.07E-07,n/a,3.23E-08,n/a,1.87E-07,n/a,Interim,n/a,n/a,n/a,
131919,131-91-9,1-NITROSO-2-NAPHTHOL,n/a,6.08E+02,1.18E+02,3.57E+04,3.32E-03,4.62E+01,4.62E+01,Interim,n/a,n/a,n/a,n/a,n/a,n/a,n/a,n/a,n/a,n/a,n/a,n/a,n/a,n/a,n/a,n/a,n/a,n/a,
132274,132-27-4,"2-PHENYLPHENOL, SODIUM SALT",n/a,1.21E+02,7.59E+01,3.12E+03,5.56E-13,3.81E+00,3.81E+00,Interim,n/a,9.19E-08,n/a,5.36E-08,n/a,8.98E-08,n/a,6.36E-10,n/a,1.09E-10,n/a,1.74E-10,n/a,Interim,n/a,n/a,n/a,n/a,
132649,132-64-9,DIBENZOFURAN,n/a,1.48E+01,1.34E+01,2.15E+03,8.79E-01,3.10E+00,3.10E+00,Recommended,n/a,n/a,n/a,n/a,n/a,n/a,n/a,n/a,n/a,n/a,n/a,n/a,n/a,n/a,n/a,n/a,n/a,n/a,
132650,132-65-0,DIBENZOTHIOPHENE,n/a,3.20E+02,2.50E+02,2.68E+04,7.81E+00,2.88E+01,2.88E+01,Interim,n/a,n/a,n/a,n/a,n/a,n/a,n/a,n/a,n/a,n/a,n/a,n/a,n/a,n/a,n/a,n/a,n/a,n/a,
133062,133-06-2,CAPTAN,n/a,2.26E+03,1.40E+03,8.51E+04,4.50E-02,1.00E+04,1.00E+04,Recommended,n/a,2.93E-08,3.08E-07,1.25E-08,1.31E-07,2.01E-07,2.12E-06,2.35E-09,2.47E-08,2.37E-08,2.49E-07,4.12E-08,4.33E-07,Interim,Recommended,n/a,n/a,n/a,
133073,133-07-3,FOLPET,n/a,1.23E+05,1.19E+05,1.13E+06,4.20E+01,3.81E+05,3.81E+05,Recommended,n/a,1.00E-07,3.47E-07,7.44E-08,2.58E-07,2.41E-07,8.36E-07,2.42E-09,8.38E-09,8.53E-08,2.96E-07,1.53E-07,5.32E-07,Recommended,Recommended,n/a,n/a,n/a,
133119,133-11-9,PHENYL-4-AMINOSALICYLATE,n/a,6.77E+01,1.27E+01,3.88E+03,1.60E-04,3.47E+01,3.47E+01,Interim,n/a,n/a,n/a,n/a,n/a,n/a,n/a,n/a,n/a,n/a,n/a,n/a,n/a,n/a,n/a,n/a,n/a,n/a,
133324,133-32-4,3-INDOLEBUTYRIC ACID,n/a,3.23E+00,6.79E-01,1.80E+02,1.95E-06,2.37E+00,2.37E+00,Interim,n/a,n/a,n/a,n/a,n/a,n/a,n/a,n/a,n/a,n/a,n/a,n/a,n/a,n/a,n/a,n/a,n/a,n/a,
133904,133-90-4,"3-AMINO-2,5-DICHLOROBENZOIC ACID",n/a,5.20E+01,5.01E+01,3.42E+02,6.70E-06,8.78E+01,8.78E+01,Interim,n/a,2.81E-08,4.35E-06,2.02E-08,3.11E-06,3.25E-08,5.03E-06,2.10E-11,3.24E-09,8.35E-09,1.29E-06,1.65E-08,2.55E-06,Interim,Interim,n/a,n/a,n/a,
134203,134-20-3,METHYL ANTHRANILATE,n/a,8.74E+00,6.29E+00,8.62E+02,1.88E-02,1.03E+02,1.03E+02,Interim,n/a,n/a,n/a,n/a,n/a,n/a,n/a,n/a,n/a,n/a,n/a,n/a,n/a,n/a,n/a,n/a,n/a,n/a,
134292,134-29-2,O-ANISIDINE HYDROCHLORIDE,n/a,n/a,n/a,n/a,n/a,n/a,n/a,n/a,n/a,1.65E-06,n/a,7.99E-07,n/a,1.54E-06,n/a,9.00E-10,n/a,1.10E-07,n/a,1.63E-07,n/a,Interim,n/a,n/a,n/a,n/a,
134327,134-32-7,ALPHA-NAPHTHYLAMINE,n/a,1.72E+01,2.43E+00,1.23E+03,1.05E-03,7.54E+00,7.54E+00,Interim,n/a,4.90E-07,n/a,6.50E-08,n/a,2.81E-06,n/a,1.29E-08,n/a,1.74E-08,n/a,3.22E-08,n/a,Recommended,n/a,n/a,n/a,n/a,
134623,134-62-3,"DEET [N,N,-DIET-3-ME BENZAMIDE]",n/a,4.40E+00,3.08E+00,2.24E+02,8.14E-03,2.49E+01,2.49E+01,Interim,n/a,n/a,n/a,n/a,n/a,n/a,n/a,n/a,n/a,n/a,n/a,n/a,n/a,n/a,n/a,n/a,n/a,n/a,
135013,135-01-3,O-DIETHYLBENZENE,n/a,6.02E-02,5.10E-02,1.33E+02,4.33E-03,4.72E-01,4.72E-01,Interim,n/a,n/a,n/a,n/a,n/a,n/a,n/a,n/a,n/a,n/a,n/a,n/a,n/a,n/a,n/a,n/a,n/a,5.49E+00,
135193,135-19-3,2-NAPHTHOL,n/a,7.86E+01,1.40E+01,4.71E+03,6.38E-04,1.89E+01,1.89E+01,Recommended,n/a,n/a,n/a,n/a,n/a,n/a,n/a,n/a,n/a,n/a,n/a,n/a,n/a,n/a,n/a,n/a,n/a,n/a,
135206,135-20-6,CUPFERRON,n/a,n/a,n/a,n/a,n/a,n/a,n/a,n/a,n/a,4.90E-06,n/a,1.93E-06,n/a,5.41E-06,n/a,3.20E-09,n/a,5.52E-08,n/a,8.07E-08,n/a,Interim,n/a,n/a,n/a,n/a,
135239,135-23-9,METHAPYRILENE HYDROCHLORIDE,n/a,n/a,n/a,n/a,n/a,n/a,n/a,n/a,n/a,2.49E-06,n/a,6.73E-07,n/a,1.33E-05,n/a,2.91E-09,n/a,1.38E-07,n/a,1.85E-07,n/a,Recommended,n/a,n/a,n/a,n/a,
135886,135-88-6,N-PHENYL-2-NAPHTHYLAMINE,n/a,9.47E+02,8.49E+01,6.79E+04,2.11E-02,5.24E+01,5.24E+01,Interim,n/a,n/a,n/a,n/a,n/a,n/a,n/a,n/a,n/a,n/a,n/a,n/a,n/a,n/a,n/a,n/a,n/a,n/a,
135988,135-98-8,SEC-BUTYL BENZENE,n/a,n/a,n/a,n/a,n/a,n/a,n/a,n/a,n/a,n/a,n/a,n/a,n/a,n/a,n/a,n/a,n/a,n/a,n/a,n/a,n/a,n/a,n/a,n/a,n/a,2.36E+00,
136254,136-25-4,ERBON,n/a,2.02E+00,1.97E+00,8.15E+02,6.32E-01,1.69E+01,1.69E+01,Interim,n/a,n/a,n/a,n/a,n/a,n/a,n/a,n/a,n/a,n/a,n/a,n/a,n/a,n/a,n/a,n/a,n/a,n/a,
136403,136-40-3,PHENAZOPYRIDINE HYDROCHLORIDE,n/a,n/a,n/a,n/a,n/a,n/a,n/a,n/a,n/a,2.29E-06,n/a,1.66E-06,n/a,3.17E-06,n/a,6.54E-10,n/a,1.12E-07,n/a,1.41E-07,n/a,Recommended,n/a,n/a,n/a,n/a,
137097,137-09-7,"PHENOL, 2,4-DIAMINO-, DIHYDROCHLORIDE",n/a,n/a,n/a,n/a,n/a,n/a,n/a,n/a,n/a,7.26E-07,n/a,4.07E-07,n/a,5.57E-07,n/a,9.40E-11,n/a,2.40E-08,n/a,3.53E-08,n/a,Interim,n/a,n/a,n/a,n/a,
137177,137-17-7,"2,4,5-TRIMETHYLANILINE",n/a,n/a,n/a,n/a,n/a,n/a,n/a,n/a,n/a,4.86E-06,n/a,1.32E-07,n/a,2.27E-05,n/a,6.52E-08,n/a,1.16E-06,n/a,2.16E-06,n/a,Recommended,n/a,n/a,n/a,n/a,
137199,137-19-9,"1,3-BENZENEDIOL, 4,6-DICHLORO-",n/a,4.16E+01,1.85E+01,1.95E+03,3.95E-03,5.62E+01,5.62E+01,Interim,n/a,n/a,n/a,n/a,n/a,n/a,n/a,n/a,n/a,n/a,n/a,n/a,n/a,n/a,n/a,n/a,n/a,n/a,
137268,137-26-8,THIRAM,n/a,6.23E+03,7.44E+02,5.81E+05,4.43E-01,1.58E+04,1.58E+04,Interim,n/a,n/a,6.26E-07,n/a,3.74E-08,n/a,4.40E-06,n/a,3.15E-09,n/a,1.20E-07,n/a,1.89E-07,n/a,Interim,n/a,n/a,n/a,
137291,137-29-1,CUMATE,n/a,2.49E+03,9.04E+02,1.25E+05,1.70E-03,5.59E+03,5.59E+03,Interim,n/a,n/a,n/a,n/a,n/a,n/a,n/a,n/a,n/a,n/a,n/a,n/a,n/a,n/a,n/a,n/a,n/a,n/a,
137304,137-30-4,ZIRAM,n/a,6.53E+03,2.37E+03,3.27E+05,4.44E-03,1.47E+04,1.47E+04,Interim,n/a,5.65E-07,4.08E-06,1.37E-07,9.87E-07,2.31E-06,1.67E-05,1.11E-09,8.04E-09,1.04E-07,7.49E-07,1.83E-07,1.32E-06,Interim,Interim,n/a,n/a,n/a,
137326,137-32-6,2-METHYL-1-BUTANOL,n/a,n/a,n/a,n/a,n/a,n/a,n/a,n/a,n/a,n/a,n/a,n/a,n/a,n/a,n/a,n/a,n/a,n/a,n/a,n/a,n/a,n/a,n/a,n/a,n/a,2.40E+00,
137406,137-40-6,SODIUM PROPIONATE,n/a,6.32E-01,6.16E-01,2.86E+00,6.33E-11,7.19E-01,7.19E-01,Interim,n/a,n/a,n/a,n/a,n/a,n/a,n/a,n/a,n/a,n/a,n/a,n/a,n/a,n/a,n/a,n/a,n/a,n/a,
137417,137-41-7,"METHYLCARBAMODITHIOIC ACID, MONOPOTASSIUM SALT",n/a,3.93E+01,1.68E+01,2.83E+03,9.64E-03,2.57E+02,2.57E+02,Interim,n/a,n/a,n/a,n/a,n/a,n/a,n/a,n/a,n/a,n/a,n/a,n/a,n/a,n/a,n/a,n/a,n/a,n/a,
137428,137-42-8,"METHYLDITHIOCARBAMIC ACID, NA SALT",n/a,1.60E+03,1.01E+03,5.56E+04,1.88E-09,5.39E+03,5.39E+03,Interim,n/a,n/a,n/a,n/a,n/a,n/a,n/a,n/a,n/a,n/a,n/a,n/a,n/a,n/a,n/a,n/a,n/a,n/a,
138227,138-22-7,BUTYL LACTATE,n/a,1.45E+00,1.31E+00,4.34E+01,2.38E-03,6.35E+00,6.35E+00,Recommended,n/a,n/a,n/a,n/a,n/a,n/a,n/a,n/a,n/a,n/a,n/a,n/a,n/a,n/a,n/a,n/a,n/a,n/a,
138863,138-86-3,LIMONENE,n/a,1.72E-03,2.12E-04,1.24E+02,1.82E-05,2.39E-01,2.39E-01,Interim,n/a,n/a,n/a,n/a,n/a,n/a,n/a,n/a,n/a,n/a,n/a,n/a,n/a,n/a,n/a,n/a,n/a,n/a,
138932,138-93-2,DCDIC,n/a,3.41E+01,2.31E+01,1.74E+03,2.44E-02,2.03E+02,2.03E+02,Interim,n/a,n/a,n/a,n/a,n/a,n/a,n/a,n/a,n/a,n/a,n/a,n/a,n/a,n/a,n/a,n/a,n/a,n/a,
139059,139-05-9,SODIUM CYCLAMATE,n/a,9.96E+04,8.58E+04,1.29E+06,8.50E-10,1.32E+05,1.32E+05,Interim,n/a,1.20E-07,n/a,5.19E-08,n/a,1.22E-07,n/a,7.13E-11,n/a,1.25E-08,n/a,1.82E-08,n/a,Interim,n/a,n/a,n/a,n/a,
139139,139-13-9,NITRILOTRIACETIC ACID,n/a,2.16E+00,1.31E+00,8.13E+01,3.57E-11,8.69E+00,8.69E+00,Interim,n/a,1.53E-08,n/a,1.92E-09,n/a,1.87E-08,n/a,1.06E-11,n/a,2.00E-09,n/a,3.50E-09,n/a,Interim,n/a,n/a,n/a,n/a,
139402,139-40-2,PROPAZINE,n/a,9.09E+03,6.43E+03,2.57E+05,1.49E-01,2.54E+04,2.54E+04,Recommended,n/a,n/a,1.08E-06,n/a,5.90E-07,n/a,3.72E-06,n/a,2.27E-08,n/a,3.69E-07,n/a,8.09E-07,n/a,Recommended,n/a,n/a,n/a,
139651,139-65-1,"4,4-THIODIANILINE",n/a,n/a,n/a,n/a,n/a,n/a,n/a,n/a,n/a,6.24E-06,n/a,1.42E-06,n/a,2.69E-05,n/a,6.84E-08,n/a,2.50E-07,n/a,5.06E-07,n/a,Recommended,n/a,n/a,n/a,n/a,
139946,139-94-6,"UREA, N-ETHYL-N'-(5-NITRO-2-THIAZOLYL)-",n/a,n/a,n/a,n/a,n/a,n/a,n/a,n/a,n/a,6.10E-07,n/a,4.27E-07,n/a,7.17E-07,n/a,1.85E-10,n/a,1.25E-07,n/a,2.21E-07,n/a,Recommended,n/a,n/a,n/a,n/a,
140012,140-01-2,"DIETHYLENETRIAMINEPENTAACETIC ACID, PENTA SODIU*",n/a,4.45E-01,6.42E-02,2.53E+01,7.84E-20,3.17E-02,3.17E-02,Interim,n/a,n/a,n/a,n/a,n/a,n/a,n/a,n/a,n/a,n/a,n/a,n/a,n/a,n/a,n/a,n/a,n/a,n/a,
140114,140-11-4,BENZYL ACETATE,n/a,5.44E+01,5.25E+01,3.02E+03,7.98E-01,1.55E+02,1.55E+02,Interim,n/a,3.84E-08,n/a,4.95E-09,n/a,3.79E-08,n/a,1.06E-10,n/a,2.62E-09,n/a,5.42E-09,n/a,Recommended,n/a,n/a,n/a,n/a,
140318,140-31-8,1-PIPERAZINEETHANAMINE,n/a,2.04E+00,1.41E+00,8.16E+01,6.44E-05,1.78E+01,1.78E+01,Recommended,n/a,n/a,n/a,n/a,n/a,n/a,n/a,n/a,n/a,n/a,n/a,n/a,n/a,n/a,n/a,n/a,n/a,n/a,
140385,140-38-5,P-CHLOROPHENYLUREA,n/a,7.73E+01,7.01E+01,9.20E+02,5.40E-03,1.70E+02,1.70E+02,Recommended,n/a,n/a,n/a,n/a,n/a,n/a,n/a,n/a,n/a,n/a,n/a,n/a,n/a,n/a,n/a,n/a,n/a,n/a,
140567,140-56-7,FENAMINOSULF,n/a,4.27E+02,4.19E+02,2.27E+03,1.29E-11,7.22E+02,7.22E+02,Interim,n/a,n/a,n/a,n/a,n/a,n/a,n/a,n/a,n/a,n/a,n/a,n/a,n/a,n/a,n/a,n/a,n/a,n/a,
140578,140-57-8,ARAMITE,n/a,1.68E+03,6.68E+02,1.90E+05,8.03E+00,1.09E+03,1.09E+03,Interim,n/a,6.31E-07,n/a,3.27E-07,n/a,1.23E-05,n/a,4.19E-07,n/a,8.24E-08,n/a,3.29E-07,n/a,Recommended,n/a,n/a,n/a,n/a,
140669,140-66-9,"P-(1,1,3,3-TETRAMETHYLBUTYL)PHENOL",n/a,1.43E+02,7.73E+01,3.44E+04,4.53E+00,7.18E+01,7.18E+01,Recommended,n/a,n/a,n/a,n/a,n/a,n/a,n/a,n/a,n/a,n/a,n/a,n/a,n/a,n/a,n/a,n/a,n/a,n/a,
140670,140-67-0,"BENZENE, 1-METHOXY-4-(2-PROPENYL)-",n/a,n/a,n/a,n/a,n/a,n/a,n/a,n/a,n/a,8.22E-07,n/a,2.15E-08,n/a,1.41E-06,n/a,1.16E-07,n/a,4.08E-08,n/a,3.62E-07,n/a,Recommended,n/a,n/a,n/a,n/a,
140794,140-79-4,"N,N'-DINITROSOPIPERAZINE",n/a,1.16E+01,8.52E+00,3.16E+02,4.23E-06,3.83E+01,3.83E+01,Interim,n/a,2.14E-05,n/a,1.09E-05,n/a,6.35E-05,n/a,1.28E-08,n/a,7.68E-06,n/a,9.19E-06,n/a,Interim,n/a,n/a,n/a,n/a,
140885,140-88-5,ETHYL ACRYLATE,n/a,9.65E-01,9.86E-01,6.50E+02,7.97E-02,6.43E+01,6.43E+01,Recommended,n/a,1.90E-10,n/a,1.97E-10,n/a,9.08E-08,n/a,1.42E-10,n/a,9.02E-09,n/a,3.30E-08,n/a,Recommended,n/a,n/a,n/a,7.77E+00,
140896,140-89-6,POTASSIUM ETHYLXANTHATE,n/a,9.63E+01,9.38E+01,5.48E+02,8.40E-11,1.58E+02,1.58E+02,Interim,n/a,n/a,n/a,n/a,n/a,n/a,n/a,n/a,n/a,n/a,n/a,n/a,n/a,n/a,n/a,n/a,n/a,n/a,
140909,140-90-9,"CARBONODITHIOIC ACID, O-ETHYL ESTER, SODIUM SALT",n/a,9.65E+02,9.40E+02,5.55E+03,1.18E-09,1.60E+03,1.60E+03,Interim,n/a,n/a,n/a,n/a,n/a,n/a,n/a,n/a,n/a,n/a,n/a,n/a,n/a,n/a,n/a,n/a,n/a,n/a,
140932,140-93-2,"ISOPROPYLXANTHIC ACID, SODIUM SALT",n/a,8.33E+01,7.97E+01,6.63E+02,1.68E-10,1.78E+02,1.78E+02,Interim,n/a,n/a,n/a,n/a,n/a,n/a,n/a,n/a,n/a,n/a,n/a,n/a,n/a,n/a,n/a,n/a,n/a,n/a,
141037,141-03-7,"BUTANEDIOIC ACID, DIBUTYL ESTER",n/a,2.42E+01,2.24E+01,2.02E+03,1.53E-01,7.06E+01,7.06E+01,Interim,n/a,n/a,n/a,n/a,n/a,n/a,n/a,n/a,n/a,n/a,n/a,n/a,n/a,n/a,n/a,n/a,n/a,n/a,
141059,141-05-9,DIETHYL MALEATE,n/a,2.81E+01,2.51E+01,9.55E+02,6.51E-02,1.85E+02,1.85E+02,Interim,n/a,n/a,n/a,n/a,n/a,n/a,n/a,n/a,n/a,n/a,n/a,n/a,n/a,n/a,n/a,n/a,n/a,n/a,
141106,141-10-6,PSEUDOIONONE,n/a,1.19E-01,6.49E-02,1.35E+03,4.76E-03,1.00E+01,1.00E+01,Recommended,n/a,n/a,n/a,n/a,n/a,n/a,n/a,n/a,n/a,n/a,n/a,n/a,n/a,n/a,n/a,n/a,n/a,n/a,
141286,141-28-6,DIETHYLHEXANEDIOATE,n/a,2.11E+01,1.96E+01,8.85E+02,9.88E-02,1.08E+02,1.08E+02,Interim,n/a,n/a,n/a,n/a,n/a,n/a,n/a,n/a,n/a,n/a,n/a,n/a,n/a,n/a,n/a,n/a,n/a,n/a,
141322,141-32-2,BUTYL ACRYLATE,n/a,3.53E-01,3.51E-01,3.90E+02,1.74E-02,1.52E+01,1.52E+01,Recommended,n/a,n/a,n/a,n/a,n/a,n/a,n/a,n/a,n/a,n/a,n/a,n/a,n/a,n/a,n/a,n/a,n/a,5.02E+00,
141435,141-43-5,ETHANOLAMINE,n/a,4.14E+00,3.86E+00,6.33E+01,2.79E-04,1.98E+01,1.98E+01,Interim,n/a,n/a,n/a,n/a,n/a,n/a,n/a,n/a,n/a,n/a,n/a,n/a,n/a,n/a,n/a,n/a,n/a,6.81E+00,
141468,141-46-8,GLYCOLALDEHYDE,n/a,n/a,n/a,n/a,n/a,n/a,n/a,n/a,n/a,n/a,n/a,n/a,n/a,n/a,n/a,n/a,n/a,n/a,n/a,n/a,n/a,n/a,n/a,n/a,n/a,5.10E+00,
141537,141-53-7,SODIUM FORMATE,n/a,5.34E-01,5.22E-01,2.30E+00,1.03E-11,5.92E-01,5.92E-01,Interim,n/a,n/a,n/a,n/a,n/a,n/a,n/a,n/a,n/a,n/a,n/a,n/a,n/a,n/a,n/a,n/a,n/a,n/a,
141662,141-66-2,DICROTOPHOS,n/a,4.35E+02,3.01E+02,1.33E+04,2.14E-05,1.53E+03,1.53E+03,Recommended,n/a,n/a,3.19E-05,n/a,7.65E-06,n/a,4.97E-05,n/a,8.64E-09,n/a,5.72E-06,n/a,9.34E-06,n/a,Recommended,n/a,n/a,n/a,
141786,141-78-6,ETHYL ACETATE,n/a,1.13E-01,1.13E-01,5.87E+00,7.92E-03,8.71E-01,8.71E-01,Recommended,n/a,n/a,8.63E-09,n/a,1.82E-09,n/a,4.30E-09,n/a,1.29E-10,n/a,1.49E-09,n/a,2.31E-09,n/a,Recommended,n/a,n/a,6.26E-01,
141797,141-79-7,MESITYL OXIDE (2-METHYL-2-PENTEN-4-ONE),n/a,n/a,n/a,n/a,n/a,n/a,n/a,n/a,n/a,n/a,n/a,n/a,n/a,n/a,n/a,n/a,n/a,n/a,n/a,n/a,n/a,n/a,n/a,n/a,n/a,6.51E+00,
141822,141-82-2,MALONIC ACID,n/a,1.04E+01,1.00E+01,5.66E+01,2.96E-06,1.25E+01,1.25E+01,Interim,n/a,n/a,n/a,n/a,n/a,n/a,n/a,n/a,n/a,n/a,n/a,n/a,n/a,n/a,n/a,n/a,n/a,n/a,
141902,141-90-2,2-THIOURACIL,n/a,3.19E+01,2.17E+01,1.78E+03,3.38E-02,1.30E+02,1.30E+02,Interim,n/a,2.34E-06,n/a,2.16E-07,n/a,3.59E-06,n/a,1.28E-09,n/a,2.80E-07,n/a,4.41E-07,n/a,Recommended,n/a,n/a,n/a,n/a,
141913,141-91-3,"MORPHOLINE, 2,6-DIMETHYL-",n/a,3.06E-01,1.56E-01,4.52E+01,3.15E-04,7.03E+00,7.03E+00,Interim,n/a,n/a,n/a,n/a,n/a,n/a,n/a,n/a,n/a,n/a,n/a,n/a,n/a,n/a,n/a,n/a,n/a,n/a,
141935,141-93-5,M-DIETHYLBENZENE,n/a,1.14E-01,7.43E-02,1.01E+03,6.37E-03,2.68E+00,2.68E+00,Interim,n/a,n/a,n/a,n/a,n/a,n/a,n/a,n/a,n/a,n/a,n/a,n/a,n/a,n/a,n/a,n/a,n/a,7.10E+00,
141979,141-97-9,ACETOACETIC ESTER,n/a,3.73E+00,3.59E+00,3.72E+01,7.23E-03,9.68E+00,9.68E+00,Recommended,n/a,n/a,n/a,n/a,n/a,n/a,n/a,n/a,n/a,n/a,n/a,n/a,n/a,n/a,n/a,n/a,n/a,n/a,
142041,142-04-1,ANILINE HYDROCHLORIDE,n/a,n/a,n/a,n/a,n/a,n/a,n/a,n/a,n/a,2.07E-07,n/a,1.12E-07,n/a,1.66E-07,n/a,2.81E-11,n/a,8.43E-09,n/a,1.24E-08,n/a,Interim,n/a,n/a,n/a,n/a,
142085,142-08-5,2-HYDROXYPYRIDINE,n/a,3.28E-01,2.71E-01,4.84E+00,2.07E-08,3.33E-01,3.33E-01,Interim,n/a,n/a,n/a,n/a,n/a,n/a,n/a,n/a,n/a,n/a,n/a,n/a,n/a,n/a,n/a,n/a,n/a,n/a,
142289,142-28-9,"1,3-DICHLOROPROPANE",n/a,2.64E-01,2.63E-01,4.31E+01,4.81E-02,2.55E+00,2.55E+00,Recommended,n/a,n/a,n/a,n/a,n/a,n/a,n/a,n/a,n/a,n/a,n/a,n/a,n/a,n/a,n/a,n/a,n/a,n/a,
142290,142-29-0,CYCLOPENTENE,n/a,n/a,n/a,n/a,n/a,n/a,n/a,n/a,n/a,n/a,n/a,n/a,n/a,n/a,n/a,n/a,n/a,n/a,n/a,n/a,n/a,n/a,n/a,n/a,n/a,6.77E+00,
142314,142-31-4,SODIUM OCTYL SULFATE,n/a,2.73E-01,2.08E-01,4.70E+00,4.52E-14,1.20E-01,1.20E-01,Interim,n/a,n/a,n/a,n/a,n/a,n/a,n/a,n/a,n/a,n/a,n/a,n/a,n/a,n/a,n/a,n/a,n/a,n/a,
142596,142-59-6,NABAM,n/a,5.01E+02,1.77E+02,2.54E+04,9.11E-13,8.50E+02,8.50E+02,Interim,n/a,n/a,n/a,n/a,n/a,n/a,n/a,n/a,n/a,n/a,n/a,n/a,n/a,n/a,n/a,n/a,n/a,n/a,
142621,142-62-1,HEXANOIC ACID,n/a,2.84E+00,2.43E+00,5.80E+01,1.92E-03,5.49E+00,5.49E+00,Interim,n/a,n/a,n/a,n/a,n/a,n/a,n/a,n/a,n/a,n/a,n/a,n/a,n/a,n/a,n/a,n/a,n/a,n/a,
142687,142-68-7,TETRAHYDROPYRAN,n/a,n/a,n/a,n/a,n/a,n/a,n/a,n/a,n/a,n/a,n/a,n/a,n/a,n/a,n/a,n/a,n/a,n/a,n/a,n/a,n/a,n/a,n/a,n/a,n/a,3.22E+00,
142825,142-82-5,N-HEPTANE,n/a,1.69E-05,3.37E-06,5.40E+00,1.91E-07,1.73E-03,1.73E-03,Recommended,n/a,n/a,n/a,n/a,n/a,n/a,n/a,n/a,n/a,n/a,n/a,n/a,n/a,n/a,n/a,n/a,n/a,1.07E+00,
142836,142-83-6,"2,4-HEXADIENAL",n/a,n/a,n/a,n/a,n/a,n/a,n/a,n/a,n/a,3.70E-07,n/a,7.44E-09,n/a,3.35E-07,n/a,3.23E-10,n/a,5.16E-08,n/a,1.23E-07,n/a,Interim,n/a,n/a,n/a,n/a,
142847,142-84-7,DIPROPYLAMINE,n/a,4.07E-01,4.12E-01,3.75E+02,1.94E-02,1.92E+01,1.92E+01,Interim,n/a,n/a,n/a,n/a,n/a,n/a,n/a,n/a,n/a,n/a,n/a,n/a,n/a,n/a,n/a,n/a,n/a,n/a,
142870,142-87-0,"SULFURIC ACID, MONODECYL ESTER, SODIUM SALT",n/a,3.89E+00,2.62E+00,8.77E+01,6.13E-13,7.15E-01,7.15E-01,Interim,n/a,n/a,n/a,n/a,n/a,n/a,n/a,n/a,n/a,n/a,n/a,n/a,n/a,n/a,n/a,n/a,n/a,n/a,
142905,142-90-5,DODECYL 2-METHYL-2-PROPENOATE,n/a,2.07E-05,5.14E-06,2.44E-01,2.81E-07,1.95E-04,1.95E-04,Interim,n/a,n/a,n/a,n/a,n/a,n/a,n/a,n/a,n/a,n/a,n/a,n/a,n/a,n/a,n/a,n/a,n/a,n/a,
142927,142-92-7,N-HEXYL ACETATE,n/a,1.49E+00,1.48E+00,8.01E+02,6.99E-02,2.49E+01,2.49E+01,Interim,n/a,n/a,n/a,n/a,n/a,n/a,n/a,n/a,n/a,n/a,n/a,n/a,n/a,n/a,n/a,n/a,n/a,6.92E-01,
142961,142-96-1,DI-N-BUTYL ETHER,n/a,3.37E-03,2.65E-03,5.03E+01,1.40E-04,5.21E-01,5.21E-01,Interim,n/a,n/a,n/a,n/a,n/a,n/a,n/a,n/a,n/a,n/a,n/a,n/a,n/a,n/a,n/a,n/a,n/a,2.84E+00,
143077,143-07-7,DODECANOIC ACID,n/a,7.80E+00,4.64E+00,3.97E+02,3.52E-03,5.43E+00,5.43E+00,Interim,n/a,n/a,n/a,n/a,n/a,n/a,n/a,n/a,n/a,n/a,n/a,n/a,n/a,n/a,n/a,n/a,n/a,n/a,
143088,143-08-8,1-NONANOL,n/a,5.27E+00,5.16E+00,7.42E+02,9.87E-02,3.02E+01,3.02E+01,Recommended,n/a,n/a,n/a,n/a,n/a,n/a,n/a,n/a,n/a,n/a,n/a,n/a,n/a,n/a,n/a,n/a,n/a,n/a,
143135,143-13-5,N-NONYL ACETATE,n/a,n/a,n/a,n/a,n/a,n/a,n/a,n/a,n/a,n/a,n/a,n/a,n/a,n/a,n/a,n/a,n/a,n/a,n/a,n/a,n/a,n/a,n/a,n/a,n/a,5.21E-01,
143168,143-16-8,"1-HEXANAMINE, N-HEXYL-",n/a,3.25E+00,1.64E+00,3.08E+03,5.33E-02,4.16E+00,4.16E+00,Interim,n/a,n/a,n/a,n/a,n/a,n/a,n/a,n/a,n/a,n/a,n/a,n/a,n/a,n/a,n/a,n/a,n/a,n/a,
143226,143-22-6,TRIETHYLENE GLYCOL BUTYL ETHER,n/a,9.65E-01,8.28E-01,2.05E+01,8.34E-07,4.85E+00,4.85E+00,Recommended,n/a,n/a,n/a,n/a,n/a,n/a,n/a,n/a,n/a,n/a,n/a,n/a,n/a,n/a,n/a,n/a,n/a,1.96E+00,
143271,143-27-1,N-HEXADECYLAMINE,n/a,2.30E+03,5.53E+02,5.38E+05,1.80E+01,1.04E+02,1.04E+02,Interim,n/a,n/a,n/a,n/a,n/a,n/a,n/a,n/a,n/a,n/a,n/a,n/a,n/a,n/a,n/a,n/a,n/a,n/a,
143500,143-50-0,KEPONE,n/a,5.89E+04,4.09E+04,1.20E+06,1.93E+01,7.68E+03,7.68E+03,Recommended,n/a,5.26E-04,n/a,4.31E-04,n/a,4.09E-03,n/a,1.71E-04,n/a,2.67E-05,n/a,8.30E-05,n/a,Recommended,n/a,n/a,n/a,n/a,
144025,144-02-5,"BARBITAL, SODIUM",n/a,n/a,n/a,n/a,n/a,n/a,n/a,n/a,n/a,2.60E-06,n/a,2.09E-06,n/a,2.09E-06,n/a,1.35E-09,n/a,6.57E-07,n/a,8.02E-07,n/a,Interim,n/a,n/a,n/a,n/a,
144194,144-19-4,"2,2,4-TRIMETHYL-1,3-PENTANEDIOL",n/a,n/a,n/a,n/a,n/a,n/a,n/a,n/a,n/a,n/a,n/a,n/a,n/a,n/a,n/a,n/a,n/a,n/a,n/a,n/a,n/a,n/a,n/a,n/a,n/a,1.54E+00,
144218,144-21-8,DSMA,n/a,5.52E+01,5.07E+01,4.22E+02,4.38E-09,4.98E+01,4.98E+01,Interim,n/a,n/a,n/a,n/a,n/a,n/a,n/a,n/a,n/a,n/a,n/a,n/a,n/a,n/a,n/a,n/a,n/a,n/a,
144490,144-49-0,FLUOROACETIC ACID,n/a,1.95E+01,1.90E+01,8.97E+01,2.85E-04,2.25E+01,2.25E+01,Interim,n/a,n/a,n/a,n/a,n/a,n/a,n/a,n/a,n/a,n/a,n/a,n/a,n/a,n/a,n/a,n/a,n/a,n/a,
144547,144-54-7,METHAM (ACID),n/a,2.60E+02,1.11E+02,1.87E+04,6.37E-02,1.70E+03,1.70E+03,Interim,n/a,n/a,n/a,n/a,n/a,n/a,n/a,n/a,n/a,n/a,n/a,n/a,n/a,n/a,n/a,n/a,n/a,n/a,
144627,144-62-7,OXALIC ACID,n/a,2.95E+00,2.87E+00,1.44E+01,4.71E-07,3.47E+00,3.47E+00,Interim,n/a,n/a,n/a,n/a,n/a,n/a,n/a,n/a,n/a,n/a,n/a,n/a,n/a,n/a,n/a,n/a,n/a,n/a,
145733,145-73-3,ENDOTHAL,n/a,3.74E+01,3.05E+01,5.30E+02,1.06E-11,2.40E+01,2.40E+01,Interim,n/a,n/a,1.00E-06,n/a,4.87E-07,n/a,5.57E-07,n/a,3.15E-10,n/a,2.52E-08,n/a,7.80E-08,n/a,Interim,n/a,n/a,n/a,
148016,148-01-6,"BENZAMIDE, 2-METHYL-3,5-DINITRO-",n/a,7.02E+01,6.76E+01,3.89E+02,6.88E-06,8.78E+01,8.78E+01,Interim,n/a,n/a,n/a,n/a,n/a,n/a,n/a,n/a,n/a,n/a,n/a,n/a,n/a,n/a,n/a,n/a,n/a,n/a,
148185,148-18-5,"DIETHYLCARBAMODITHIOIC ACID, SODIUM SALT",n/a,2.70E+02,1.13E+02,1.26E+04,5.77E-10,4.43E+02,4.43E+02,Interim,n/a,n/a,1.87E-07,n/a,3.35E-08,n/a,3.45E-07,n/a,3.69E-10,n/a,1.21E-08,n/a,1.76E-08,n/a,Interim,n/a,n/a,n/a,
148243,148-24-3,8-QUINOLINOL,n/a,1.07E+01,1.40E+00,1.23E+03,1.31E-03,4.81E+00,4.81E+00,Interim,n/a,n/a,n/a,n/a,n/a,n/a,n/a,n/a,n/a,n/a,n/a,n/a,n/a,n/a,n/a,n/a,n/a,n/a,
148538,148-53-8,O-VANILLIN,n/a,2.62E+02,2.28E+02,5.05E+03,4.62E-02,1.12E+03,1.12E+03,Interim,n/a,n/a,n/a,n/a,n/a,n/a,n/a,n/a,n/a,n/a,n/a,n/a,n/a,n/a,n/a,n/a,n/a,n/a,
148798,148-79-8,THIABENDAZOLE,n/a,6.58E+02,2.13E+02,3.40E+04,6.72E-06,1.55E+02,1.55E+02,Recommended,n/a,n/a,7.44E-07,n/a,1.50E-07,n/a,1.41E-06,n/a,4.98E-09,n/a,6.43E-09,n/a,1.91E-08,n/a,Recommended,n/a,n/a,n/a,
148823,148-82-3,PHENYLALANINE MUSTARD,n/a,n/a,n/a,n/a,n/a,n/a,n/a,n/a,n/a,1.31E-04,n/a,3.51E-05,n/a,8.47E-04,n/a,2.09E-07,n/a,6.39E-05,n/a,9.08E-05,n/a,Recommended,n/a,n/a,n/a,n/a,
149304,149-30-4,2-MERCAPTOBENZOTHIAZOLE,n/a,1.49E+02,5.59E+01,7.52E+03,6.85E-03,4.37E+01,4.37E+01,Interim,n/a,8.64E-08,n/a,1.97E-08,n/a,1.35E-07,n/a,1.97E-10,n/a,8.19E-10,n/a,2.42E-09,n/a,Interim,n/a,n/a,n/a,n/a,
149575,149-57-5,"HEXANOIC ACID, 2-ETHYL-",n/a,1.72E+00,1.54E+00,7.44E+01,4.10E-03,6.85E+00,6.85E+00,Interim,n/a,n/a,n/a,n/a,n/a,n/a,n/a,n/a,n/a,n/a,n/a,n/a,n/a,n/a,n/a,n/a,n/a,3.32E+00,
150196,150-19-6,M-METHOXYPHENOL,n/a,6.61E+00,3.14E+00,3.52E+02,3.19E-04,4.95E+01,4.95E+01,Interim,n/a,n/a,n/a,n/a,n/a,n/a,n/a,n/a,n/a,n/a,n/a,n/a,n/a,n/a,n/a,n/a,n/a,n/a,
150390,150-39-0,"GLYCINE, N- 2- BIS(CARBOXYMETHYL)AMINO ETHYL -N-(2-HYDROXYETHYL)-",n/a,6.87E-01,5.65E-01,1.42E+01,8.47E-17,2.44E+00,2.44E+00,Interim,n/a,n/a,n/a,n/a,n/a,n/a,n/a,n/a,n/a,n/a,n/a,n/a,n/a,n/a,n/a,n/a,n/a,n/a,
150505,150-50-5,MERPHOS,n/a,7.01E-02,6.41E-03,1.03E+02,7.82E-05,1.15E-02,1.15E-02,Interim,n/a,n/a,3.63E-05,n/a,6.50E-06,n/a,1.26E-03,n/a,1.10E-04,n/a,5.29E-07,n/a,1.56E-06,n/a,Recommended,n/a,n/a,n/a,
150685,150-68-5,MONURON,n/a,3.94E+03,3.43E+03,5.57E+04,6.87E-03,8.14E+03,8.14E+03,Recommended,n/a,4.58E-07,n/a,2.78E-07,n/a,7.49E-07,n/a,9.30E-10,n/a,1.09E-07,n/a,2.15E-07,n/a,Recommended,n/a,n/a,n/a,n/a,
150696,150-69-6,DULCIN,n/a,n/a,n/a,n/a,n/a,n/a,n/a,n/a,n/a,7.31E-08,n/a,3.33E-08,n/a,1.75E-07,n/a,5.05E-11,n/a,3.84E-08,n/a,6.81E-08,n/a,Recommended,n/a,n/a,n/a,n/a,
150765,150-76-5,P-METHOXYPHENOL,n/a,1.80E+01,1.15E+01,5.83E+02,6.86E-04,3.23E+01,3.23E+01,Interim,n/a,4.90E-08,n/a,1.30E-08,n/a,6.97E-08,n/a,5.04E-11,n/a,3.94E-09,n/a,8.39E-09,n/a,Interim,n/a,n/a,n/a,n/a,
150787,150-78-7,P-DIMETHOXYBENZENE,n/a,7.34E-01,6.84E-01,9.64E+01,9.74E-03,7.59E+00,7.59E+00,Interim,n/a,n/a,n/a,n/a,n/a,n/a,n/a,n/a,n/a,n/a,n/a,n/a,n/a,n/a,n/a,n/a,n/a,n/a,
151213,151-21-3,"DODECYL SULFATE, SODIUM SALT",n/a,8.55E+01,5.44E+01,2.15E+03,4.93E-13,5.43E+00,5.43E+00,Interim,n/a,n/a,n/a,n/a,n/a,n/a,n/a,n/a,n/a,n/a,n/a,n/a,n/a,n/a,n/a,n/a,n/a,n/a,
151564,151-56-4,AZIRIDINE,n/a,3.12E+01,3.10E+01,1.16E+03,7.35E-01,2.02E+02,2.02E+02,Interim,n/a,1.45E-04,n/a,1.71E-05,n/a,1.23E-04,n/a,5.28E-07,n/a,2.58E-05,n/a,4.27E-05,n/a,Interim,n/a,n/a,n/a,n/a,
151677,151-67-7,HALOTHANE,n/a,2.35E-01,2.35E-01,8.00E+01,5.79E-02,1.62E+00,1.62E+00,Interim,n/a,n/a,n/a,n/a,n/a,n/a,n/a,n/a,n/a,n/a,n/a,n/a,n/a,n/a,n/a,n/a,n/a,n/a,
152169,152-16-9,OCTAMETHYLPYROPHOSPHORAMIDE,n/a,3.30E+00,2.85E+00,9.17E+01,3.34E-06,2.70E+01,2.70E+01,Interim,n/a,n/a,n/a,n/a,n/a,n/a,n/a,n/a,n/a,n/a,n/a,n/a,n/a,n/a,n/a,n/a,n/a,n/a,
156105,156-10-5,P-NITROSODIPHENYLAMINE,n/a,n/a,n/a,n/a,n/a,n/a,n/a,n/a,n/a,9.79E-08,n/a,1.41E-08,n/a,7.45E-07,n/a,7.87E-09,n/a,5.96E-09,n/a,1.59E-08,n/a,Recommended,n/a,n/a,n/a,n/a,
156514,156-51-4,PHENELZINE SULFATE,n/a,n/a,n/a,n/a,n/a,n/a,n/a,n/a,n/a,8.79E-06,n/a,5.69E-06,n/a,1.15E-05,n/a,7.52E-09,n/a,3.55E-07,n/a,4.34E-07,n/a,Interim,n/a,n/a,n/a,n/a,
156547,156-54-7,"BUTANOIC ACID, SODIUM SALT",n/a,7.10E-01,6.87E-01,3.68E+00,1.30E-12,8.69E-01,8.69E-01,Interim,n/a,n/a,n/a,n/a,n/a,n/a,n/a,n/a,n/a,n/a,n/a,n/a,n/a,n/a,n/a,n/a,n/a,n/a,
156605,156-60-5,"TRANS-1,2-DICHLOROETHENE",n/a,1.55E-02,1.54E-02,2.00E+01,2.98E-03,8.47E-01,8.47E-01,Interim,n/a,n/a,7.85E-07,n/a,1.45E-07,n/a,4.06E-07,n/a,3.24E-08,n/a,1.36E-07,n/a,1.86E-07,n/a,Recommended,n/a,n/a,1.70E+00,
205436,205-43-6,"BENZO(B)NAPHTHO(1,2-D)THIOPHENE",n/a,1.14E+03,2.94E+02,7.78E+04,5.70E-01,3.62E+01,3.62E+01,Interim,n/a,n/a,n/a,n/a,n/a,n/a,n/a,n/a,n/a,n/a,n/a,n/a,n/a,n/a,n/a,n/a,n/a,n/a,
206440,206-44-0,FLUORANTHENE,n/a,9.17E+02,3.88E+02,9.58E+04,1.42E+01,6.70E+01,6.70E+01,Recommended,n/a,n/a,2.01E-07,n/a,1.12E-07,n/a,3.91E-06,n/a,3.06E-07,n/a,4.20E-09,n/a,1.26E-08,n/a,Recommended,n/a,n/a,n/a,
225116,225-11-6,BENZ(A)ACRIDINE,n/a,2.41E+03,8.54E+02,1.38E+05,1.73E+00,4.50E+01,4.50E+01,Interim,n/a,n/a,n/a,n/a,n/a,n/a,n/a,n/a,n/a,n/a,n/a,n/a,n/a,n/a,n/a,n/a,n/a,n/a,
225514,225-51-4,BENZ(C)ACRIDINE,n/a,2.90E+04,1.03E+04,1.66E+06,2.08E+01,5.40E+02,5.40E+02,Interim,n/a,n/a,n/a,n/a,n/a,n/a,n/a,n/a,n/a,n/a,n/a,n/a,n/a,n/a,n/a,n/a,n/a,n/a,
229878,229-87-8,PHENANTHRIDINE,n/a,4.05E+02,2.33E+02,1.25E+04,5.85E-03,6.41E+00,6.41E+00,Recommended,n/a,n/a,n/a,n/a,n/a,n/a,n/a,n/a,n/a,n/a,n/a,n/a,n/a,n/a,n/a,n/a,n/a,n/a,
230273,230-27-3,BENZO(H)QUINOLINE,n/a,2.78E+02,1.56E+02,9.12E+03,4.07E-02,2.01E+00,2.01E+00,Interim,n/a,n/a,n/a,n/a,n/a,n/a,n/a,n/a,n/a,n/a,n/a,n/a,n/a,n/a,n/a,n/a,n/a,n/a,
253521,253-52-1,PHTHALAZINE,n/a,4.23E+00,3.16E+00,7.62E+01,3.63E-06,1.47E+00,1.47E+00,Recommended,n/a,n/a,n/a,n/a,n/a,n/a,n/a,n/a,n/a,n/a,n/a,n/a,n/a,n/a,n/a,n/a,n/a,n/a,
260946,260-94-6,ACRIDINE,n/a,2.78E+02,1.05E+02,1.76E+04,1.32E-01,1.01E+01,1.01E+01,Recommended,n/a,n/a,n/a,n/a,n/a,n/a,n/a,n/a,n/a,n/a,n/a,n/a,n/a,n/a,n/a,n/a,n/a,n/a,
271443,271-44-3,INDAZOLE,n/a,5.24E+00,2.73E+00,2.25E+02,5.14E-04,7.49E+00,7.49E+00,Interim,n/a,n/a,n/a,n/a,n/a,n/a,n/a,n/a,n/a,n/a,n/a,n/a,n/a,n/a,n/a,n/a,n/a,n/a,
271896,271-89-6,BENZOFURAN,n/a,5.79E-01,5.19E-01,3.83E+02,3.33E-02,3.01E+00,3.01E+00,Interim,n/a,1.79E-06,n/a,4.79E-08,n/a,1.25E-06,n/a,2.48E-08,n/a,1.77E-08,n/a,7.67E-08,n/a,Recommended,n/a,n/a,n/a,n/a,
275514,275-51-4,AZULENE,n/a,1.59E-01,8.22E-02,7.72E+02,6.11E-03,3.25E+00,3.25E+00,Interim,n/a,n/a,n/a,n/a,n/a,n/a,n/a,n/a,n/a,n/a,n/a,n/a,n/a,n/a,n/a,n/a,n/a,n/a,
279232,279-23-2,"BICYCLO(2,2,1,)HEPTANE",n/a,2.96E-02,2.36E-02,7.60E+02,2.21E-03,2.67E+00,2.67E+00,Interim,n/a,n/a,n/a,n/a,n/a,n/a,n/a,n/a,n/a,n/a,n/a,n/a,n/a,n/a,n/a,n/a,n/a,n/a,
280579,280-57-9,"1,4-DIAZABICYCLO(2,2,2)OCTANE  (DABCO)",n/a,1.16E+00,1.02E+00,2.20E+01,1.05E-03,5.45E+00,5.45E+00,Interim,n/a,n/a,n/a,n/a,n/a,n/a,n/a,n/a,n/a,n/a,n/a,n/a,n/a,n/a,n/a,n/a,n/a,3.46E+00,
281232,281-23-2,"TRICYCLO[3,3,1,1]DECANE",n/a,1.03E+01,8.43E+00,1.57E+04,6.74E-01,6.71E+01,6.71E+01,Interim,n/a,n/a,n/a,n/a,n/a,n/a,n/a,n/a,n/a,n/a,n/a,n/a,n/a,n/a,n/a,n/a,n/a,n/a,
287230,287-23-0,CYCLOBUTANE,n/a,n/a,n/a,n/a,n/a,n/a,n/a,n/a,n/a,n/a,n/a,n/a,n/a,n/a,n/a,n/a,n/a,n/a,n/a,n/a,n/a,n/a,n/a,n/a,n/a,1.20E+00,
287923,287-92-3,CYCLOPENTANE,n/a,5.75E-04,4.53E-04,3.81E+01,4.54E-05,1.19E-01,1.19E-01,Recommended,n/a,n/a,n/a,n/a,n/a,n/a,n/a,n/a,n/a,n/a,n/a,n/a,n/a,n/a,n/a,n/a,n/a,2.39E+00,
288324,288-32-4,IMIDAZOLE,n/a,9.24E+00,7.76E+00,1.86E+02,4.08E-05,3.38E+01,3.38E+01,Recommended,n/a,n/a,n/a,n/a,n/a,n/a,n/a,n/a,n/a,n/a,n/a,n/a,n/a,n/a,n/a,n/a,n/a,n/a,
291645,291-64-5,CYCLOHEPTANE,n/a,1.64E-04,9.47E-05,1.17E+01,8.79E-06,3.00E-02,3.00E-02,Interim,n/a,n/a,n/a,n/a,n/a,n/a,n/a,n/a,n/a,n/a,n/a,n/a,n/a,n/a,n/a,n/a,n/a,1.96E+00,
292648,292-64-8,CYCLOOCTANE,n/a,4.35E-04,2.04E-04,3.15E+01,1.84E-05,5.83E-02,5.83E-02,Interim,n/a,n/a,n/a,n/a,n/a,n/a,n/a,n/a,n/a,n/a,n/a,n/a,n/a,n/a,n/a,n/a,n/a,1.46E+00,
294622,294-62-2,CYCLODODECANE,n/a,7.70E-03,1.88E-03,1.84E+02,1.40E-04,1.17E-01,1.17E-01,Interim,n/a,n/a,n/a,n/a,n/a,n/a,n/a,n/a,n/a,n/a,n/a,n/a,n/a,n/a,n/a,n/a,n/a,n/a,
297789,297-78-9,ISOBENZAN,n/a,3.39E+03,2.67E+03,1.55E+05,9.96E+01,1.76E+03,1.76E+03,Interim,n/a,n/a,n/a,n/a,n/a,n/a,n/a,n/a,n/a,n/a,n/a,n/a,n/a,n/a,n/a,n/a,n/a,n/a,
297972,297-97-2,THIONAZIN,n/a,1.53E+03,3.93E+02,1.80E+05,4.62E-01,3.32E+03,3.32E+03,Interim,n/a,n/a,n/a,n/a,n/a,n/a,n/a,n/a,n/a,n/a,n/a,n/a,n/a,n/a,n/a,n/a,n/a,n/a,
298000,298-00-0,PARATHION-METHYL,n/a,1.18E+03,4.11E+02,6.51E+04,1.31E-01,1.24E+03,1.24E+03,Recommended,n/a,n/a,1.45E-05,n/a,4.69E-06,n/a,7.07E-05,n/a,7.30E-07,n/a,1.38E-06,n/a,2.82E-06,n/a,Recommended,n/a,n/a,n/a,
298022,298-02-2,PHORATE,n/a,8.48E+02,2.35E+02,4.22E+05,1.30E+00,6.04E+03,6.04E+03,Recommended,n/a,n/a,1.23E-05,n/a,7.68E-07,n/a,7.76E-05,n/a,1.23E-06,n/a,1.16E-06,n/a,6.30E-06,n/a,Recommended,n/a,n/a,n/a,
298044,298-04-4,DISULFOTON,n/a,3.34E+03,7.60E+02,6.63E+05,4.94E+00,7.45E+03,7.45E+03,Recommended,n/a,n/a,3.04E-05,n/a,6.26E-06,n/a,2.95E-04,n/a,5.64E-06,n/a,3.62E-06,n/a,1.83E-05,n/a,Recommended,n/a,n/a,n/a,
298066,298-06-6,"PHOSPHORODITHIOIC ACID, O,O-DIETHYL ESTER",n/a,1.49E-02,3.52E-03,8.33E+03,2.83E-04,3.18E+01,3.18E+01,Interim,n/a,n/a,n/a,n/a,n/a,n/a,n/a,n/a,n/a,n/a,n/a,n/a,n/a,n/a,n/a,n/a,n/a,n/a,
298077,298-07-7,BIS(2-ETHYLHEXYL)PHOSPHATE,n/a,8.18E+00,4.86E+00,2.28E+02,2.35E-06,9.68E-02,9.68E-02,Interim,n/a,n/a,n/a,n/a,n/a,n/a,n/a,n/a,n/a,n/a,n/a,n/a,n/a,n/a,n/a,n/a,n/a,n/a,
298817,298-81-7,METHOXSALEN,n/a,n/a,n/a,n/a,n/a,n/a,n/a,n/a,n/a,6.89E-07,n/a,9.82E-08,n/a,1.43E-06,n/a,1.55E-09,n/a,2.26E-08,n/a,5.67E-08,n/a,Recommended,n/a,n/a,n/a,n/a,
299843,299-84-3,RONNEL,n/a,1.29E+02,8.41E+01,6.13E+04,7.14E+00,4.00E+02,4.00E+02,Recommended,n/a,n/a,7.61E-06,n/a,2.72E-06,n/a,2.63E-04,n/a,2.27E-05,n/a,1.98E-06,n/a,8.19E-06,n/a,Recommended,n/a,n/a,n/a,
299854,299-85-4,DMPA,n/a,1.85E+03,4.22E+02,8.06E+05,7.85E+00,1.09E+04,1.09E+04,Interim,n/a,n/a,n/a,n/a,n/a,n/a,n/a,n/a,n/a,n/a,n/a,n/a,n/a,n/a,n/a,n/a,n/a,n/a,
299865,299-86-5,CRUFOMATE,n/a,1.06E+02,7.95E+01,2.94E+03,2.66E-02,3.72E+02,3.72E+02,Interim,n/a,n/a,5.42E-07,n/a,3.27E-07,n/a,3.47E-06,n/a,5.90E-08,n/a,4.46E-07,n/a,8.72E-07,n/a,Recommended,n/a,n/a,n/a,
300572,300-57-2,ALLYLBENZENE,n/a,n/a,n/a,n/a,n/a,n/a,n/a,n/a,n/a,n/a,n/a,n/a,n/a,n/a,n/a,n/a,n/a,n/a,n/a,n/a,n/a,n/a,n/a,n/a,n/a,1.53E+00,
300765,300-76-5,NALED,n/a,4.71E+02,4.70E+02,6.05E+04,5.53E+01,5.48E+03,5.48E+03,Recommended,n/a,n/a,1.68E-05,n/a,1.75E-06,n/a,1.60E-05,n/a,2.34E-07,n/a,1.94E-06,n/a,3.40E-06,n/a,Recommended,n/a,n/a,n/a,
301008,301-00-8,"METHYL LINOLENATE (METHYL CIS,CIS,CIS-9,12,15-OCTADECATRIENOATE)",n/a,n/a,n/a,n/a,n/a,n/a,n/a,n/a,n/a,n/a,n/a,n/a,n/a,n/a,n/a,n/a,n/a,n/a,n/a,n/a,n/a,n/a,n/a,n/a,n/a,2.32E+00,
301111,301-11-1,LETHANE 60,n/a,2.38E+01,1.25E+01,2.53E+03,6.75E-02,6.77E+00,6.77E+00,Interim,n/a,n/a,n/a,n/a,n/a,n/a,n/a,n/a,n/a,n/a,n/a,n/a,n/a,n/a,n/a,n/a,n/a,n/a,
301122,301-12-2,OXYDEMETON METHYL,n/a,2.05E+02,1.65E+02,6.01E+03,2.13E-06,1.43E+03,1.43E+03,Interim,n/a,n/a,n/a,n/a,n/a,n/a,n/a,n/a,n/a,n/a,n/a,n/a,n/a,n/a,n/a,n/a,n/a,n/a,
302012,302-01-2,HYDRAZINE,n/a,4.30E+03,4.15E+03,2.67E+04,6.85E+00,5.50E+03,5.50E+03,Interim,n/a,1.11E-04,n/a,2.38E-05,n/a,2.76E-05,n/a,5.54E-08,n/a,9.05E-06,n/a,1.13E-05,n/a,Interim,n/a,n/a,n/a,n/a,
302045,302-04-5,THIOCYANIC ACID (-1 ION),n/a,1.13E+02,1.12E+02,1.34E+03,3.15E+00,2.88E+02,2.88E+02,Interim,n/a,n/a,n/a,n/a,n/a,n/a,n/a,n/a,n/a,n/a,n/a,n/a,n/a,n/a,n/a,n/a,n/a,n/a,
302170,302-17-0,CHORAL HYDRATE,n/a,1.63E+01,1.60E+01,2.55E+02,2.24E-01,7.83E+01,7.83E+01,Recommended,n/a,6.91E-07,7.86E-07,2.02E-07,2.29E-07,1.21E-06,1.38E-06,3.36E-09,3.82E-09,4.09E-07,4.65E-07,5.43E-07,6.17E-07,Recommended,Recommended,n/a,n/a,n/a,
302794,302-79-4,RETINOIC ACID,n/a,2.93E+04,2.42E+03,2.97E+06,2.00E+00,3.21E+03,3.21E+03,Interim,n/a,n/a,n/a,n/a,n/a,n/a,n/a,n/a,n/a,n/a,n/a,n/a,n/a,n/a,n/a,n/a,n/a,n/a,
303344,303-34-4,LASIOCARPINE,n/a,n/a,n/a,n/a,n/a,n/a,n/a,n/a,n/a,9.84E-05,n/a,5.06E-05,n/a,3.17E-04,n/a,9.08E-08,n/a,1.24E-04,n/a,2.12E-04,n/a,Recommended,n/a,n/a,n/a,n/a,
303479,303-47-9,OCHRATOXIN A,n/a,n/a,n/a,n/a,n/a,n/a,n/a,n/a,n/a,1.06E-03,n/a,8.95E-04,n/a,6.85E-04,n/a,4.51E-07,n/a,2.59E-05,n/a,9.91E-04,n/a,Interim,n/a,n/a,n/a,n/a,
304212,304-21-2,HARMALINE,n/a,1.65E+01,2.64E+00,9.76E+02,1.27E-04,2.10E+00,2.10E+00,Interim,n/a,n/a,n/a,n/a,n/a,n/a,n/a,n/a,n/a,n/a,n/a,n/a,n/a,n/a,n/a,n/a,n/a,n/a,
305033,305-03-3,CHLORAMBUCIL,n/a,n/a,n/a,n/a,n/a,n/a,n/a,n/a,n/a,3.38E-05,n/a,1.15E-05,n/a,1.94E-04,n/a,1.43E-07,n/a,8.76E-06,n/a,1.48E-04,n/a,Interim,n/a,n/a,n/a,n/a,
306376,306-37-6,"1,2-DIMETHYLHYDRAZINE DIHYDROCHLORIDE",n/a,n/a,n/a,n/a,n/a,n/a,n/a,n/a,n/a,8.57E-04,n/a,4.62E-04,n/a,7.00E-04,n/a,1.18E-07,n/a,9.43E-05,n/a,1.38E-04,n/a,Interim,n/a,n/a,n/a,n/a,
306525,306-52-5,TRICHLOROETHYL PHOSPHATE,n/a,8.71E+02,8.65E+02,3.27E+03,8.47E-04,1.14E+03,1.14E+03,Interim,n/a,n/a,n/a,n/a,n/a,n/a,n/a,n/a,n/a,n/a,n/a,n/a,n/a,n/a,n/a,n/a,n/a,n/a,
306832,306-83-2,HCFC-123,n/a,3.65E-01,3.64E-01,1.21E+02,9.44E-02,2.15E+00,2.15E+00,Recommended,7.70E+01,4.92E-08,n/a,3.75E-08,n/a,4.01E-08,n/a,9.78E-09,n/a,3.44E-08,n/a,3.47E-08,n/a,Recommended,n/a,n/a,2.00E-02,n/a,
306945,306-94-5,PFC-9-1-18,n/a,n/a,n/a,n/a,n/a,n/a,n/a,n/a,7.50E+03,n/a,n/a,n/a,n/a,n/a,n/a,n/a,n/a,n/a,n/a,n/a,n/a,n/a,n/a,n/a,n/a,n/a,
309002,309-00-2,ALDRIN,n/a,8.51E+02,2.83E+02,2.66E+05,4.67E+01,5.89E+02,5.89E+02,Recommended,n/a,7.90E-05,2.50E-04,5.32E-05,1.68E-04,1.83E-03,5.79E-03,3.27E-04,1.03E-03,1.01E-05,3.21E-05,2.79E-05,8.82E-05,Recommended,Recommended,n/a,n/a,n/a,
309433,309-43-3,SECOBARBITAL SODIUM,n/a,3.06E+02,2.94E+02,1.66E+03,2.26E-16,3.38E+02,3.38E+02,Interim,n/a,n/a,n/a,n/a,n/a,n/a,n/a,n/a,n/a,n/a,n/a,n/a,n/a,n/a,n/a,n/a,n/a,n/a,
311455,311-45-5,PARAOXON,n/a,4.74E+04,3.43E+04,1.29E+06,1.18E-02,1.44E+05,1.44E+05,Recommended,n/a,n/a,n/a,n/a,n/a,n/a,n/a,n/a,n/a,n/a,n/a,n/a,n/a,n/a,n/a,n/a,n/a,n/a,
314409,314-40-9,BROMACIL,n/a,3.17E+02,2.90E+02,3.91E+03,1.19E-04,8.93E+02,8.93E+02,Interim,n/a,n/a,n/a,n/a,n/a,n/a,n/a,n/a,n/a,n/a,n/a,n/a,n/a,n/a,n/a,n/a,n/a,n/a,
315184,315-18-4,MEXACARBATE,n/a,1.04E+03,7.85E+02,5.20E+04,2.07E+00,9.26E+03,9.26E+03,Recommended,n/a,n/a,n/a,n/a,n/a,n/a,n/a,n/a,n/a,n/a,n/a,n/a,n/a,n/a,n/a,n/a,n/a,n/a,
315220,315-22-0,MONOCROTALINE,n/a,n/a,n/a,n/a,n/a,n/a,n/a,n/a,n/a,1.66E-04,n/a,1.42E-04,n/a,1.37E-04,n/a,2.76E-08,n/a,5.37E-05,n/a,6.33E-05,n/a,Recommended,n/a,n/a,n/a,n/a,
319846,319-84-6,ALPHA-HCH,n/a,1.10E+03,1.07E+03,1.66E+04,5.05E+01,1.20E+03,1.20E+03,Recommended,n/a,8.16E-05,n/a,7.43E-05,n/a,1.63E-04,n/a,9.38E-06,n/a,2.34E-05,n/a,3.47E-05,n/a,Recommended,n/a,n/a,n/a,n/a,
319857,319-85-7,BETA-HEXACHLOROCYCLOHEXANE,n/a,1.77E+03,1.72E+03,2.66E+04,8.13E+01,1.93E+03,1.93E+03,Interim,n/a,1.75E-05,n/a,1.58E-05,n/a,3.74E-05,n/a,2.14E-06,n/a,5.14E-06,n/a,7.69E-06,n/a,Recommended,n/a,n/a,n/a,n/a,
319868,319-86-8,DELTA-HEXACHLOROCYCLOHEXANE,n/a,2.38E+03,2.31E+03,3.58E+04,1.09E+02,2.60E+03,2.60E+03,Interim,n/a,n/a,n/a,n/a,n/a,n/a,n/a,n/a,n/a,n/a,n/a,n/a,n/a,n/a,n/a,n/a,n/a,n/a,
324936,324-93-6,4'-FLUORO-4-AMINODIPHENYL,n/a,n/a,n/a,n/a,n/a,n/a,n/a,n/a,n/a,5.12E-05,n/a,1.70E-05,n/a,3.54E-04,n/a,4.88E-06,n/a,2.94E-06,n/a,5.62E-06,n/a,Recommended,n/a,n/a,n/a,n/a,
327980,327-98-0,TRICHLORONATE,n/a,2.38E+03,8.67E+02,6.05E+05,3.42E+01,2.33E+03,2.33E+03,Recommended,n/a,n/a,n/a,n/a,n/a,n/a,n/a,n/a,n/a,n/a,n/a,n/a,n/a,n/a,n/a,n/a,n/a,n/a,
329715,329-71-5,"2,5-DINITROPHENOL",n/a,8.38E+02,6.87E+02,1.15E+04,1.89E-01,4.54E+02,4.54E+02,Interim,n/a,n/a,n/a,n/a,n/a,n/a,n/a,n/a,n/a,n/a,n/a,n/a,n/a,n/a,n/a,n/a,n/a,n/a,
330541,330-54-1,DIURON,n/a,3.24E+03,2.54E+03,6.01E+04,4.24E-03,4.02E+03,4.02E+03,Recommended,n/a,n/a,4.03E-06,n/a,2.49E-06,n/a,6.64E-06,n/a,1.74E-08,n/a,4.44E-07,n/a,1.07E-06,n/a,Recommended,n/a,n/a,n/a,
330552,330-55-2,LINURON,n/a,1.01E+04,7.68E+03,1.99E+05,2.34E-01,1.11E+04,1.11E+04,Interim,n/a,n/a,1.99E-05,n/a,1.39E-05,n/a,3.74E-05,n/a,1.33E-07,n/a,2.11E-06,n/a,6.04E-06,n/a,Interim,n/a,n/a,n/a,
331395,331-39-5,"2-PROPENOIC ACID, 3-(3,4-DIHYDROXYPHENYL)-, (E)-",n/a,n/a,n/a,n/a,n/a,n/a,n/a,n/a,n/a,1.09E-07,n/a,2.59E-08,n/a,9.41E-08,n/a,5.33E-11,n/a,4.04E-09,n/a,9.75E-09,n/a,Interim,n/a,n/a,n/a,n/a,
333415,333-41-5,DIAZINON,n/a,3.03E+03,9.12E+02,1.86E+05,3.12E-01,6.02E+03,6.02E+03,Recommended,n/a,n/a,3.03E-05,n/a,9.01E-06,n/a,1.62E-04,n/a,1.51E-06,n/a,5.37E-06,n/a,2.97E-05,n/a,Recommended,n/a,n/a,n/a,
334485,334-48-5,DECANOIC ACID,n/a,1.14E+01,8.55E+00,5.45E+02,1.03E-02,2.13E+01,2.13E+01,Interim,n/a,n/a,n/a,n/a,n/a,n/a,n/a,n/a,n/a,n/a,n/a,n/a,n/a,n/a,n/a,n/a,n/a,n/a,
350469,350-46-9,4-FLUORONITROBENZENE,n/a,5.72E+00,5.69E+00,1.27E+02,5.49E-01,6.08E+00,6.08E+00,Interim,n/a,n/a,n/a,n/a,n/a,n/a,n/a,n/a,n/a,n/a,n/a,n/a,n/a,n/a,n/a,n/a,n/a,n/a,
352910,352-91-0,C3H6FBR,n/a,n/a,n/a,n/a,n/a,n/a,n/a,n/a,n/a,n/a,n/a,n/a,n/a,n/a,n/a,n/a,n/a,n/a,n/a,n/a,n/a,n/a,n/a,n/a,3.60E-01,n/a,
353366,353-36-6,HFC-161,n/a,n/a,n/a,n/a,n/a,n/a,n/a,n/a,1.20E+01,n/a,n/a,n/a,n/a,n/a,n/a,n/a,n/a,n/a,n/a,n/a,n/a,n/a,n/a,n/a,n/a,n/a,
353593,353-59-3,HALON 1211,n/a,n/a,n/a,n/a,n/a,n/a,n/a,n/a,1.89E+03,n/a,n/a,n/a,n/a,n/a,n/a,n/a,n/a,n/a,n/a,n/a,n/a,n/a,n/a,n/a,7.10E+00,n/a,
354041,354-04-1,"1,2-DIBROMO-1,1,2-TRIFLUOROETHANE ",n/a,n/a,n/a,n/a,n/a,n/a,n/a,n/a,n/a,n/a,n/a,n/a,n/a,n/a,n/a,n/a,n/a,n/a,n/a,n/a,n/a,n/a,n/a,n/a,1.00E+00,n/a,
354074,354-07-4,C2HF4BR,n/a,n/a,n/a,n/a,n/a,n/a,n/a,n/a,n/a,n/a,n/a,n/a,n/a,n/a,n/a,n/a,n/a,n/a,n/a,n/a,n/a,n/a,n/a,n/a,9.50E-01,n/a,
354143,354-14-3,HCFC-121,n/a,n/a,n/a,n/a,n/a,n/a,n/a,n/a,n/a,n/a,n/a,n/a,n/a,n/a,n/a,n/a,n/a,n/a,n/a,n/a,n/a,n/a,n/a,n/a,2.50E-02,n/a,
354212,354-21-2,HCFC-122,n/a,n/a,n/a,n/a,n/a,n/a,n/a,n/a,n/a,n/a,n/a,n/a,n/a,n/a,n/a,n/a,n/a,n/a,n/a,n/a,n/a,n/a,n/a,n/a,5.00E-02,n/a,
354336,354-33-6,HFC-125,n/a,n/a,n/a,n/a,n/a,n/a,n/a,n/a,3.50E+03,n/a,n/a,n/a,n/a,n/a,n/a,n/a,n/a,n/a,n/a,n/a,n/a,n/a,n/a,n/a,n/a,n/a,
354563,354-56-3,CFC-111,n/a,n/a,n/a,n/a,n/a,n/a,n/a,n/a,n/a,n/a,n/a,n/a,n/a,n/a,n/a,n/a,n/a,n/a,n/a,n/a,n/a,n/a,n/a,n/a,1.00E+00,n/a,
355259,355-25-9,PFC-3-1-10,n/a,n/a,n/a,n/a,n/a,n/a,n/a,n/a,8.86E+03,n/a,n/a,n/a,n/a,n/a,n/a,n/a,n/a,n/a,n/a,n/a,n/a,n/a,n/a,n/a,n/a,n/a,
355420,355-42-0,PFC-5-1-14,n/a,n/a,n/a,n/a,n/a,n/a,n/a,n/a,9.30E+03,n/a,n/a,n/a,n/a,n/a,n/a,n/a,n/a,n/a,n/a,n/a,n/a,n/a,n/a,n/a,n/a,n/a,
357573,357-57-3,BRUCINE,n/a,6.42E+01,2.24E+01,3.29E+03,1.12E-08,1.29E+02,1.29E+02,Interim,n/a,n/a,n/a,n/a,n/a,n/a,n/a,n/a,n/a,n/a,n/a,n/a,n/a,n/a,n/a,n/a,n/a,n/a,
358974,358-97-4,"1,2-DIBROMO-1-FLUROETHANE ",n/a,n/a,n/a,n/a,n/a,n/a,n/a,n/a,n/a,n/a,n/a,n/a,n/a,n/a,n/a,n/a,n/a,n/a,n/a,n/a,n/a,n/a,n/a,n/a,9.00E-01,n/a,
359079,359-07-9,C2H3F2BR,n/a,n/a,n/a,n/a,n/a,n/a,n/a,n/a,n/a,n/a,n/a,n/a,n/a,n/a,n/a,n/a,n/a,n/a,n/a,n/a,n/a,n/a,n/a,n/a,6.50E-01,n/a,
359284,359-28-4,HCFC-131,n/a,n/a,n/a,n/a,n/a,n/a,n/a,n/a,n/a,n/a,n/a,n/a,n/a,n/a,n/a,n/a,n/a,n/a,n/a,n/a,n/a,n/a,n/a,n/a,2.85E-02,n/a,
359353,359-35-3,HFC-134,n/a,n/a,n/a,n/a,n/a,n/a,n/a,n/a,1.10E+03,n/a,n/a,n/a,n/a,n/a,n/a,n/a,n/a,n/a,n/a,n/a,n/a,n/a,n/a,n/a,n/a,n/a,
363177,363-17-7,"N-(2-FLUORENYL)-2,2,2-TRIFLUOROACETAMIDE",n/a,n/a,n/a,n/a,n/a,n/a,n/a,n/a,n/a,3.40E-05,n/a,1.91E-05,n/a,1.60E-04,n/a,2.89E-06,n/a,6.00E-07,n/a,3.27E-06,n/a,Recommended,n/a,n/a,n/a,n/a,
368774,368-77-4,"A,A,A-TRIFLUOR-M-TOLUNITRIL",n/a,2.41E+00,2.41E+00,1.21E+02,5.54E-01,3.99E+00,3.99E+00,Interim,n/a,n/a,n/a,n/a,n/a,n/a,n/a,n/a,n/a,n/a,n/a,n/a,n/a,n/a,n/a,n/a,n/a,n/a,
371404,371-40-4,4-FLUOROANILINE,n/a,4.24E+00,3.93E+00,9.09E+02,1.52E-01,8.83E+01,8.83E+01,Interim,n/a,n/a,n/a,n/a,n/a,n/a,n/a,n/a,n/a,n/a,n/a,n/a,n/a,n/a,n/a,n/a,n/a,n/a,
371415,371-41-5,P-FLUOROPHENOL,n/a,9.77E+00,7.21E+00,3.31E+02,2.12E-02,1.81E+01,1.81E+01,Interim,n/a,n/a,n/a,n/a,n/a,n/a,n/a,n/a,n/a,n/a,n/a,n/a,n/a,n/a,n/a,n/a,n/a,n/a,
373524,373-52-4,BROMOFLUROMETHANE,n/a,n/a,n/a,n/a,n/a,n/a,n/a,n/a,n/a,n/a,n/a,n/a,n/a,n/a,n/a,n/a,n/a,n/a,n/a,n/a,n/a,n/a,n/a,n/a,7.30E-01,n/a,
378165,378-16-5,HFE-365mcf3,n/a,n/a,n/a,n/a,n/a,n/a,n/a,n/a,1.10E+01,n/a,n/a,n/a,n/a,n/a,n/a,n/a,n/a,n/a,n/a,n/a,n/a,n/a,n/a,n/a,n/a,n/a,
379522,379-52-2,TRIPHENYLTIN FLUORIDE,n/a,2.84E+03,1.76E+03,7.20E+04,7.53E-06,9.16E+00,9.16E+00,Interim,n/a,n/a,n/a,n/a,n/a,n/a,n/a,n/a,n/a,n/a,n/a,n/a,n/a,n/a,n/a,n/a,n/a,n/a,
383631,383-63-1,TRIFLUOROETHYL ACETATE,n/a,9.79E-04,9.78E-04,4.91E-01,1.77E-04,2.67E-02,2.67E-02,Interim,n/a,n/a,n/a,n/a,n/a,n/a,n/a,n/a,n/a,n/a,n/a,n/a,n/a,n/a,n/a,n/a,n/a,n/a,
385002,385-00-2,"BENZOIC ACID, 2,6-DIFLUORO-",n/a,2.12E+02,2.07E+02,1.05E+03,1.40E-01,2.81E+02,2.81E+02,Interim,n/a,n/a,n/a,n/a,n/a,n/a,n/a,n/a,n/a,n/a,n/a,n/a,n/a,n/a,n/a,n/a,n/a,n/a,
389082,389-08-2,NALIDIXIC ACID,n/a,n/a,n/a,n/a,n/a,n/a,n/a,n/a,n/a,2.87E-07,n/a,1.76E-07,n/a,4.70E-07,n/a,1.67E-10,n/a,1.63E-07,n/a,3.07E-07,n/a,Recommended,n/a,n/a,n/a,n/a,
392563,392-56-3,HEXAFLUORO-BENZENE,n/a,n/a,n/a,n/a,n/a,n/a,n/a,n/a,n/a,n/a,n/a,n/a,n/a,n/a,n/a,n/a,n/a,n/a,n/a,n/a,n/a,n/a,n/a,n/a,n/a,4.70E-02,
396010,396-01-0,"2,4,7-TRIAMINO-6-PHENYL PTERIDINE",n/a,n/a,n/a,n/a,n/a,n/a,n/a,n/a,n/a,2.13E-06,n/a,1.39E-06,n/a,2.20E-06,n/a,6.08E-10,n/a,3.11E-09,n/a,5.65E-09,n/a,Recommended,n/a,n/a,n/a,n/a,
398323,398-32-3,N-4-(4'-FLUOROBIPHENYL)ACETAMIDE,n/a,n/a,n/a,n/a,n/a,n/a,n/a,n/a,n/a,7.82E-05,n/a,5.32E-05,n/a,2.42E-04,n/a,3.12E-06,n/a,3.80E-06,n/a,7.38E-06,n/a,Recommended,n/a,n/a,n/a,n/a,
404864,404-86-4,"6-NONENAMIDE, N- (4-HYDROXY-3-METHOXYPHENYL)METH",n/a,1.17E+02,2.59E+01,6.61E+03,9.40E-05,1.18E+01,1.18E+01,Interim,n/a,2.72E-07,n/a,6.97E-08,n/a,9.62E-07,n/a,3.95E-09,n/a,1.71E-09,n/a,1.91E-08,n/a,Interim,n/a,n/a,n/a,n/a,
406586,406-58-6,HFC-365mfc,n/a,n/a,n/a,n/a,n/a,n/a,n/a,n/a,7.94E+02,n/a,n/a,n/a,n/a,n/a,n/a,n/a,n/a,n/a,n/a,n/a,n/a,n/a,n/a,n/a,n/a,6.09E-04,
406780,406-78-0,HFE-347mcf2,n/a,n/a,n/a,n/a,n/a,n/a,n/a,n/a,3.74E+02,n/a,n/a,n/a,n/a,n/a,n/a,n/a,n/a,n/a,n/a,n/a,n/a,n/a,n/a,n/a,n/a,n/a,
420042,420-04-2,CYANAMIDE,n/a,8.64E+02,8.48E+02,3.47E+03,5.53E-04,9.79E+02,9.79E+02,Recommended,n/a,n/a,n/a,n/a,n/a,n/a,n/a,n/a,n/a,n/a,n/a,n/a,n/a,n/a,n/a,n/a,n/a,n/a,
420462,420-46-2,HFC-143a,n/a,n/a,n/a,n/a,n/a,n/a,n/a,n/a,4.47E+03,n/a,n/a,n/a,n/a,n/a,n/a,n/a,n/a,n/a,n/a,n/a,n/a,n/a,n/a,n/a,n/a,n/a,
420973,420-97-3,HCFC-261,n/a,n/a,n/a,n/a,n/a,n/a,n/a,n/a,n/a,n/a,n/a,n/a,n/a,n/a,n/a,n/a,n/a,n/a,n/a,n/a,n/a,n/a,n/a,n/a,1.10E-02,n/a,
421067,421-06-7,C2H2F3BR,n/a,n/a,n/a,n/a,n/a,n/a,n/a,n/a,n/a,n/a,n/a,n/a,n/a,n/a,n/a,n/a,n/a,n/a,n/a,n/a,n/a,n/a,n/a,n/a,1.15E+00,n/a,
421078,421-07-8,"1,2,2-TRIBROMO-3,3,3-TRIFLUOROPROPANE",n/a,n/a,n/a,n/a,n/a,n/a,n/a,n/a,n/a,n/a,n/a,n/a,n/a,n/a,n/a,n/a,n/a,n/a,n/a,n/a,n/a,n/a,n/a,n/a,5.60E+00,n/a,
421147,421-14-7,HFE-143a,n/a,n/a,n/a,n/a,n/a,n/a,n/a,n/a,7.56E+02,n/a,n/a,n/a,n/a,n/a,n/a,n/a,n/a,n/a,n/a,n/a,n/a,n/a,n/a,n/a,n/a,n/a,
421410,421-41-0,HCFC-251,n/a,n/a,n/a,n/a,n/a,n/a,n/a,n/a,n/a,n/a,n/a,n/a,n/a,n/a,n/a,n/a,n/a,n/a,n/a,n/a,n/a,n/a,n/a,n/a,5.50E-03,n/a,
421943,421-94-3,HCFC-231,n/a,n/a,n/a,n/a,n/a,n/a,n/a,n/a,n/a,n/a,n/a,n/a,n/a,n/a,n/a,n/a,n/a,n/a,n/a,n/a,n/a,n/a,n/a,n/a,7.00E-02,n/a,
422264,422-26-4,HCFC-221,n/a,n/a,n/a,n/a,n/a,n/a,n/a,n/a,n/a,n/a,n/a,n/a,n/a,n/a,n/a,n/a,n/a,n/a,n/a,n/a,n/a,n/a,n/a,n/a,4.25E-02,n/a,
422491,422-49-1,HCFC-222,n/a,n/a,n/a,n/a,n/a,n/a,n/a,n/a,n/a,n/a,n/a,n/a,n/a,n/a,n/a,n/a,n/a,n/a,n/a,n/a,n/a,n/a,n/a,n/a,5.00E-02,n/a,
422526,422-52-6,HCFC-223,n/a,n/a,n/a,n/a,n/a,n/a,n/a,n/a,n/a,n/a,n/a,n/a,n/a,n/a,n/a,n/a,n/a,n/a,n/a,n/a,n/a,n/a,n/a,n/a,4.50E-02,n/a,
422548,422-54-8,HCFC-224,n/a,n/a,n/a,n/a,n/a,n/a,n/a,n/a,n/a,n/a,n/a,n/a,n/a,n/a,n/a,n/a,n/a,n/a,n/a,n/a,n/a,n/a,n/a,n/a,5.00E-02,n/a,
422560,422-56-0,HCFC-225ca,n/a,n/a,n/a,n/a,n/a,n/a,n/a,n/a,1.22E+02,n/a,n/a,n/a,n/a,n/a,n/a,n/a,n/a,n/a,n/a,n/a,n/a,n/a,n/a,n/a,2.00E-02,2.94E-03,
422786,422-78-6,CFC-211,n/a,n/a,n/a,n/a,n/a,n/a,n/a,n/a,n/a,n/a,n/a,n/a,n/a,n/a,n/a,n/a,n/a,n/a,n/a,n/a,n/a,n/a,n/a,n/a,1.00E+00,n/a,
422866,422-86-6,CFC-217,n/a,n/a,n/a,n/a,n/a,n/a,n/a,n/a,n/a,n/a,n/a,n/a,n/a,n/a,n/a,n/a,n/a,n/a,n/a,n/a,n/a,n/a,n/a,n/a,1.00E+00,n/a,
425945,425-94-5,HCFC-234,n/a,n/a,n/a,n/a,n/a,n/a,n/a,n/a,n/a,n/a,n/a,n/a,n/a,n/a,n/a,n/a,n/a,n/a,n/a,n/a,n/a,n/a,n/a,n/a,1.45E-01,n/a,
430557,430-55-7,HCFC-271,n/a,n/a,n/a,n/a,n/a,n/a,n/a,n/a,n/a,n/a,n/a,n/a,n/a,n/a,n/a,n/a,n/a,n/a,n/a,n/a,n/a,n/a,n/a,n/a,1.55E-02,n/a,
430660,430-66-0,HFC-143,n/a,n/a,n/a,n/a,n/a,n/a,n/a,n/a,3.53E+02,n/a,n/a,n/a,n/a,n/a,n/a,n/a,n/a,n/a,n/a,n/a,n/a,n/a,n/a,n/a,n/a,n/a,
431038,431-03-8,BIACETYL,n/a,n/a,n/a,n/a,n/a,n/a,n/a,n/a,n/a,n/a,n/a,n/a,n/a,n/a,n/a,n/a,n/a,n/a,n/a,n/a,n/a,n/a,n/a,n/a,n/a,2.01E+01,
431210,431-21-0,"2,3-DIBROMO-1,1,1-TRIFLUOROPROPANE ",n/a,n/a,n/a,n/a,n/a,n/a,n/a,n/a,n/a,n/a,n/a,n/a,n/a,n/a,n/a,n/a,n/a,n/a,n/a,n/a,n/a,n/a,n/a,n/a,2.50E+00,n/a,
431630,431-63-0,HFC-236ea,n/a,n/a,n/a,n/a,n/a,n/a,n/a,n/a,1.37E+03,n/a,n/a,n/a,n/a,n/a,n/a,n/a,n/a,n/a,n/a,n/a,n/a,n/a,n/a,n/a,n/a,n/a,
431878,431-87-8,HCFC-226,n/a,n/a,n/a,n/a,n/a,n/a,n/a,n/a,n/a,n/a,n/a,n/a,n/a,n/a,n/a,n/a,n/a,n/a,n/a,n/a,n/a,n/a,n/a,n/a,6.00E-02,n/a,
431890,431-89-0,HFC-227ea,n/a,n/a,n/a,n/a,n/a,n/a,n/a,n/a,3.22E+03,n/a,n/a,n/a,n/a,n/a,n/a,n/a,n/a,n/a,n/a,n/a,n/a,n/a,n/a,n/a,n/a,n/a,
434071,434-07-1,OXYMETHOLONE,n/a,n/a,n/a,n/a,n/a,n/a,n/a,n/a,n/a,1.56E-06,n/a,1.17E-06,n/a,3.80E-06,n/a,4.81E-08,n/a,2.17E-07,n/a,6.50E-07,n/a,Interim,n/a,n/a,n/a,n/a,
434902,434-90-2,DECAFLUOROBIPHENYL,n/a,2.31E-02,1.41E-02,2.82E+02,4.15E-03,8.14E-02,8.14E-02,Interim,n/a,n/a,n/a,n/a,n/a,n/a,n/a,n/a,n/a,n/a,n/a,n/a,n/a,n/a,n/a,n/a,n/a,n/a,
443481,443-48-1,METRONIDAZOLE,n/a,2.52E+01,2.46E+01,1.62E+02,2.82E-07,5.23E+01,5.23E+01,Recommended,n/a,2.63E-07,n/a,1.81E-07,n/a,3.30E-07,n/a,6.45E-11,n/a,1.07E-07,n/a,1.47E-07,n/a,Recommended,n/a,n/a,n/a,n/a,
446866,446-86-6,AZATHIOPRINE,n/a,n/a,n/a,n/a,n/a,n/a,n/a,n/a,n/a,7.20E-06,n/a,2.61E-06,n/a,1.83E-05,n/a,3.68E-09,n/a,2.81E-07,n/a,3.97E-07,n/a,Recommended,n/a,n/a,n/a,n/a,
447530,447-53-0,"1,2-DIHYDRONAPHTHALENE",n/a,2.87E-01,1.82E-01,1.02E+03,1.48E-02,3.93E+00,3.93E+00,Interim,n/a,n/a,n/a,n/a,n/a,n/a,n/a,n/a,n/a,n/a,n/a,n/a,n/a,n/a,n/a,n/a,n/a,n/a,
447609,447-60-9,"A,A,A-TRIFLUOR-O-TOLUNITRIL",n/a,4.27E+00,4.25E+00,1.51E+02,8.92E-01,5.68E+00,5.68E+00,Interim,n/a,n/a,n/a,n/a,n/a,n/a,n/a,n/a,n/a,n/a,n/a,n/a,n/a,n/a,n/a,n/a,n/a,n/a,
452868,452-86-8,"1,2-BENZENEDIOL, 4-METHYL-",n/a,1.21E+01,3.08E+00,6.75E+02,7.24E-05,1.29E+01,1.29E+01,Interim,n/a,7.75E-08,n/a,8.69E-09,n/a,1.81E-07,n/a,5.47E-11,n/a,3.46E-09,n/a,7.32E-09,n/a,Interim,n/a,n/a,n/a,n/a,
454897,454-89-7,M-(TRIFLUOROMETHYL)BENZALDEHYDE,n/a,5.71E+00,5.79E+00,4.69E+03,8.77E-01,3.62E+02,3.62E+02,Interim,n/a,n/a,n/a,n/a,n/a,n/a,n/a,n/a,n/a,n/a,n/a,n/a,n/a,n/a,n/a,n/a,n/a,n/a,
458377,458-37-7,CURCUMIN,n/a,5.87E+00,3.74E+00,1.48E+02,2.13E-09,8.81E-01,8.81E-01,Interim,n/a,n/a,n/a,n/a,n/a,n/a,n/a,n/a,n/a,n/a,n/a,n/a,n/a,n/a,n/a,n/a,n/a,n/a,
459563,459-56-3,"BENZENEMETHANOL, 4-FLUORO-",n/a,8.08E+00,7.52E+00,8.38E+01,9.56E-03,1.87E+01,1.87E+01,Interim,n/a,n/a,n/a,n/a,n/a,n/a,n/a,n/a,n/a,n/a,n/a,n/a,n/a,n/a,n/a,n/a,n/a,n/a,
459574,459-57-4,"BENZALDEHYDE, 4-FLUORO-",n/a,4.62E-01,4.68E-01,7.49E+01,3.54E-02,1.49E+01,1.49E+01,Interim,n/a,n/a,n/a,n/a,n/a,n/a,n/a,n/a,n/a,n/a,n/a,n/a,n/a,n/a,n/a,n/a,n/a,n/a,
460128,460-12-8,"1,3-BUTADIYNE",n/a,n/a,n/a,n/a,n/a,n/a,n/a,n/a,n/a,n/a,n/a,n/a,n/a,n/a,n/a,n/a,n/a,n/a,n/a,n/a,n/a,n/a,n/a,n/a,n/a,5.76E+00,
460253,460-25-3,"1,3-DIBROMO-1,1-DIFLUOROPROPANE ",n/a,n/a,n/a,n/a,n/a,n/a,n/a,n/a,n/a,n/a,n/a,n/a,n/a,n/a,n/a,n/a,n/a,n/a,n/a,n/a,n/a,n/a,n/a,n/a,5.50E-01,n/a,
460322,460-32-2,"3-BROMO-1,1,1-TRIFLUOROPROPANE ",n/a,n/a,n/a,n/a,n/a,n/a,n/a,n/a,n/a,n/a,n/a,n/a,n/a,n/a,n/a,n/a,n/a,n/a,n/a,n/a,n/a,n/a,n/a,n/a,2.90E+00,n/a,
460355,460-35-5,HCFC-253,n/a,n/a,n/a,n/a,n/a,n/a,n/a,n/a,n/a,n/a,n/a,n/a,n/a,n/a,n/a,n/a,n/a,n/a,n/a,n/a,n/a,n/a,n/a,n/a,1.65E-02,n/a,
460639,460-63-9,HCFC-242,n/a,n/a,n/a,n/a,n/a,n/a,n/a,n/a,n/a,n/a,n/a,n/a,n/a,n/a,n/a,n/a,n/a,n/a,n/a,n/a,n/a,n/a,n/a,n/a,6.75E-02,n/a,
460695,460-69-5,HCFC-243,n/a,n/a,n/a,n/a,n/a,n/a,n/a,n/a,n/a,n/a,n/a,n/a,n/a,n/a,n/a,n/a,n/a,n/a,n/a,n/a,n/a,n/a,n/a,n/a,6.35E-02,n/a,
460731,460-73-1,HFC-245fa,n/a,n/a,n/a,n/a,n/a,n/a,n/a,n/a,1.03E+03,n/a,n/a,n/a,n/a,n/a,n/a,n/a,n/a,n/a,n/a,n/a,n/a,n/a,n/a,n/a,n/a,7.52E-04,
460899,460-89-9,HCFC-232,n/a,n/a,n/a,n/a,n/a,n/a,n/a,n/a,n/a,n/a,n/a,n/a,n/a,n/a,n/a,n/a,n/a,n/a,n/a,n/a,n/a,n/a,n/a,n/a,5.40E-02,n/a,
460924,460-92-4,HCFC-235,n/a,n/a,n/a,n/a,n/a,n/a,n/a,n/a,n/a,n/a,n/a,n/a,n/a,n/a,n/a,n/a,n/a,n/a,n/a,n/a,n/a,n/a,n/a,n/a,2.75E-01,n/a,
462066,462-06-6,FLUOROBENZENE,n/a,7.61E-01,7.54E-01,6.08E+02,1.48E-01,9.56E+00,9.56E+00,Interim,n/a,n/a,n/a,n/a,n/a,n/a,n/a,n/a,n/a,n/a,n/a,n/a,n/a,n/a,n/a,n/a,n/a,n/a,
462088,462-08-8,3-AMINOPYRIDINE,n/a,1.14E+01,1.05E+01,1.39E+02,5.99E-05,3.36E+01,3.36E+01,Interim,n/a,n/a,n/a,n/a,n/a,n/a,n/a,n/a,n/a,n/a,n/a,n/a,n/a,n/a,n/a,n/a,n/a,n/a,
463490,463-49-0,"1,2-PROPADIENE (ALLENE)",n/a,n/a,n/a,n/a,n/a,n/a,n/a,n/a,n/a,n/a,n/a,n/a,n/a,n/a,n/a,n/a,n/a,n/a,n/a,n/a,n/a,n/a,n/a,n/a,n/a,8.45E+00,
463569,463-56-9,THIOCYANIC ACID,n/a,3.05E+01,3.04E+01,3.62E+02,8.52E-01,7.77E+01,7.77E+01,Interim,n/a,n/a,n/a,n/a,n/a,n/a,n/a,n/a,n/a,n/a,n/a,n/a,n/a,n/a,n/a,n/a,n/a,n/a,
463821,463-82-1,NEOPENTANE,n/a,n/a,n/a,n/a,n/a,n/a,n/a,n/a,n/a,n/a,n/a,n/a,n/a,n/a,n/a,n/a,n/a,n/a,n/a,n/a,n/a,n/a,n/a,n/a,n/a,6.72E-01,
464062,464-06-2,"2,2,3-TRIMETHYL BUTANE",n/a,n/a,n/a,n/a,n/a,n/a,n/a,n/a,n/a,n/a,n/a,n/a,n/a,n/a,n/a,n/a,n/a,n/a,n/a,n/a,n/a,n/a,n/a,n/a,n/a,1.11E+00,
464073,464-07-3,"3,3-DIMETHYL-2-BUTANOL",n/a,2.05E-01,2.07E-01,1.93E+01,8.28E-03,3.30E+00,3.30E+00,Recommended,n/a,n/a,n/a,n/a,n/a,n/a,n/a,n/a,n/a,n/a,n/a,n/a,n/a,n/a,n/a,n/a,n/a,n/a,
464459,464-45-9,BORNEOL,n/a,2.97E+00,2.89E+00,2.63E+02,1.17E-01,3.26E+01,3.26E+01,Interim,n/a,n/a,n/a,n/a,n/a,n/a,n/a,n/a,n/a,n/a,n/a,n/a,n/a,n/a,n/a,n/a,n/a,n/a,
464493,464-49-3,"(1R,4R)-(+)-CAMPHOR",n/a,3.94E-01,3.96E-01,6.58E+01,4.46E-02,5.30E+00,5.30E+00,Interim,n/a,n/a,n/a,n/a,n/a,n/a,n/a,n/a,n/a,n/a,n/a,n/a,n/a,n/a,n/a,n/a,n/a,n/a,
465736,465-73-6,ISODRIN,n/a,3.81E+03,1.25E+03,1.21E+06,2.06E+02,2.67E+03,2.67E+03,Interim,n/a,n/a,n/a,n/a,n/a,n/a,n/a,n/a,n/a,n/a,n/a,n/a,n/a,n/a,n/a,n/a,n/a,n/a,
469614,469-61-4,ALPHA-CEDRENE,n/a,1.21E+02,5.24E+01,1.31E+05,6.98E+00,1.50E+02,1.50E+02,Interim,n/a,n/a,n/a,n/a,n/a,n/a,n/a,n/a,n/a,n/a,n/a,n/a,n/a,n/a,n/a,n/a,n/a,n/a,
470826,470-82-6,"1,8-CINEOLE",n/a,3.05E-01,3.05E-01,6.88E+01,3.79E-02,3.51E+00,3.51E+00,Interim,n/a,n/a,n/a,n/a,n/a,n/a,n/a,n/a,n/a,n/a,n/a,n/a,n/a,n/a,n/a,n/a,n/a,n/a,
470906,470-90-6,CHLORFENVINPHOS,n/a,5.27E+03,3.13E+03,2.00E+05,3.91E-01,1.73E+04,1.73E+04,Recommended,n/a,n/a,1.13E-04,n/a,5.91E-05,n/a,1.17E-03,n/a,2.25E-05,n/a,1.02E-04,n/a,2.36E-04,n/a,Recommended,n/a,n/a,n/a,
471250,471-25-0,2-PROPYNOIC ACID,n/a,2.96E-01,2.80E-01,2.86E+00,2.29E-04,6.38E-01,6.38E-01,Interim,n/a,n/a,n/a,n/a,n/a,n/a,n/a,n/a,n/a,n/a,n/a,n/a,n/a,n/a,n/a,n/a,n/a,n/a,
473552,473-55-2,PINANE,n/a,2.09E-02,1.10E-02,1.43E+03,1.99E-03,3.39E+00,3.39E+00,Interim,n/a,n/a,n/a,n/a,n/a,n/a,n/a,n/a,n/a,n/a,n/a,n/a,n/a,n/a,n/a,n/a,n/a,n/a,
475207,475-20-7,LONGIFOLENE,n/a,4.55E-01,7.03E-02,8.02E+03,1.13E-02,5.71E+00,5.71E+00,Interim,n/a,n/a,n/a,n/a,n/a,n/a,n/a,n/a,n/a,n/a,n/a,n/a,n/a,n/a,n/a,n/a,n/a,n/a,
479276,479-27-6,"1,8-NAPHTHALENEDIAMINE",n/a,2.82E+01,5.19E+00,1.59E+03,1.79E-05,7.73E+00,7.73E+00,Interim,n/a,n/a,n/a,n/a,n/a,n/a,n/a,n/a,n/a,n/a,n/a,n/a,n/a,n/a,n/a,n/a,n/a,n/a,
480546,480-54-6,RETRORSINE,n/a,n/a,n/a,n/a,n/a,n/a,n/a,n/a,n/a,1.41E-04,n/a,1.14E-04,n/a,1.09E-04,n/a,2.05E-08,n/a,3.77E-05,n/a,5.01E-05,n/a,Recommended,n/a,n/a,n/a,n/a,
481390,481-39-0,"5-HYDROXY-1,4-NAPHTHOQUINONE",n/a,2.86E+03,1.67E+03,9.14E+04,3.29E-04,1.18E+03,1.18E+03,Interim,n/a,n/a,n/a,n/a,n/a,n/a,n/a,n/a,n/a,n/a,n/a,n/a,n/a,n/a,n/a,n/a,n/a,n/a,
481425,481-42-5,"1,4-NAPHTHALENEDIONE, 5-HYDROXY-2-METHYL-",n/a,3.52E+01,1.72E+01,1.40E+03,2.14E-04,1.12E+01,1.12E+01,Interim,n/a,n/a,n/a,n/a,n/a,n/a,n/a,n/a,n/a,n/a,n/a,n/a,n/a,n/a,n/a,n/a,n/a,n/a,
482893,482-89-3,"2-(1,3-DIHYDRO-3-OXO-2H-INDOL-2-YLIDENE)-1,2-DI*",n/a,2.92E+01,2.72E+01,2.14E+02,5.26E-08,3.09E+01,3.09E+01,Recommended,n/a,n/a,n/a,n/a,n/a,n/a,n/a,n/a,n/a,n/a,n/a,n/a,n/a,n/a,n/a,n/a,n/a,n/a,
483658,483-65-8,"PHENANTHRENE, 1-METHYL-7-(1-METHYLETHYL)-",n/a,5.35E+01,1.32E+01,1.11E+04,1.15E+00,3.05E+00,3.05E+00,Interim,n/a,n/a,n/a,n/a,n/a,n/a,n/a,n/a,n/a,n/a,n/a,n/a,n/a,n/a,n/a,n/a,n/a,n/a,
485314,485-31-4,BINAPACRYL,n/a,1.99E+03,7.16E+02,1.03E+05,4.26E-01,4.41E+02,4.41E+02,Recommended,n/a,n/a,n/a,n/a,n/a,n/a,n/a,n/a,n/a,n/a,n/a,n/a,n/a,n/a,n/a,n/a,n/a,n/a,
485494,485-49-4,BICUCULLINE,n/a,1.07E+03,5.26E+02,3.97E+04,2.83E-07,8.72E+01,8.72E+01,Interim,n/a,n/a,n/a,n/a,n/a,n/a,n/a,n/a,n/a,n/a,n/a,n/a,n/a,n/a,n/a,n/a,n/a,n/a,
486259,486-25-9,FLUORENONE,n/a,5.90E+01,4.81E+01,2.73E+03,2.53E-01,2.01E+01,2.01E+01,Interim,n/a,n/a,n/a,n/a,n/a,n/a,n/a,n/a,n/a,n/a,n/a,n/a,n/a,n/a,n/a,n/a,n/a,n/a,
488233,488-23-3,"1,2,3,4-TETRAMETHYL BENZENE",n/a,n/a,n/a,n/a,n/a,n/a,n/a,n/a,n/a,n/a,n/a,n/a,n/a,n/a,n/a,n/a,n/a,n/a,n/a,n/a,n/a,n/a,n/a,n/a,n/a,9.26E+00,
492228,492-22-8,9H-THIOXANTHEN-9-ONE,n/a,4.18E+03,2.03E+03,1.74E+05,7.01E-01,1.69E+03,1.69E+03,Interim,n/a,n/a,n/a,n/a,n/a,n/a,n/a,n/a,n/a,n/a,n/a,n/a,n/a,n/a,n/a,n/a,n/a,n/a,
492375,492-37-5,ALPHA-PHENYLPROPIONIC ACID,n/a,2.25E+00,1.92E+00,3.57E+01,8.78E-04,3.77E+00,3.77E+00,Interim,n/a,n/a,n/a,n/a,n/a,n/a,n/a,n/a,n/a,n/a,n/a,n/a,n/a,n/a,n/a,n/a,n/a,n/a,
493094,493-09-4,"1,4-BENZODIOXAN",n/a,1.68E+00,1.62E+00,3.40E+02,4.07E-02,2.35E+01,2.35E+01,Interim,n/a,n/a,n/a,n/a,n/a,n/a,n/a,n/a,n/a,n/a,n/a,n/a,n/a,n/a,n/a,n/a,n/a,n/a,
494995,494-99-5,"BENZENE, 1,2-DIMETHOXY-4-METHYL-",n/a,2.34E-02,2.30E-02,1.02E+01,1.47E-03,1.02E+00,1.02E+00,Interim,n/a,n/a,n/a,n/a,n/a,n/a,n/a,n/a,n/a,n/a,n/a,n/a,n/a,n/a,n/a,n/a,n/a,n/a,
495545,495-54-5,"2,4-DIAMINOAZOBENZENE",n/a,8.46E+03,6.63E+03,1.37E+05,3.62E-17,4.56E+03,4.56E+03,Interim,n/a,n/a,n/a,n/a,n/a,n/a,n/a,n/a,n/a,n/a,n/a,n/a,n/a,n/a,n/a,n/a,n/a,n/a,
496106,496-10-6,CIS-HYDRINDANE; BICYCLO[4.3.0]NONANE,n/a,n/a,n/a,n/a,n/a,n/a,n/a,n/a,n/a,n/a,n/a,n/a,n/a,n/a,n/a,n/a,n/a,n/a,n/a,n/a,n/a,n/a,n/a,n/a,n/a,1.31E+00,
496117,496-11-7,INDAN,n/a,1.07E+00,1.03E+00,2.88E+02,7.34E-02,2.32E+00,2.32E+00,Interim,n/a,n/a,n/a,n/a,n/a,n/a,n/a,n/a,n/a,n/a,n/a,n/a,n/a,n/a,n/a,n/a,n/a,3.32E+00,
496162,496-16-2,"2,3-DIHYDROBENZOFURAN",n/a,1.64E-01,1.61E-01,7.77E+01,8.23E-03,2.39E+00,2.39E+00,Interim,n/a,n/a,n/a,n/a,n/a,n/a,n/a,n/a,n/a,n/a,n/a,n/a,n/a,n/a,n/a,n/a,n/a,n/a,
497370,497-37-0,EXO-NORBORNEOL,n/a,5.56E+00,4.94E+00,8.15E+01,1.51E-03,1.42E+01,1.42E+01,Interim,n/a,n/a,n/a,n/a,n/a,n/a,n/a,n/a,n/a,n/a,n/a,n/a,n/a,n/a,n/a,n/a,n/a,n/a,
498668,498-66-8,"BICYCLO[2,2,1]-2-HEPTENE",n/a,3.18E-03,1.00E-03,3.94E+02,9.37E-05,1.10E+00,1.10E+00,Interim,n/a,n/a,n/a,n/a,n/a,n/a,n/a,n/a,n/a,n/a,n/a,n/a,n/a,n/a,n/a,n/a,n/a,n/a,
499832,499-83-2,"PYRIDINE-2,6-DICARBOXYLIC ACID",n/a,7.54E+00,6.94E+00,5.83E+01,1.63E-07,7.43E+00,7.43E+00,Interim,n/a,n/a,n/a,n/a,n/a,n/a,n/a,n/a,n/a,n/a,n/a,n/a,n/a,n/a,n/a,n/a,n/a,n/a,
500221,500-22-1,3-FORMYLPYRIDINE,n/a,2.97E+01,2.74E+01,3.96E+02,7.54E-03,1.01E+02,1.01E+02,Interim,n/a,n/a,n/a,n/a,n/a,n/a,n/a,n/a,n/a,n/a,n/a,n/a,n/a,n/a,n/a,n/a,n/a,n/a,
500287,500-28-7,3-CHLORO-DIMETHYL PARATHION,n/a,9.17E+02,3.24E+02,4.74E+04,3.88E-02,7.65E+02,7.65E+02,Interim,n/a,n/a,n/a,n/a,n/a,n/a,n/a,n/a,n/a,n/a,n/a,n/a,n/a,n/a,n/a,n/a,n/a,n/a,
500992,500-99-2,"3,5-DIMETHOXYPHENOL",n/a,7.75E+00,2.18E+00,5.89E+02,5.99E-04,4.51E+01,4.51E+01,Interim,n/a,n/a,n/a,n/a,n/a,n/a,n/a,n/a,n/a,n/a,n/a,n/a,n/a,n/a,n/a,n/a,n/a,n/a,
501304,501-30-4,"4H-PYRAN-4-ONE, 5-HYDROXY-2-(HYDROXYMETHYL)-",n/a,n/a,n/a,n/a,n/a,n/a,n/a,n/a,n/a,7.51E-08,n/a,1.83E-08,n/a,1.21E-07,n/a,2.05E-11,n/a,2.88E-08,n/a,4.38E-08,n/a,Recommended,n/a,n/a,n/a,n/a,
501520,501-52-0,BETA-PHENYLPROPIONIC ACID,n/a,4.56E+00,3.94E+00,6.23E+01,5.79E-04,6.34E+00,6.34E+00,Interim,n/a,n/a,n/a,n/a,n/a,n/a,n/a,n/a,n/a,n/a,n/a,n/a,n/a,n/a,n/a,n/a,n/a,n/a,
502396,502-39-6,METHYLMERCURY DICYANDIAMIDE,n/a,6.64E+04,6.36E+04,4.86E+05,2.29E-01,1.23E+05,1.23E+05,Interim,n/a,n/a,n/a,n/a,n/a,n/a,n/a,n/a,n/a,n/a,n/a,n/a,n/a,n/a,n/a,n/a,n/a,n/a,
502567,502-56-7,5-NONANONE,n/a,2.56E-01,2.53E-01,1.35E+02,1.11E-02,3.60E+00,3.60E+00,Interim,n/a,n/a,n/a,n/a,n/a,n/a,n/a,n/a,n/a,n/a,n/a,n/a,n/a,n/a,n/a,n/a,n/a,n/a,
502692,502-69-2,"2-PENTADECANONE, 6,10,14-TRIMETHYL-",n/a,3.49E-03,8.36E-04,7.35E+01,8.43E-05,6.05E-02,6.05E-02,Recommended,n/a,n/a,n/a,n/a,n/a,n/a,n/a,n/a,n/a,n/a,n/a,n/a,n/a,n/a,n/a,n/a,n/a,n/a,
503173,503-17-3,2-BUTYNE,n/a,n/a,n/a,n/a,n/a,n/a,n/a,n/a,n/a,n/a,n/a,n/a,n/a,n/a,n/a,n/a,n/a,n/a,n/a,n/a,n/a,n/a,n/a,n/a,n/a,1.63E+01,
503300,503-30-0,TRIMETHYLENE OXIDE,n/a,n/a,n/a,n/a,n/a,n/a,n/a,n/a,n/a,n/a,n/a,n/a,n/a,n/a,n/a,n/a,n/a,n/a,n/a,n/a,n/a,n/a,n/a,n/a,n/a,4.56E+00,
503742,503-74-2,ISOVALERIC ACID,n/a,4.33E-01,4.02E-01,5.77E+00,3.63E-04,1.12E+00,1.12E+00,Interim,n/a,n/a,n/a,n/a,n/a,n/a,n/a,n/a,n/a,n/a,n/a,n/a,n/a,n/a,n/a,n/a,n/a,4.23E+00,
504201,504-20-1,PHORONE,n/a,8.02E-02,8.28E-02,9.45E+01,4.95E-03,5.35E+00,5.35E+00,Interim,n/a,n/a,n/a,n/a,n/a,n/a,n/a,n/a,n/a,n/a,n/a,n/a,n/a,n/a,n/a,n/a,n/a,n/a,
504245,504-24-5,4-AMINOPYRIDINE,n/a,2.11E+02,1.95E+02,2.56E+03,4.53E-04,6.22E+02,6.22E+02,Interim,n/a,n/a,n/a,n/a,n/a,n/a,n/a,n/a,n/a,n/a,n/a,n/a,n/a,n/a,n/a,n/a,n/a,n/a,
504290,504-29-0,2-AMINOPYRIDINE,n/a,5.50E+01,5.07E+01,6.85E+02,3.10E-03,1.65E+02,1.65E+02,Interim,n/a,n/a,n/a,n/a,n/a,n/a,n/a,n/a,n/a,n/a,n/a,n/a,n/a,n/a,n/a,n/a,n/a,n/a,
504632,504-63-2,"1,3-PROPANEDIOL",n/a,1.87E-01,1.79E-01,1.47E+00,9.66E-07,3.77E-01,3.77E-01,Interim,n/a,n/a,n/a,n/a,n/a,n/a,n/a,n/a,n/a,n/a,n/a,n/a,n/a,n/a,n/a,n/a,n/a,n/a,
505293,505-29-3,"1,4-DITHIANE",n/a,8.06E-01,7.89E-01,3.19E+02,3.19E-02,1.19E+01,1.19E+01,Interim,n/a,n/a,2.11E-07,n/a,5.24E-09,n/a,1.53E-07,n/a,3.02E-10,n/a,6.78E-09,n/a,1.43E-08,n/a,Recommended,n/a,n/a,n/a,
505328,505-32-8,ISOPHYTOL,n/a,2.80E-03,8.18E-04,7.93E+00,3.84E-05,6.39E-03,6.39E-03,Recommended,n/a,n/a,n/a,n/a,n/a,n/a,n/a,n/a,n/a,n/a,n/a,n/a,n/a,n/a,n/a,n/a,n/a,n/a,
505657,505-65-7,"1,3-DIOXEPANE",n/a,8.02E-02,8.28E-02,2.39E+01,4.13E-03,4.01E+00,4.01E+00,Recommended,n/a,n/a,n/a,n/a,n/a,n/a,n/a,n/a,n/a,n/a,n/a,n/a,n/a,n/a,n/a,n/a,n/a,n/a,
506934,506-93-4,"GUANIDINE, MONONITRATE",n/a,2.00E+00,1.62E+00,4.56E+01,6.22E-11,7.83E+00,7.83E+00,Recommended,n/a,n/a,n/a,n/a,n/a,n/a,n/a,n/a,n/a,n/a,n/a,n/a,n/a,n/a,n/a,n/a,n/a,n/a,
506967,506-96-7,ACETYL BROMIDE,n/a,6.80E+00,6.79E+00,1.48E+02,3.92E-01,2.97E+01,2.97E+01,Interim,n/a,n/a,n/a,n/a,n/a,n/a,n/a,n/a,n/a,n/a,n/a,n/a,n/a,n/a,n/a,n/a,n/a,n/a,
507551,507-55-1,HCFC-225cb,n/a,n/a,n/a,n/a,n/a,n/a,n/a,n/a,5.95E+02,n/a,n/a,n/a,n/a,n/a,n/a,n/a,n/a,n/a,n/a,n/a,n/a,n/a,n/a,n/a,3.00E-02,1.06E-03,
508327,508-32-7,TRICYCLENE,n/a,2.46E-01,2.11E-01,3.42E+03,3.85E-02,1.15E+01,1.15E+01,Interim,n/a,n/a,n/a,n/a,n/a,n/a,n/a,n/a,n/a,n/a,n/a,n/a,n/a,n/a,n/a,n/a,n/a,n/a,
509148,509-14-8,TETRANITROMETHANE,n/a,n/a,n/a,n/a,n/a,n/a,n/a,n/a,n/a,8.95E-05,n/a,2.75E-05,n/a,5.65E-05,n/a,3.85E-06,n/a,1.10E-05,n/a,1.22E-05,n/a,Interim,n/a,n/a,n/a,n/a,
510156,510-15-6,CHLOROBENZILATE,n/a,8.60E+02,5.87E+02,2.01E+04,1.89E-01,3.14E+02,3.14E+02,Recommended,n/a,2.38E-06,6.96E-06,1.81E-06,5.30E-06,1.22E-05,3.57E-05,2.64E-07,7.71E-07,1.97E-07,5.76E-07,1.22E-06,3.55E-06,Recommended,Recommended,n/a,n/a,n/a,
512561,512-56-1,TRIMETHYL PHOSPHATE,n/a,3.57E-01,3.39E-01,2.68E+00,4.11E-06,6.22E-01,6.22E-01,Interim,n/a,2.61E-07,n/a,1.29E-07,n/a,2.39E-07,n/a,6.44E-11,n/a,5.63E-08,n/a,8.48E-08,n/a,Recommended,n/a,n/a,n/a,n/a,
513359,513-35-9,2-METHYL-2-BUTENE,n/a,n/a,n/a,n/a,n/a,n/a,n/a,n/a,n/a,n/a,n/a,n/a,n/a,n/a,n/a,n/a,n/a,n/a,n/a,n/a,n/a,n/a,n/a,n/a,n/a,1.41E+01,
513371,513-37-1,1-CHLORO-2-METHYLPROPENE,n/a,n/a,n/a,n/a,n/a,n/a,n/a,n/a,n/a,3.25E-06,n/a,1.38E-07,n/a,1.59E-06,n/a,4.69E-08,n/a,1.39E-07,n/a,2.65E-07,n/a,Recommended,n/a,n/a,n/a,n/a,
513484,513-48-4,2-IODOBUTANE,n/a,6.63E-02,6.41E-02,4.11E+02,5.17E-03,5.16E+00,5.16E+00,Interim,n/a,n/a,n/a,n/a,n/a,n/a,n/a,n/a,n/a,n/a,n/a,n/a,n/a,n/a,n/a,n/a,n/a,n/a,
513815,513-81-5,"2,3-DIMETHYL-1,3-BUTADIENE",n/a,2.96E-03,9.57E-04,5.55E+02,9.24E-05,3.01E+00,3.01E+00,Interim,n/a,n/a,n/a,n/a,n/a,n/a,n/a,n/a,n/a,n/a,n/a,n/a,n/a,n/a,n/a,n/a,n/a,n/a,
514103,514-10-3,ABIETIC ACID,n/a,1.82E+02,7.00E+01,8.51E+03,4.50E-04,8.54E+00,8.54E+00,Interim,n/a,n/a,n/a,n/a,n/a,n/a,n/a,n/a,n/a,n/a,n/a,n/a,n/a,n/a,n/a,n/a,n/a,n/a,
517282,517-28-2,HEMATOXYLIN,n/a,n/a,n/a,n/a,n/a,n/a,n/a,n/a,n/a,8.77E-08,n/a,6.30E-08,n/a,8.68E-08,n/a,1.92E-11,n/a,4.00E-10,n/a,6.51E-10,n/a,Recommended,n/a,n/a,n/a,n/a,
518478,518-47-8,FLUORESCEIN SODIUM,n/a,4.30E-01,2.67E-01,1.13E+01,1.46E-19,5.14E-03,5.14E-03,Interim,n/a,n/a,n/a,n/a,n/a,n/a,n/a,n/a,n/a,n/a,n/a,n/a,n/a,n/a,n/a,n/a,n/a,n/a,
518752,518-75-2,CITRININ,n/a,1.62E+05,1.51E+05,1.79E+06,1.60E-06,4.25E+05,4.25E+05,Interim,n/a,5.40E-06,n/a,2.14E-06,n/a,6.12E-06,n/a,3.57E-09,n/a,1.45E-06,n/a,2.54E-06,n/a,Interim,n/a,n/a,n/a,n/a,
523444,523-44-4,"C,I, ACID ORANGE 20",n/a,1.54E+00,1.01E+00,3.67E+01,2.36E-20,2.01E-01,2.01E-01,Interim,n/a,n/a,n/a,n/a,n/a,n/a,n/a,n/a,n/a,n/a,n/a,n/a,n/a,n/a,n/a,n/a,n/a,n/a,
524425,524-42-5,"1,2-NAPHTHALENEDIONE",n/a,1.90E+03,1.78E+03,1.88E+04,5.89E-02,4.40E+03,4.40E+03,Interim,n/a,n/a,n/a,n/a,n/a,n/a,n/a,n/a,n/a,n/a,n/a,n/a,n/a,n/a,n/a,n/a,n/a,n/a,
525826,525-82-6,FLAVONE,n/a,1.92E+02,6.61E+01,1.07E+04,3.05E-02,1.50E+02,1.50E+02,Interim,n/a,n/a,n/a,n/a,n/a,n/a,n/a,n/a,n/a,n/a,n/a,n/a,n/a,n/a,n/a,n/a,n/a,n/a,
526738,526-73-8,"1,2,3-TRIMETHYL BENZENE",n/a,n/a,n/a,n/a,n/a,n/a,n/a,n/a,n/a,n/a,n/a,n/a,n/a,n/a,n/a,n/a,n/a,n/a,n/a,n/a,n/a,n/a,n/a,n/a,n/a,1.20E+01,
526750,526-75-0,"2,3-DIMETHYLPHENOL",n/a,1.49E+01,4.32E+00,1.47E+03,5.54E-03,2.19E+01,2.19E+01,Recommended,n/a,n/a,n/a,n/a,n/a,n/a,n/a,n/a,n/a,n/a,n/a,n/a,n/a,n/a,n/a,n/a,n/a,2.12E+00,
527208,527-20-8,PENTACHLOROANILINE,n/a,1.35E+04,9.87E+03,3.22E+05,8.44E+01,9.36E+02,9.36E+02,Interim,n/a,n/a,n/a,n/a,n/a,n/a,n/a,n/a,n/a,n/a,n/a,n/a,n/a,n/a,n/a,n/a,n/a,n/a,
527537,527-53-7,"1,2,3,5-TETRAMETHYL BENZENE",n/a,n/a,n/a,n/a,n/a,n/a,n/a,n/a,n/a,n/a,n/a,n/a,n/a,n/a,n/a,n/a,n/a,n/a,n/a,n/a,n/a,n/a,n/a,n/a,n/a,9.26E+00,
527606,527-60-6,"2,4,6-TRIMETHYLPHENOL",n/a,1.21E+01,7.95E+00,1.13E+03,7.75E-02,2.51E+01,2.51E+01,Recommended,n/a,n/a,n/a,n/a,n/a,n/a,n/a,n/a,n/a,n/a,n/a,n/a,n/a,n/a,n/a,n/a,n/a,n/a,
527844,527-84-4,O-CYMENE; 1-METHYL-2-(1-METHYLETHYL) BENZENE,n/a,n/a,n/a,n/a,n/a,n/a,n/a,n/a,n/a,n/a,n/a,n/a,n/a,n/a,n/a,n/a,n/a,n/a,n/a,n/a,n/a,n/a,n/a,n/a,n/a,5.49E+00,
528290,528-29-0,O-DINITROBENZENE,n/a,1.35E+03,1.14E+03,1.63E+04,2.24E-01,8.04E+02,8.04E+02,Interim,n/a,n/a,n/a,n/a,n/a,n/a,n/a,n/a,n/a,n/a,n/a,n/a,n/a,n/a,n/a,n/a,n/a,n/a,
529691,529-69-1,"2-AMINO-4,7(3H,8H)-PTERIDINEDIONE",n/a,3.78E+02,2.56E+02,1.32E+04,4.95E-06,1.97E+03,1.97E+03,Interim,n/a,n/a,n/a,n/a,n/a,n/a,n/a,n/a,n/a,n/a,n/a,n/a,n/a,n/a,n/a,n/a,n/a,n/a,
531180,531-18-0,"METHANOL, (1,3,5-TRIAZINE-2,4,6-TRIYLTRINITRILO)",n/a,n/a,n/a,n/a,n/a,n/a,n/a,n/a,n/a,5.67E-06,n/a,3.36E-06,n/a,9.19E-06,n/a,1.71E-09,n/a,3.18E-06,n/a,3.90E-06,n/a,Interim,n/a,n/a,n/a,n/a,
531828,531-82-8,FUROTHIAZOLE,n/a,n/a,n/a,n/a,n/a,n/a,n/a,n/a,n/a,3.51E-06,n/a,2.14E-06,n/a,5.26E-06,n/a,2.43E-09,n/a,1.68E-07,n/a,3.31E-07,n/a,Recommended,n/a,n/a,n/a,n/a,
531851,531-85-1,BENZIDINE DIHYDROCHLORIDE,n/a,n/a,n/a,n/a,n/a,n/a,n/a,n/a,n/a,1.95E-06,n/a,4.18E-07,n/a,8.18E-06,n/a,5.26E-09,n/a,5.64E-08,n/a,1.03E-07,n/a,Recommended,n/a,n/a,n/a,n/a,
532025,532-02-5,"2-NAPHTHALENESULFONIC ACID, SODIUM SALT",n/a,1.15E+01,9.73E+00,1.39E+02,1.51E-15,8.55E+00,8.55E+00,Interim,n/a,n/a,n/a,n/a,n/a,n/a,n/a,n/a,n/a,n/a,n/a,n/a,n/a,n/a,n/a,n/a,n/a,n/a,
532274,532-27-4,2-CHLOROACETOPHENONE,n/a,2.38E+03,2.19E+03,3.17E+04,7.72E+00,4.03E+03,4.03E+03,Interim,n/a,n/a,9.76E-04,n/a,4.51E-04,n/a,1.78E-03,n/a,4.51E-06,n/a,2.71E-04,n/a,3.85E-04,n/a,Interim,n/a,n/a,n/a,
532321,532-32-1,"BENZOIC ACID, SODIUM SALT",n/a,2.46E+01,2.35E+01,1.46E+02,4.92E-11,2.89E+01,2.89E+01,Interim,n/a,n/a,n/a,n/a,n/a,n/a,n/a,n/a,n/a,n/a,n/a,n/a,n/a,n/a,n/a,n/a,n/a,n/a,
532558,532-55-8,BENZOYL ISOTHIOCYANATE,n/a,4.87E+02,3.54E+02,9.70E+03,8.29E-02,1.16E+02,1.16E+02,Interim,n/a,n/a,n/a,n/a,n/a,n/a,n/a,n/a,n/a,n/a,n/a,n/a,n/a,n/a,n/a,n/a,n/a,n/a,
533233,533-23-3,"2,4-D, ETHYL ESTER",n/a,3.90E+02,3.54E+02,1.52E+04,3.49E+00,1.04E+03,1.04E+03,Interim,n/a,n/a,n/a,n/a,n/a,n/a,n/a,n/a,n/a,n/a,n/a,n/a,n/a,n/a,n/a,n/a,n/a,n/a,
533313,533-31-3,"1,3-BENZODIOXOL-5-OL",n/a,n/a,n/a,n/a,n/a,n/a,n/a,n/a,n/a,1.27E-08,n/a,1.11E-09,n/a,3.39E-08,n/a,2.39E-11,n/a,3.71E-09,n/a,7.59E-09,n/a,Interim,n/a,n/a,n/a,n/a,
533744,533-74-4,DMTT (DAZOMET),n/a,1.23E+03,1.11E+03,4.23E+04,2.07E-03,1.46E+04,1.46E+04,Recommended,n/a,n/a,n/a,n/a,n/a,n/a,n/a,n/a,n/a,n/a,n/a,n/a,n/a,n/a,n/a,n/a,n/a,n/a,
534134,534-13-4,"N,N-DIMETHYLTHIOUREA",n/a,2.45E+01,1.57E+01,1.13E+03,2.93E-03,2.40E+02,2.40E+02,Interim,n/a,n/a,n/a,n/a,n/a,n/a,n/a,n/a,n/a,n/a,n/a,n/a,n/a,n/a,n/a,n/a,n/a,n/a,
534225,534-22-5,2-METHYLFURAN,n/a,2.71E-04,1.95E-04,6.56E+00,1.87E-05,8.01E-02,8.01E-02,Interim,n/a,n/a,n/a,n/a,n/a,n/a,n/a,n/a,n/a,n/a,n/a,n/a,n/a,n/a,n/a,n/a,n/a,8.30E+00,
534521,534-52-1,"4,6-DINITRO-O-CRESOL",n/a,2.46E+03,2.29E+03,3.29E+04,1.08E+01,2.17E+03,2.17E+03,Interim,n/a,n/a,n/a,n/a,n/a,n/a,n/a,n/a,n/a,n/a,n/a,n/a,n/a,n/a,n/a,n/a,n/a,n/a,
535773,535-77-3,M-CYMENE; 1-METHYL-3-(1-METHYLETHYL) BENZENE,n/a,n/a,n/a,n/a,n/a,n/a,n/a,n/a,n/a,n/a,n/a,n/a,n/a,n/a,n/a,n/a,n/a,n/a,n/a,n/a,n/a,n/a,n/a,n/a,n/a,7.10E+00,
535808,535-80-8,M-CHLOROBENZOIC ACID,n/a,1.41E+02,1.37E+02,6.68E+02,6.94E-02,1.76E+02,1.76E+02,Interim,n/a,n/a,n/a,n/a,n/a,n/a,n/a,n/a,n/a,n/a,n/a,n/a,n/a,n/a,n/a,n/a,n/a,n/a,
536334,536-33-4,ETHIONAMIDE,n/a,n/a,n/a,n/a,n/a,n/a,n/a,n/a,n/a,1.20E-06,n/a,6.01E-07,n/a,2.41E-06,n/a,7.90E-10,n/a,1.46E-07,n/a,2.71E-07,n/a,Recommended,n/a,n/a,n/a,n/a,
536607,536-60-7,"BENZENEMETHANOL, 4-(1-METHYLETHYL)-",n/a,6.51E+00,4.80E+00,1.81E+02,2.91E-03,1.11E+01,1.11E+01,Interim,n/a,n/a,n/a,n/a,n/a,n/a,n/a,n/a,n/a,n/a,n/a,n/a,n/a,n/a,n/a,n/a,n/a,n/a,
536754,536-75-4,4-ETHYLPYRIDINE,n/a,3.91E+00,3.82E+00,9.29E+01,1.16E-01,6.40E+00,6.40E+00,Interim,n/a,n/a,n/a,n/a,n/a,n/a,n/a,n/a,n/a,n/a,n/a,n/a,n/a,n/a,n/a,n/a,n/a,n/a,
536903,536-90-3,M-METHOXYANILINE,n/a,1.31E+03,5.38E+02,2.03E+05,1.69E+00,3.63E+04,3.63E+04,Interim,n/a,n/a,n/a,n/a,n/a,n/a,n/a,n/a,n/a,n/a,n/a,n/a,n/a,n/a,n/a,n/a,n/a,n/a,
538238,538-23-8,TRIOCTONOIN,n/a,n/a,n/a,n/a,n/a,n/a,n/a,n/a,n/a,6.46E-09,n/a,2.08E-09,n/a,1.62E-09,n/a,7.04E-11,n/a,1.36E-10,n/a,1.90E-10,n/a,Recommended,n/a,n/a,n/a,n/a,
538681,538-68-1,PENTYLBENZENE,n/a,1.60E-01,8.00E-02,2.48E+03,6.71E-03,3.00E+00,3.00E+00,Interim,n/a,n/a,n/a,n/a,n/a,n/a,n/a,n/a,n/a,n/a,n/a,n/a,n/a,n/a,n/a,n/a,n/a,2.12E+00,
540238,540-23-8,P-TOLUIDINE HYDROCHLORIDE,n/a,n/a,n/a,n/a,n/a,n/a,n/a,n/a,n/a,4.11E-07,n/a,8.36E-09,n/a,8.61E-07,n/a,5.60E-10,n/a,5.96E-08,n/a,1.05E-07,n/a,Recommended,n/a,n/a,n/a,n/a,
540385,540-38-5,4-IODOPHENOL,n/a,2.25E+01,1.72E+01,1.09E+03,8.49E-02,5.84E+01,5.84E+01,Interim,n/a,n/a,n/a,n/a,n/a,n/a,n/a,n/a,n/a,n/a,n/a,n/a,n/a,n/a,n/a,n/a,n/a,n/a,
540512,540-51-2,2-BROMOETHANOL,n/a,n/a,n/a,n/a,n/a,n/a,n/a,n/a,n/a,1.12E-06,n/a,5.12E-07,n/a,1.04E-06,n/a,3.93E-10,n/a,3.51E-07,n/a,5.06E-07,n/a,Interim,n/a,n/a,n/a,n/a,
540590,540-59-0,"1,2-DICHLOROETHYLENE",n/a,2.29E-02,2.28E-02,2.97E+01,4.41E-03,1.25E+00,1.25E+00,Interim,n/a,n/a,n/a,n/a,n/a,n/a,n/a,n/a,n/a,n/a,n/a,n/a,n/a,n/a,n/a,n/a,n/a,n/a,
540841,540-84-1,"2,2,4-TRIMETHYL PENTANE",n/a,n/a,n/a,n/a,n/a,n/a,n/a,n/a,n/a,n/a,n/a,n/a,n/a,n/a,n/a,n/a,n/a,n/a,n/a,n/a,n/a,n/a,n/a,n/a,n/a,1.26E+00,
540885,540-88-5,T-BUTYL ACETATE,n/a,3.97E-02,3.96E-02,4.38E+00,3.37E-03,3.49E-01,3.49E-01,Recommended,n/a,n/a,n/a,n/a,n/a,n/a,n/a,n/a,n/a,n/a,n/a,n/a,n/a,n/a,n/a,n/a,n/a,1.80E-01,
541286,541-28-6,"BUTANE, 1-IODO-3-METHYL-",n/a,3.10E-02,2.82E-02,5.08E+02,2.24E-03,3.88E+00,3.88E+00,Interim,n/a,n/a,n/a,n/a,n/a,n/a,n/a,n/a,n/a,n/a,n/a,n/a,n/a,n/a,n/a,n/a,n/a,n/a,
541731,541-73-1,"1,3-DICHLOROBENZENE",n/a,1.24E+00,1.23E+00,4.99E+02,2.19E-01,8.95E+00,8.95E+00,Recommended,n/a,n/a,n/a,n/a,n/a,n/a,n/a,n/a,n/a,n/a,n/a,n/a,n/a,n/a,n/a,n/a,n/a,n/a,
541855,541-85-5,ETHYL AMYLKETONE,n/a,8.14E-02,8.17E-02,5.75E+01,6.39E-03,3.10E+00,3.10E+00,Interim,n/a,n/a,n/a,n/a,n/a,n/a,n/a,n/a,n/a,n/a,n/a,n/a,n/a,n/a,n/a,n/a,n/a,n/a,
542187,542-18-7,CHLOROCYCLOHEXANE,n/a,6.78E-01,6.50E-01,1.05E+03,5.65E-02,1.36E+01,1.36E+01,Interim,n/a,n/a,n/a,n/a,n/a,n/a,n/a,n/a,n/a,n/a,n/a,n/a,n/a,n/a,n/a,n/a,n/a,n/a,
542563,542-56-3,"NITROUS ACID, 2-METHYLPROPYL ESTER",n/a,n/a,n/a,n/a,n/a,n/a,n/a,n/a,n/a,6.04E-07,n/a,9.64E-08,n/a,2.76E-07,n/a,1.09E-08,n/a,8.01E-08,n/a,8.80E-08,n/a,Interim,n/a,n/a,n/a,n/a,
542596,542-59-6,"1,2-ETHANEDIOL, MONOACETATE",n/a,8.18E+00,7.88E+00,5.34E+01,1.79E-04,1.36E+01,1.36E+01,Interim,n/a,n/a,n/a,n/a,n/a,n/a,n/a,n/a,n/a,n/a,n/a,n/a,n/a,n/a,n/a,n/a,n/a,n/a,
542756,542-75-6,"1,3-DICHLOROPROPENE",n/a,3.70E-01,3.63E-01,1.98E+03,6.78E-02,7.20E+01,7.20E+01,Recommended,n/a,1.00E-06,2.55E-04,5.36E-08,1.36E-05,4.84E-07,1.28E-05,1.64E-08,2.51E-06,6.00E-08,1.12E-05,1.24E-07,1.13E-05,Recommended,Recommended,n/a,n/a,n/a,
542858,542-85-8,ETHYL ISOTHIOCYANATE,n/a,1.83E+02,1.83E+02,9.74E+03,1.39E+01,9.83E+02,9.83E+02,Interim,n/a,n/a,n/a,n/a,n/a,n/a,n/a,n/a,n/a,n/a,n/a,n/a,n/a,n/a,n/a,n/a,n/a,n/a,
542881,542-88-1,BIS-(CHLOROMETHYL) ETHER,n/a,n/a,n/a,n/a,n/a,n/a,n/a,n/a,n/a,1.13E-02,n/a,3.54E-03,n/a,6.28E-03,n/a,6.63E-04,n/a,3.27E-03,n/a,3.70E-03,n/a,Interim,n/a,n/a,n/a,n/a,
542927,542-92-7,CYCLOPENTADIENE,n/a,n/a,n/a,n/a,n/a,n/a,n/a,n/a,n/a,n/a,n/a,n/a,n/a,n/a,n/a,n/a,n/a,n/a,n/a,n/a,n/a,n/a,n/a,n/a,n/a,6.98E+00,
544252,544-25-2,CYCLOHEPTATRIENE,n/a,6.35E-03,3.62E-03,1.59E+02,3.37E-04,1.40E+00,1.40E+00,Interim,n/a,n/a,n/a,n/a,n/a,n/a,n/a,n/a,n/a,n/a,n/a,n/a,n/a,n/a,n/a,n/a,n/a,n/a,
544763,544-76-3,N-C16,n/a,n/a,n/a,n/a,n/a,n/a,n/a,n/a,n/a,n/a,n/a,n/a,n/a,n/a,n/a,n/a,n/a,n/a,n/a,n/a,n/a,n/a,n/a,n/a,n/a,4.48E-01,
544774,544-77-4,1-IODOHEXADECANE,n/a,6.45E-01,6.53E-02,8.06E+03,3.02E-03,1.62E+00,1.62E+00,Interim,n/a,n/a,n/a,n/a,n/a,n/a,n/a,n/a,n/a,n/a,n/a,n/a,n/a,n/a,n/a,n/a,n/a,n/a,
547637,547-63-7,METHYL ISOBUTYRATE,n/a,n/a,n/a,n/a,n/a,n/a,n/a,n/a,n/a,n/a,n/a,n/a,n/a,n/a,n/a,n/a,n/a,n/a,n/a,n/a,n/a,n/a,n/a,n/a,n/a,6.15E-01,
547648,547-64-8,"2-HYDROXYPROPANOIC ACID, METHYL ESTER",n/a,2.24E+00,2.15E+00,1.49E+01,5.83E-04,3.63E+00,3.63E+00,Interim,n/a,n/a,n/a,n/a,n/a,n/a,n/a,n/a,n/a,n/a,n/a,n/a,n/a,n/a,n/a,n/a,n/a,2.67E+00,
548629,548-62-9,CRYSTAL VIOLET (BASIC VIOLET 3),n/a,9.74E+02,5.98E+02,2.59E+04,2.28E-11,4.92E+00,4.92E+00,Interim,n/a,2.23E-06,n/a,1.79E-06,n/a,1.73E-07,n/a,4.50E-10,n/a,3.28E-11,n/a,1.01E-10,n/a,Recommended,n/a,n/a,n/a,n/a,
551768,551-76-8,"2,4,6-TRICHLORO-3-METHYLPHENOL",n/a,1.93E+02,1.82E+02,4.28E+03,6.10E+00,5.78E+01,5.78E+01,Interim,n/a,n/a,n/a,n/a,n/a,n/a,n/a,n/a,n/a,n/a,n/a,n/a,n/a,n/a,n/a,n/a,n/a,n/a,
551928,551-92-8,"1,2-DIMETHYL-5-NITRO-1H-IMIDAZOLE",n/a,n/a,n/a,n/a,n/a,n/a,n/a,n/a,n/a,4.63E-06,n/a,3.20E-06,n/a,5.51E-06,n/a,1.22E-09,n/a,8.36E-07,n/a,1.21E-06,n/a,Recommended,n/a,n/a,n/a,n/a,
552410,552-41-0,2-HYDROXY-4-METHOXY-ACETOPHENON,n/a,5.71E+00,2.50E+00,3.05E+02,1.89E-04,3.56E+01,3.56E+01,Interim,n/a,n/a,n/a,n/a,n/a,n/a,n/a,n/a,n/a,n/a,n/a,n/a,n/a,n/a,n/a,n/a,n/a,n/a,
552896,552-89-6,O-NITROBENZALDEHYDE,n/a,4.27E+01,3.73E+01,1.81E+03,2.13E-01,4.33E+02,4.33E+02,Interim,n/a,n/a,n/a,n/a,n/a,n/a,n/a,n/a,n/a,n/a,n/a,n/a,n/a,n/a,n/a,n/a,n/a,n/a,
553537,553-53-7,"3-PYRIDINECARBOXYLIC ACID, HYDRAZIDE",n/a,n/a,n/a,n/a,n/a,n/a,n/a,n/a,n/a,6.59E-07,n/a,4.76E-07,n/a,7.32E-07,n/a,1.37E-10,n/a,2.54E-07,n/a,3.20E-07,n/a,Interim,n/a,n/a,n/a,n/a,
554007,554-00-7,"2,4-DICHLOROANILINE",n/a,7.09E+01,6.28E+01,4.39E+03,1.09E+00,1.43E+02,1.43E+02,Recommended,n/a,n/a,n/a,n/a,n/a,n/a,n/a,n/a,n/a,n/a,n/a,n/a,n/a,n/a,n/a,n/a,n/a,n/a,
554121,554-12-1,METHYL PROPIONATE,n/a,1.10E-01,1.10E-01,5.34E+00,8.23E-03,7.54E-01,7.54E-01,Interim,n/a,n/a,n/a,n/a,n/a,n/a,n/a,n/a,n/a,n/a,n/a,n/a,n/a,n/a,n/a,n/a,n/a,6.60E-01,
554847,554-84-7,3-NITROPHENOL,n/a,2.11E+02,1.59E+02,3.77E+03,5.36E-04,9.60E+01,9.60E+01,Recommended,n/a,n/a,n/a,n/a,n/a,n/a,n/a,n/a,n/a,n/a,n/a,n/a,n/a,n/a,n/a,n/a,n/a,n/a,
555168,555-16-8,4-NITROBENZALDEHYDE,n/a,3.25E+02,3.06E+02,3.83E+03,1.45E-01,1.10E+03,1.10E+03,Interim,n/a,n/a,n/a,n/a,n/a,n/a,n/a,n/a,n/a,n/a,n/a,n/a,n/a,n/a,n/a,n/a,n/a,n/a,
555373,555-37-3,NEBURON,n/a,1.29E+03,6.26E+02,5.38E+04,4.11E-01,4.25E+02,4.25E+02,Recommended,n/a,n/a,n/a,n/a,n/a,n/a,n/a,n/a,n/a,n/a,n/a,n/a,n/a,n/a,n/a,n/a,n/a,n/a,
555602,555-60-2,"PROPANEDINITRILE,  (3-CHLOROPHENYL)HYDRAZONO -",n/a,9.04E+00,6.43E+00,2.45E+02,1.45E-04,2.11E+01,2.11E+01,Interim,n/a,n/a,n/a,n/a,n/a,n/a,n/a,n/a,n/a,n/a,n/a,n/a,n/a,n/a,n/a,n/a,n/a,n/a,
555840,555-84-0,NIFURADENE,n/a,n/a,n/a,n/a,n/a,n/a,n/a,n/a,n/a,9.05E-06,n/a,4.61E-06,n/a,1.76E-05,n/a,3.43E-09,n/a,6.74E-07,n/a,9.74E-07,n/a,Recommended,n/a,n/a,n/a,n/a,
555895,555-89-5,NEOTRAN,n/a,9.48E-01,8.30E-01,1.65E+02,7.20E-02,1.44E+00,1.44E+00,Interim,n/a,n/a,n/a,n/a,n/a,n/a,n/a,n/a,n/a,n/a,n/a,n/a,n/a,n/a,n/a,n/a,n/a,n/a,
556229,556-22-9,2-HEPTADECYL-2-IMIDAZOLINE ACETATE,n/a,6.07E+00,6.42E-01,9.72E+02,7.00E-03,4.68E-02,4.68E-02,Interim,n/a,n/a,n/a,n/a,n/a,n/a,n/a,n/a,n/a,n/a,n/a,n/a,n/a,n/a,n/a,n/a,n/a,n/a,
556525,556-52-5,OXIRANEMETHANOL,n/a,2.18E+01,2.07E+01,2.06E+02,2.33E-02,5.75E+01,5.75E+01,Interim,n/a,8.96E-06,n/a,2.77E-06,n/a,1.02E-05,n/a,4.87E-09,n/a,3.19E-06,n/a,4.48E-06,n/a,Recommended,n/a,n/a,n/a,n/a,
556616,556-61-6,METHYL ISOTHIOCYANATE,n/a,3.39E+03,3.38E+03,5.65E+04,1.63E+02,9.64E+03,9.64E+03,Interim,n/a,n/a,n/a,n/a,n/a,n/a,n/a,n/a,n/a,n/a,n/a,n/a,n/a,n/a,n/a,n/a,n/a,3.23E-01,
556672,556-67-2,OCTAMETHYLTETRASILOXANE,n/a,3.17E+01,2.11E+01,5.41E+05,3.25E+00,2.92E+02,2.92E+02,Interim,n/a,n/a,n/a,n/a,n/a,n/a,n/a,n/a,n/a,n/a,n/a,n/a,n/a,n/a,n/a,n/a,n/a,n/a,
556821,556-82-1,"2-BUTEN-1-OL, 3-METHYL-",n/a,2.26E-01,1.92E-01,7.83E+01,2.19E-03,1.56E+01,1.56E+01,Recommended,n/a,n/a,n/a,n/a,n/a,n/a,n/a,n/a,n/a,n/a,n/a,n/a,n/a,n/a,n/a,n/a,n/a,n/a,
558178,558-17-8,"PROPANE, 2-IODO-2-METHYL-",n/a,1.97E+00,1.95E+00,1.25E+04,3.39E-01,1.58E+02,1.58E+02,Interim,n/a,n/a,n/a,n/a,n/a,n/a,n/a,n/a,n/a,n/a,n/a,n/a,n/a,n/a,n/a,n/a,n/a,n/a,
558372,558-37-2,"3,3-DIMETHYL-1-BUTENE",n/a,n/a,n/a,n/a,n/a,n/a,n/a,n/a,n/a,n/a,n/a,n/a,n/a,n/a,n/a,n/a,n/a,n/a,n/a,n/a,n/a,n/a,n/a,n/a,n/a,5.82E+00,
560214,560-21-4,"2,3,3-TRIMETHYL PENTANE",n/a,n/a,n/a,n/a,n/a,n/a,n/a,n/a,n/a,n/a,n/a,n/a,n/a,n/a,n/a,n/a,n/a,n/a,n/a,n/a,n/a,n/a,n/a,n/a,n/a,1.02E+00,
562492,562-49-2,"3,3-DIMETHYL PENTANE",n/a,n/a,n/a,n/a,n/a,n/a,n/a,n/a,n/a,n/a,n/a,n/a,n/a,n/a,n/a,n/a,n/a,n/a,n/a,n/a,n/a,n/a,n/a,n/a,n/a,1.20E+00,
563042,563-04-2,TRI-M-CRESYL PHOSPHATE,n/a,6.65E+00,2.68E+00,1.62E+03,2.05E-01,9.77E-01,9.77E-01,Interim,n/a,n/a,n/a,n/a,n/a,n/a,n/a,n/a,n/a,n/a,n/a,n/a,n/a,n/a,n/a,n/a,n/a,n/a,
563122,563-12-2,ETHION,n/a,1.40E+03,7.84E+01,2.11E+05,8.14E-02,3.82E+02,3.82E+02,Recommended,n/a,n/a,8.71E-06,n/a,9.49E-07,n/a,5.16E-04,n/a,1.39E-05,n/a,9.39E-07,n/a,5.87E-06,n/a,Recommended,n/a,n/a,n/a,
563166,563-16-6,"3,3-DIMETHYL HEXANE",n/a,n/a,n/a,n/a,n/a,n/a,n/a,n/a,n/a,n/a,n/a,n/a,n/a,n/a,n/a,n/a,n/a,n/a,n/a,n/a,n/a,n/a,n/a,n/a,n/a,1.24E+00,
563417,563-41-7,SEMICARBAZIDE,n/a,1.78E+01,1.76E+01,7.37E+01,1.90E-05,2.39E+01,2.39E+01,Interim,n/a,4.93E-07,n/a,2.94E-07,n/a,3.58E-07,n/a,6.06E-11,n/a,1.16E-07,n/a,1.70E-07,n/a,Interim,n/a,n/a,n/a,n/a,
563451,563-45-1,3-METHYL-1-BUTENE,n/a,n/a,n/a,n/a,n/a,n/a,n/a,n/a,n/a,n/a,n/a,n/a,n/a,n/a,n/a,n/a,n/a,n/a,n/a,n/a,n/a,n/a,n/a,n/a,n/a,6.99E+00,
563462,563-46-2,2-METHYL-1-BUTENE,n/a,n/a,n/a,n/a,n/a,n/a,n/a,n/a,n/a,n/a,n/a,n/a,n/a,n/a,n/a,n/a,n/a,n/a,n/a,n/a,n/a,n/a,n/a,n/a,n/a,6.40E+00,
563473,563-47-3,3-CHLORO-2-METHYLPROPENE,n/a,1.19E-02,9.74E-03,3.32E+02,9.16E-04,5.09E+00,5.09E+00,Interim,n/a,4.44E-08,n/a,1.00E-09,n/a,2.17E-08,n/a,4.88E-10,n/a,1.17E-09,n/a,3.46E-09,n/a,Recommended,n/a,n/a,n/a,n/a,
563780,563-78-0,"2,3-DIMETHYL-1-BUTENE",n/a,n/a,n/a,n/a,n/a,n/a,n/a,n/a,n/a,n/a,n/a,n/a,n/a,n/a,n/a,n/a,n/a,n/a,n/a,n/a,n/a,n/a,n/a,n/a,n/a,4.75E+00,
563791,563-79-1,"2,3-DIMETHYL-2-BUTENE",n/a,n/a,n/a,n/a,n/a,n/a,n/a,n/a,n/a,n/a,n/a,n/a,n/a,n/a,n/a,n/a,n/a,n/a,n/a,n/a,n/a,n/a,n/a,n/a,n/a,1.25E+01,
563804,563-80-4,3-METHYL-2-BUTANONE,n/a,8.14E-02,8.16E-02,4.92E+00,5.21E-03,7.31E-01,7.31E-01,Interim,n/a,n/a,n/a,n/a,n/a,n/a,n/a,n/a,n/a,n/a,n/a,n/a,n/a,n/a,n/a,n/a,n/a,1.65E+00,
564023,564-02-3,"2,2,3-TRIMETHYL PENTANE",n/a,n/a,n/a,n/a,n/a,n/a,n/a,n/a,n/a,n/a,n/a,n/a,n/a,n/a,n/a,n/a,n/a,n/a,n/a,n/a,n/a,n/a,n/a,n/a,n/a,1.22E+00,
565593,565-59-3,"2,3-DIMETHYL PENTANE",n/a,n/a,n/a,n/a,n/a,n/a,n/a,n/a,n/a,n/a,n/a,n/a,n/a,n/a,n/a,n/a,n/a,n/a,n/a,n/a,n/a,n/a,n/a,n/a,n/a,1.34E+00,
565753,565-75-3,"2,3,4-TRIMETHYL PENTANE",n/a,n/a,n/a,n/a,n/a,n/a,n/a,n/a,n/a,n/a,n/a,n/a,n/a,n/a,n/a,n/a,n/a,n/a,n/a,n/a,n/a,n/a,n/a,n/a,n/a,1.03E+00,
565800,565-80-0,DI-ISOPROPYL KETONE,n/a,n/a,n/a,n/a,n/a,n/a,n/a,n/a,n/a,n/a,n/a,n/a,n/a,n/a,n/a,n/a,n/a,n/a,n/a,n/a,n/a,n/a,n/a,n/a,n/a,1.31E+00,
569619,569-61-9,PARAROSANILINE,n/a,n/a,n/a,n/a,n/a,n/a,n/a,n/a,n/a,3.89E-06,n/a,3.11E-06,n/a,7.74E-07,n/a,2.69E-09,n/a,2.14E-10,n/a,4.00E-10,n/a,Interim,n/a,n/a,n/a,n/a,
569642,569-64-2,"C,I, BASIC GREEN 4",n/a,1.00E+02,6.19E+01,2.64E+03,4.08E-13,4.44E-01,4.44E-01,Recommended,n/a,n/a,n/a,n/a,n/a,n/a,n/a,n/a,n/a,n/a,n/a,n/a,n/a,n/a,n/a,n/a,n/a,n/a,
570241,570-24-1,2-METHYL-6-NITROBENZENEAMINE,n/a,5.30E+01,3.90E+01,1.55E+03,4.60E-02,1.29E+02,1.29E+02,Interim,n/a,n/a,n/a,n/a,n/a,n/a,n/a,n/a,n/a,n/a,n/a,n/a,n/a,n/a,n/a,n/a,n/a,n/a,
571619,571-61-9,"1,5-DIMETHYLNAPHTHALENE",n/a,5.15E-01,3.47E-01,1.11E+03,5.37E-02,4.43E+00,4.43E+00,Interim,n/a,n/a,n/a,n/a,n/a,n/a,n/a,n/a,n/a,n/a,n/a,n/a,n/a,n/a,n/a,n/a,n/a,n/a,
573568,573-56-8,"2,6-DINITROPHENOL",n/a,4.84E+01,4.47E+01,8.14E+02,2.94E-01,3.26E+01,3.26E+01,Interim,n/a,n/a,n/a,n/a,n/a,n/a,n/a,n/a,n/a,n/a,n/a,n/a,n/a,n/a,n/a,n/a,n/a,n/a,
573580,573-58-0,CONGO RED,n/a,9.22E-04,5.71E-04,2.41E-02,5.62E-37,1.03E-05,1.03E-05,Interim,n/a,n/a,n/a,n/a,n/a,n/a,n/a,n/a,n/a,n/a,n/a,n/a,n/a,n/a,n/a,n/a,n/a,n/a,
575417,575-41-7,"1,3-DIMETHYLNAPTHALENE",n/a,1.26E+00,7.93E-01,4.07E+03,1.29E-01,1.57E+01,1.57E+01,Interim,n/a,n/a,n/a,n/a,n/a,n/a,n/a,n/a,n/a,n/a,n/a,n/a,n/a,n/a,n/a,n/a,n/a,n/a,
576249,576-24-9,"2,3-DICHLOROPHENOL",n/a,4.03E+02,3.79E+02,8.92E+03,4.55E+00,3.56E+02,3.56E+02,Recommended,n/a,n/a,n/a,n/a,n/a,n/a,n/a,n/a,n/a,n/a,n/a,n/a,n/a,n/a,n/a,n/a,n/a,n/a,
576261,576-26-1,"2,6-DIMETHYLPHENOL",n/a,4.19E+00,2.61E+00,1.08E+03,2.70E-02,1.54E+01,1.54E+01,Recommended,n/a,n/a,8.57E-06,n/a,2.81E-07,n/a,1.34E-05,n/a,4.52E-08,n/a,2.10E-07,n/a,5.90E-07,n/a,Recommended,n/a,n/a,2.12E+00,
577117,577-11-7,BIS(2-ETHYLHEXYL) SODIUM SULFOSUCCINATE,n/a,1.71E+01,1.13E+01,4.05E+02,7.67E-16,2.41E+00,2.41E+00,Interim,n/a,n/a,n/a,n/a,n/a,n/a,n/a,n/a,n/a,n/a,n/a,n/a,n/a,n/a,n/a,n/a,n/a,n/a,
577195,577-19-5,O-BROMONITROBENZENE,n/a,1.57E+01,1.55E+01,2.90E+02,9.13E-01,1.42E+01,1.42E+01,Interim,n/a,n/a,n/a,n/a,n/a,n/a,n/a,n/a,n/a,n/a,n/a,n/a,n/a,n/a,n/a,n/a,n/a,n/a,
577333,577-33-3,ANTHRAROBIN,n/a,2.48E+01,5.70E+00,1.42E+03,4.53E-08,3.52E-01,3.52E-01,Interim,n/a,n/a,n/a,n/a,n/a,n/a,n/a,n/a,n/a,n/a,n/a,n/a,n/a,n/a,n/a,n/a,n/a,n/a,
577855,577-85-5,3-HYDROXYFLAVONE,n/a,5.58E+01,3.48E+01,1.83E+03,2.64E-07,1.08E+02,1.08E+02,Interim,n/a,n/a,n/a,n/a,n/a,n/a,n/a,n/a,n/a,n/a,n/a,n/a,n/a,n/a,n/a,n/a,n/a,n/a,
578541,578-54-1,O-ETHYLANILINE,n/a,1.12E+00,7.88E-01,6.28E+02,2.30E-02,3.90E+01,3.90E+01,Recommended,n/a,n/a,n/a,n/a,n/a,n/a,n/a,n/a,n/a,n/a,n/a,n/a,n/a,n/a,n/a,n/a,n/a,n/a,
580176,580-17-6,3-AMINOQUINOLINE,n/a,3.93E+00,7.73E-01,2.21E+02,5.08E-06,1.76E+00,1.76E+00,Interim,n/a,n/a,n/a,n/a,n/a,n/a,n/a,n/a,n/a,n/a,n/a,n/a,n/a,n/a,n/a,n/a,n/a,n/a,
581408,581-40-8,"2,3-DIMETHYLNAPTHALENE",n/a,9.04E-02,5.06E-02,4.29E+02,8.44E-03,1.56E+00,1.56E+00,Interim,n/a,n/a,n/a,n/a,n/a,n/a,n/a,n/a,n/a,n/a,n/a,n/a,n/a,n/a,n/a,n/a,n/a,4.99E+00,
581420,581-42-0,"2,6-DIMETHYLNAPHTHALENE",n/a,5.12E+00,3.24E+00,1.64E+04,5.27E-01,6.42E+01,6.42E+01,Interim,n/a,n/a,n/a,n/a,n/a,n/a,n/a,n/a,n/a,n/a,n/a,n/a,n/a,n/a,n/a,n/a,n/a,n/a,
581431,581-43-1,"2,6-NAPHTHALENEDIOL",n/a,8.95E+00,1.59E+00,5.06E+02,4.62E-07,1.59E+00,1.59E+00,Interim,n/a,n/a,n/a,n/a,n/a,n/a,n/a,n/a,n/a,n/a,n/a,n/a,n/a,n/a,n/a,n/a,n/a,n/a,
582172,582-17-2,"2,7-NAPHTHALENEDIOL",n/a,1.81E+01,3.23E+00,1.03E+03,9.36E-07,3.22E+00,3.22E+00,Interim,n/a,n/a,n/a,n/a,n/a,n/a,n/a,n/a,n/a,n/a,n/a,n/a,n/a,n/a,n/a,n/a,n/a,n/a,
583482,583-48-2,"3,4-DIMETHYL HEXANE",n/a,n/a,n/a,n/a,n/a,n/a,n/a,n/a,n/a,n/a,n/a,n/a,n/a,n/a,n/a,n/a,n/a,n/a,n/a,n/a,n/a,n/a,n/a,n/a,n/a,1.51E+00,
583539,583-53-9,O-DIBROMOBENZENE,n/a,2.19E+01,2.18E+01,1.51E+03,3.20E+00,5.05E+01,5.05E+01,Interim,n/a,n/a,n/a,n/a,n/a,n/a,n/a,n/a,n/a,n/a,n/a,n/a,n/a,n/a,n/a,n/a,n/a,n/a,
583573,583-57-3,"1,2-DIMETHYLCYCLOHEXANE",n/a,1.11E-02,4.04E-03,1.87E+03,3.64E-04,2.11E+00,2.11E+00,Interim,n/a,n/a,n/a,n/a,n/a,n/a,n/a,n/a,n/a,n/a,n/a,n/a,n/a,n/a,n/a,n/a,n/a,1.41E+00,
583608,583-60-8,2-METHYLCYCLOHEXANONE,n/a,7.99E-02,8.07E-02,1.44E+01,4.12E-03,1.42E+00,1.42E+00,Interim,n/a,n/a,n/a,n/a,n/a,n/a,n/a,n/a,n/a,n/a,n/a,n/a,n/a,n/a,n/a,n/a,n/a,n/a,
583788,583-78-8,"2,5-DICHLOROPHENOL",n/a,1.40E+02,1.28E+02,7.42E+03,2.56E+00,2.58E+02,2.58E+02,Interim,n/a,n/a,n/a,n/a,n/a,n/a,n/a,n/a,n/a,n/a,n/a,n/a,n/a,n/a,n/a,n/a,n/a,n/a,
583915,583-91-5,METHIONINE HYDROXY ANALOG,n/a,6.15E+00,5.72E+00,7.13E+01,4.54E-07,1.84E+01,1.84E+01,Interim,n/a,n/a,n/a,n/a,n/a,n/a,n/a,n/a,n/a,n/a,n/a,n/a,n/a,n/a,n/a,n/a,n/a,n/a,
584021,584-02-1,3-PENTANOL,n/a,1.14E-01,1.14E-01,1.02E+01,3.15E-03,1.90E+00,1.90E+00,Interim,n/a,n/a,n/a,n/a,n/a,n/a,n/a,n/a,n/a,n/a,n/a,n/a,n/a,n/a,n/a,n/a,n/a,1.63E+00,
584032,584-03-2,"1,2-BUTANDIOL",n/a,n/a,n/a,n/a,n/a,n/a,n/a,n/a,n/a,n/a,n/a,n/a,n/a,n/a,n/a,n/a,n/a,n/a,n/a,n/a,n/a,n/a,n/a,n/a,n/a,2.52E+00,
584792,584-79-2,ALLETHRIN,n/a,1.63E+04,2.01E+03,1.17E+06,6.29E-01,7.52E+03,7.52E+03,Interim,n/a,n/a,n/a,n/a,n/a,n/a,n/a,n/a,n/a,n/a,n/a,n/a,n/a,n/a,n/a,n/a,n/a,n/a,
584849,584-84-9,"2,4-TOLUENE DIISOCYANATE",n/a,2.17E-01,1.98E-01,3.79E+01,2.54E-02,1.15E-01,1.15E-01,Interim,n/a,n/a,n/a,n/a,n/a,n/a,n/a,n/a,n/a,n/a,n/a,n/a,n/a,n/a,n/a,n/a,n/a,n/a,
584941,584-94-1,"2,3-DIMETHYL HEXANE",n/a,n/a,n/a,n/a,n/a,n/a,n/a,n/a,n/a,n/a,n/a,n/a,n/a,n/a,n/a,n/a,n/a,n/a,n/a,n/a,n/a,n/a,n/a,n/a,n/a,1.19E+00,
585342,585-34-2,"PHENOL, 3-(1,1-DIMETHYLETHYL)-",n/a,4.17E+01,1.48E+01,6.00E+03,1.05E-01,8.61E+01,8.61E+01,Interim,n/a,n/a,n/a,n/a,n/a,n/a,n/a,n/a,n/a,n/a,n/a,n/a,n/a,n/a,n/a,n/a,n/a,n/a,
586629,586-62-9,TERPINOLENE,n/a,n/a,n/a,n/a,n/a,n/a,n/a,n/a,n/a,n/a,n/a,n/a,n/a,n/a,n/a,n/a,n/a,n/a,n/a,n/a,n/a,n/a,n/a,n/a,n/a,6.36E+00,
586787,586-78-7,4-BROMO-1-NITROBENZENE,n/a,2.17E+01,2.11E+01,3.16E+02,2.89E-01,2.04E+01,2.04E+01,Interim,n/a,n/a,n/a,n/a,n/a,n/a,n/a,n/a,n/a,n/a,n/a,n/a,n/a,n/a,n/a,n/a,n/a,n/a,
586958,586-95-8,4-PYRIDINEMETHANOL,n/a,1.29E+00,1.24E+00,8.07E+00,4.93E-06,1.88E+00,1.88E+00,Interim,n/a,n/a,n/a,n/a,n/a,n/a,n/a,n/a,n/a,n/a,n/a,n/a,n/a,n/a,n/a,n/a,n/a,n/a,
586981,586-98-1,2-PYRIDINEMETHANOL,n/a,9.69E-01,9.30E-01,6.06E+00,6.37E-06,1.41E+00,1.41E+00,Interim,n/a,n/a,n/a,n/a,n/a,n/a,n/a,n/a,n/a,n/a,n/a,n/a,n/a,n/a,n/a,n/a,n/a,n/a,
587984,587-98-4,METANIL YELLOW,n/a,7.96E+01,5.89E+01,1.50E+03,1.01E-15,3.15E+01,3.15E+01,Interim,n/a,n/a,n/a,n/a,n/a,n/a,n/a,n/a,n/a,n/a,n/a,n/a,n/a,n/a,n/a,n/a,n/a,n/a,
588590,588-59-0,STILBENE,n/a,1.57E-01,4.75E-02,2.63E+02,3.53E-03,1.27E-01,1.27E-01,Interim,n/a,n/a,n/a,n/a,n/a,n/a,n/a,n/a,n/a,n/a,n/a,n/a,n/a,n/a,n/a,n/a,n/a,n/a,
589093,589-09-3,N-ALLYL-ANILIN,n/a,3.29E-01,2.97E-01,2.24E+02,1.05E-02,5.11E+00,5.11E+00,Interim,n/a,n/a,n/a,n/a,n/a,n/a,n/a,n/a,n/a,n/a,n/a,n/a,n/a,n/a,n/a,n/a,n/a,n/a,
589162,589-16-2,P-ETHYLANILINE,n/a,1.77E+00,1.36E+00,1.15E+03,4.90E-02,7.13E+01,7.13E+01,Recommended,n/a,n/a,n/a,n/a,n/a,n/a,n/a,n/a,n/a,n/a,n/a,n/a,n/a,n/a,n/a,n/a,n/a,n/a,
589184,589-18-4,P-METHYL BENZYL ALCOHOL,n/a,3.06E+00,2.64E+00,4.88E+01,1.06E-03,6.40E+00,6.40E+00,Interim,n/a,n/a,n/a,n/a,n/a,n/a,n/a,n/a,n/a,n/a,n/a,n/a,n/a,n/a,n/a,n/a,n/a,n/a,
589344,589-34-4,3-METHYL HEXANE,n/a,n/a,n/a,n/a,n/a,n/a,n/a,n/a,n/a,n/a,n/a,n/a,n/a,n/a,n/a,n/a,n/a,n/a,n/a,n/a,n/a,n/a,n/a,n/a,n/a,1.61E+00,
589435,589-43-5,"2,4-DIMETHYL HEXANE",n/a,n/a,n/a,n/a,n/a,n/a,n/a,n/a,n/a,n/a,n/a,n/a,n/a,n/a,n/a,n/a,n/a,n/a,n/a,n/a,n/a,n/a,n/a,n/a,n/a,1.73E+00,
589537,589-53-7,4-METHYL HEPTANE,n/a,n/a,n/a,n/a,n/a,n/a,n/a,n/a,n/a,n/a,n/a,n/a,n/a,n/a,n/a,n/a,n/a,n/a,n/a,n/a,n/a,n/a,n/a,n/a,n/a,1.25E+00,
589628,589-62-8,4-OCTANOL,n/a,n/a,n/a,n/a,n/a,n/a,n/a,n/a,n/a,n/a,n/a,n/a,n/a,n/a,n/a,n/a,n/a,n/a,n/a,n/a,n/a,n/a,n/a,n/a,n/a,2.23E+00,
589811,589-81-1,3-METHYL HEPTANE,n/a,n/a,n/a,n/a,n/a,n/a,n/a,n/a,n/a,n/a,n/a,n/a,n/a,n/a,n/a,n/a,n/a,n/a,n/a,n/a,n/a,n/a,n/a,n/a,n/a,1.24E+00,
589902,589-90-2,"1,4-DIMETHYLCYCLOHEXANE",n/a,3.88E-03,9.75E-04,1.11E+03,8.78E-05,7.53E-01,7.53E-01,Interim,n/a,n/a,n/a,n/a,n/a,n/a,n/a,n/a,n/a,n/a,n/a,n/a,n/a,n/a,n/a,n/a,n/a,1.62E+00,
590012,590-01-2,N-BUTYL PROPIONATE,n/a,4.77E-02,4.76E-02,1.72E+01,2.30E-03,7.36E-01,7.36E-01,Interim,n/a,n/a,n/a,n/a,n/a,n/a,n/a,n/a,n/a,n/a,n/a,n/a,n/a,n/a,n/a,n/a,n/a,8.44E-01,
590181,590-18-1,CIS-2-BUTENE,n/a,n/a,n/a,n/a,n/a,n/a,n/a,n/a,n/a,n/a,n/a,n/a,n/a,n/a,n/a,n/a,n/a,n/a,n/a,n/a,n/a,n/a,n/a,n/a,n/a,1.42E+01,
590192,590-19-2,"1,2-BUTADIENE",n/a,n/a,n/a,n/a,n/a,n/a,n/a,n/a,n/a,n/a,n/a,n/a,n/a,n/a,n/a,n/a,n/a,n/a,n/a,n/a,n/a,n/a,n/a,n/a,n/a,9.35E+00,
590216,590-21-6,1-CHLOROPROPENE,n/a,n/a,n/a,n/a,n/a,n/a,n/a,n/a,n/a,1.00E-05,n/a,6.05E-07,n/a,3.98E-06,n/a,8.96E-08,n/a,5.92E-07,n/a,8.02E-07,n/a,Interim,n/a,n/a,n/a,n/a,
590352,590-35-2,"2,2-DIMETHYL PENTANE",n/a,n/a,n/a,n/a,n/a,n/a,n/a,n/a,n/a,n/a,n/a,n/a,n/a,n/a,n/a,n/a,n/a,n/a,n/a,n/a,n/a,n/a,n/a,n/a,n/a,1.12E+00,
590669,590-66-9,"1,1-DIMETHYL CYCLOHEXANE",n/a,4.43E-03,2.71E-03,7.10E+02,5.11E-04,1.47E+00,1.47E+00,Interim,n/a,n/a,n/a,n/a,n/a,n/a,n/a,n/a,n/a,n/a,n/a,n/a,n/a,n/a,n/a,n/a,n/a,1.22E+00,
590738,590-73-8,"2,2-DIMETHYL HEXANE",n/a,n/a,n/a,n/a,n/a,n/a,n/a,n/a,n/a,n/a,n/a,n/a,n/a,n/a,n/a,n/a,n/a,n/a,n/a,n/a,n/a,n/a,n/a,n/a,n/a,1.02E+00,
590863,590-86-3,3-METHYL-1-BUTANAL,n/a,5.88E-02,6.15E-02,7.55E+01,5.26E-03,8.98E+00,8.98E+00,Recommended,n/a,n/a,n/a,n/a,n/a,n/a,n/a,n/a,n/a,n/a,n/a,n/a,n/a,n/a,n/a,n/a,n/a,4.97E+00,
591219,591-21-9,"1,3-DIMETHYLCYCLOHEXANE",n/a,4.24E-03,1.81E-03,5.28E+02,1.63E-04,7.66E-01,7.66E-01,Interim,n/a,n/a,n/a,n/a,n/a,n/a,n/a,n/a,n/a,n/a,n/a,n/a,n/a,n/a,n/a,n/a,n/a,1.52E+00,
591275,591-27-5,"PHENOL, 3-AMINO-",n/a,1.81E+02,7.00E+01,9.11E+03,1.27E-03,6.37E+02,6.37E+02,Interim,n/a,n/a,n/a,n/a,n/a,n/a,n/a,n/a,n/a,n/a,n/a,n/a,n/a,n/a,n/a,n/a,n/a,n/a,
591355,591-35-5,"3,5-DICHLOROPHENOL",n/a,4.25E+02,2.55E+02,1.53E+04,2.31E-01,4.18E+02,4.18E+02,Recommended,n/a,n/a,n/a,n/a,n/a,n/a,n/a,n/a,n/a,n/a,n/a,n/a,n/a,n/a,n/a,n/a,n/a,n/a,
591479,591-47-9,4-METHYL CYCLOHEXENE,n/a,n/a,n/a,n/a,n/a,n/a,n/a,n/a,n/a,n/a,n/a,n/a,n/a,n/a,n/a,n/a,n/a,n/a,n/a,n/a,n/a,n/a,n/a,n/a,n/a,4.18E+00,
591491,591-49-1,1-METHYL CYCLOHEXENE,n/a,n/a,n/a,n/a,n/a,n/a,n/a,n/a,n/a,n/a,n/a,n/a,n/a,n/a,n/a,n/a,n/a,n/a,n/a,n/a,n/a,n/a,n/a,n/a,n/a,6.61E+00,
591764,591-76-4,2-METHYL HEXANE,n/a,n/a,n/a,n/a,n/a,n/a,n/a,n/a,n/a,n/a,n/a,n/a,n/a,n/a,n/a,n/a,n/a,n/a,n/a,n/a,n/a,n/a,n/a,n/a,n/a,1.19E+00,
591786,591-78-6,2-HEXANONE,n/a,7.28E-02,7.34E-02,1.11E+01,2.69E-03,9.84E-01,9.84E-01,Interim,n/a,n/a,n/a,n/a,n/a,n/a,n/a,n/a,n/a,n/a,n/a,n/a,n/a,n/a,n/a,n/a,n/a,3.14E+00,
591800,591-80-0,4-PENTENOIC ACID,n/a,7.77E-02,6.88E-02,9.20E+00,3.34E-04,1.50E+00,1.50E+00,Interim,n/a,n/a,n/a,n/a,n/a,n/a,n/a,n/a,n/a,n/a,n/a,n/a,n/a,n/a,n/a,n/a,n/a,n/a,
591935,591-93-5,"1,4-PENTADIENE",n/a,n/a,n/a,n/a,n/a,n/a,n/a,n/a,n/a,n/a,n/a,n/a,n/a,n/a,n/a,n/a,n/a,n/a,n/a,n/a,n/a,n/a,n/a,n/a,n/a,9.24E+00,
591957,591-95-7,"1,2-PENTADIENE",n/a,n/a,n/a,n/a,n/a,n/a,n/a,n/a,n/a,n/a,n/a,n/a,n/a,n/a,n/a,n/a,n/a,n/a,n/a,n/a,n/a,n/a,n/a,n/a,n/a,7.86E+00,
592132,592-13-2,"2,5-DIMETHYL HEXANE",n/a,n/a,n/a,n/a,n/a,n/a,n/a,n/a,n/a,n/a,n/a,n/a,n/a,n/a,n/a,n/a,n/a,n/a,n/a,n/a,n/a,n/a,n/a,n/a,n/a,1.46E+00,
592278,592-27-8,2-METHYL HEPTANE,n/a,n/a,n/a,n/a,n/a,n/a,n/a,n/a,n/a,n/a,n/a,n/a,n/a,n/a,n/a,n/a,n/a,n/a,n/a,n/a,n/a,n/a,n/a,n/a,n/a,1.07E+00,
592416,592-41-6,1-HEXENE,n/a,1.12E-04,1.99E-05,2.97E+01,1.17E-06,3.30E-02,3.30E-02,Recommended,n/a,n/a,n/a,n/a,n/a,n/a,n/a,n/a,n/a,n/a,n/a,n/a,n/a,n/a,n/a,n/a,n/a,5.49E+00,
592438,592-43-8,2-HEXENES,n/a,n/a,n/a,n/a,n/a,n/a,n/a,n/a,n/a,n/a,n/a,n/a,n/a,n/a,n/a,n/a,n/a,n/a,n/a,n/a,n/a,n/a,n/a,n/a,n/a,8.47E+00,
592461,592-46-1,"2,4-HEXADIENE",n/a,8.59E-04,1.43E-04,1.70E+02,8.46E-06,4.33E-01,4.33E-01,Interim,n/a,n/a,n/a,n/a,n/a,n/a,n/a,n/a,n/a,n/a,n/a,n/a,n/a,n/a,n/a,n/a,n/a,n/a,
592767,592-76-7,1-HEPTENE,n/a,5.14E-05,7.14E-06,1.22E+01,4.06E-07,1.11E-02,1.11E-02,Interim,n/a,n/a,n/a,n/a,n/a,n/a,n/a,n/a,n/a,n/a,n/a,n/a,n/a,n/a,n/a,n/a,n/a,4.43E+00,
592778,592-77-8,2-HEPTENES,n/a,n/a,n/a,n/a,n/a,n/a,n/a,n/a,n/a,n/a,n/a,n/a,n/a,n/a,n/a,n/a,n/a,n/a,n/a,n/a,n/a,n/a,n/a,n/a,n/a,6.32E+00,
592825,592-82-5,"BUTANE, 1-ISOTHIOCYANATO-",n/a,2.19E+01,2.18E+01,9.15E+03,1.84E+00,3.51E+02,3.51E+02,Interim,n/a,n/a,n/a,n/a,n/a,n/a,n/a,n/a,n/a,n/a,n/a,n/a,n/a,n/a,n/a,n/a,n/a,n/a,
592847,592-84-7,N-BUTYL FORMATE,n/a,n/a,n/a,n/a,n/a,n/a,n/a,n/a,n/a,n/a,n/a,n/a,n/a,n/a,n/a,n/a,n/a,n/a,n/a,n/a,n/a,n/a,n/a,n/a,n/a,8.26E-01,
593088,593-08-8,2-TRIDECANONE,n/a,1.09E+01,9.68E+00,1.34E+04,7.01E-01,8.03E+01,8.03E+01,Interim,n/a,n/a,n/a,n/a,n/a,n/a,n/a,n/a,n/a,n/a,n/a,n/a,n/a,n/a,n/a,n/a,n/a,n/a,
593453,593-45-3,N-C18,n/a,n/a,n/a,n/a,n/a,n/a,n/a,n/a,n/a,n/a,n/a,n/a,n/a,n/a,n/a,n/a,n/a,n/a,n/a,n/a,n/a,n/a,n/a,n/a,n/a,3.99E-01,
593533,593-53-3,HFC-41,n/a,n/a,n/a,n/a,n/a,n/a,n/a,n/a,9.20E+01,n/a,n/a,n/a,n/a,n/a,n/a,n/a,n/a,n/a,n/a,n/a,n/a,n/a,n/a,n/a,n/a,n/a,
593577,593-57-7,DIMETHYL ARSINE,n/a,2.94E+00,2.92E+00,4.92E+03,2.68E-01,8.28E+01,8.28E+01,Interim,n/a,n/a,n/a,n/a,n/a,n/a,n/a,n/a,n/a,n/a,n/a,n/a,n/a,n/a,n/a,n/a,n/a,n/a,
593602,593-60-2,BROMOETHYLENE,n/a,n/a,n/a,n/a,n/a,n/a,n/a,n/a,n/a,1.62E-06,2.27E-06,1.51E-07,2.12E-07,6.57E-07,9.21E-07,1.54E-08,2.16E-08,1.47E-07,2.06E-07,1.72E-07,2.41E-07,Recommended,Recommended,n/a,n/a,n/a,
593704,593-70-4,HCFC-31,n/a,n/a,n/a,n/a,n/a,n/a,n/a,n/a,n/a,2.93E-06,n/a,1.92E-06,n/a,1.87E-06,n/a,1.95E-07,n/a,1.69E-06,n/a,1.71E-06,n/a,Interim,n/a,n/a,2.00E-02,n/a,
593817,593-81-7,"TRIMETHYLAMINE, HYDROCHLORIDE",n/a,2.22E+02,2.14E+02,1.33E+03,8.56E-08,3.13E+02,3.13E+02,Interim,n/a,n/a,n/a,n/a,n/a,n/a,n/a,n/a,n/a,n/a,n/a,n/a,n/a,n/a,n/a,n/a,n/a,n/a,
594207,594-20-7,"PROPANE, 2,2-DICHLORO-",n/a,9.25E-02,9.22E-02,1.03E+02,1.80E-02,1.32E+00,1.32E+00,Interim,n/a,n/a,n/a,n/a,n/a,n/a,n/a,n/a,n/a,n/a,n/a,n/a,n/a,n/a,n/a,n/a,n/a,n/a,
594274,594-27-4,TETRAMETHYL STANNANE,n/a,5.31E-04,3.52E-04,1.12E+02,2.86E-05,2.51E-01,2.51E-01,Interim,n/a,n/a,n/a,n/a,n/a,n/a,n/a,n/a,n/a,n/a,n/a,n/a,n/a,n/a,n/a,n/a,n/a,n/a,
594569,594-56-9,"2,3,3-TRIMETHYL-1-BUTENE",n/a,n/a,n/a,n/a,n/a,n/a,n/a,n/a,n/a,n/a,n/a,n/a,n/a,n/a,n/a,n/a,n/a,n/a,n/a,n/a,n/a,n/a,n/a,n/a,n/a,4.49E+00,
594821,594-82-1,"2,2,3,3-TETRAMETHYL BUTANE",n/a,n/a,n/a,n/a,n/a,n/a,n/a,n/a,n/a,n/a,n/a,n/a,n/a,n/a,n/a,n/a,n/a,n/a,n/a,n/a,n/a,n/a,n/a,n/a,n/a,3.26E-01,
595379,595-37-9,"2,2-DIMETHYL BUTYRIC ACID",n/a,3.99E-01,3.88E-01,6.84E+00,2.39E-03,1.46E+00,1.46E+00,Interim,n/a,n/a,n/a,n/a,n/a,n/a,n/a,n/a,n/a,n/a,n/a,n/a,n/a,n/a,n/a,n/a,n/a,n/a,
597251,597-25-1,DMMPA,n/a,n/a,n/a,n/a,n/a,n/a,n/a,n/a,n/a,3.74E-08,n/a,6.92E-09,n/a,7.31E-08,n/a,1.25E-11,n/a,1.73E-08,n/a,2.59E-08,n/a,Recommended,n/a,n/a,n/a,n/a,
597433,597-43-3,"BUTANEDIOIC ACID, 2,2-DIMETHYL-",n/a,9.68E-01,8.70E-01,9.67E+00,5.70E-07,1.21E+00,1.21E+00,Interim,n/a,n/a,n/a,n/a,n/a,n/a,n/a,n/a,n/a,n/a,n/a,n/a,n/a,n/a,n/a,n/a,n/a,n/a,
597648,597-64-8,TETRAETHYL TIN,n/a,7.53E-02,2.20E-03,9.11E+04,3.50E-04,1.92E+01,1.92E+01,Interim,n/a,n/a,n/a,n/a,n/a,n/a,n/a,n/a,n/a,n/a,n/a,n/a,n/a,n/a,n/a,n/a,n/a,n/a,
598027,598-02-7,"PHOSPHORIC ACID, DIETHYL ESTER",n/a,1.38E+01,1.16E+01,2.91E+02,1.84E-04,5.56E+01,5.56E+01,Interim,n/a,n/a,n/a,n/a,n/a,n/a,n/a,n/a,n/a,n/a,n/a,n/a,n/a,n/a,n/a,n/a,n/a,n/a,
598163,598-16-3,"ETHENE, TRIBROMO-",n/a,1.06E-01,1.04E-01,7.93E+02,1.65E-02,1.51E+01,1.51E+01,Recommended,n/a,n/a,n/a,n/a,n/a,n/a,n/a,n/a,n/a,n/a,n/a,n/a,n/a,n/a,n/a,n/a,n/a,n/a,
598254,598-25-4,"3-METHYL-1,2-BUTADIENE",n/a,n/a,n/a,n/a,n/a,n/a,n/a,n/a,n/a,n/a,n/a,n/a,n/a,n/a,n/a,n/a,n/a,n/a,n/a,n/a,n/a,n/a,n/a,n/a,n/a,1.03E+01,
598527,598-52-7,N-METHYLTHIOUREA,n/a,4.65E+01,3.36E+01,1.78E+03,7.47E-03,3.94E+02,3.94E+02,Interim,n/a,n/a,n/a,n/a,n/a,n/a,n/a,n/a,n/a,n/a,n/a,n/a,n/a,n/a,n/a,n/a,n/a,n/a,
598550,598-55-0,O-METHYL CARBAMATE,n/a,n/a,n/a,n/a,n/a,n/a,n/a,n/a,n/a,8.49E-07,n/a,3.95E-07,n/a,7.90E-07,n/a,1.98E-10,n/a,2.20E-07,n/a,3.17E-07,n/a,Recommended,n/a,n/a,n/a,n/a,
598561,598-56-1,ETHYL DIMETHYLAMINE,n/a,1.04E-01,1.15E-01,1.55E+02,8.50E-03,1.68E+01,1.68E+01,Interim,n/a,n/a,n/a,n/a,n/a,n/a,n/a,n/a,n/a,n/a,n/a,n/a,n/a,n/a,n/a,n/a,n/a,n/a,
598572,598-57-2,METHYLNITROAMINE,n/a,n/a,n/a,n/a,n/a,n/a,n/a,n/a,n/a,2.65E-06,n/a,1.11E-06,n/a,2.51E-06,n/a,2.01E-09,n/a,6.55E-07,n/a,8.79E-07,n/a,Recommended,n/a,n/a,n/a,n/a,
598743,598-74-3,3-METHYL-2-BUTANAMINE,n/a,4.02E-02,4.13E-02,2.15E+01,2.23E-03,1.41E+00,1.41E+00,Interim,n/a,n/a,n/a,n/a,n/a,n/a,n/a,n/a,n/a,n/a,n/a,n/a,n/a,n/a,n/a,n/a,n/a,n/a,
598981,598-98-1,METHYL PIVALATE,n/a,n/a,n/a,n/a,n/a,n/a,n/a,n/a,n/a,n/a,n/a,n/a,n/a,n/a,n/a,n/a,n/a,n/a,n/a,n/a,n/a,n/a,n/a,n/a,n/a,3.53E-01,
599791,599-79-1,SULFASALAZINE,n/a,n/a,n/a,n/a,n/a,n/a,n/a,n/a,n/a,1.84E-07,n/a,1.51E-07,n/a,1.82E-07,n/a,1.30E-10,n/a,4.79E-09,n/a,3.09E-08,n/a,Interim,n/a,n/a,n/a,n/a,
600077,600-07-7,"BUTANOIC ACID, 2-METHYL-, (,+-,)-",n/a,1.94E-01,1.82E-01,3.21E+00,2.86E-04,5.95E-01,5.95E-01,Interim,n/a,n/a,n/a,n/a,n/a,n/a,n/a,n/a,n/a,n/a,n/a,n/a,n/a,n/a,n/a,n/a,n/a,n/a,
600248,600-24-8,2-NITROBUTANE,n/a,n/a,n/a,n/a,n/a,n/a,n/a,n/a,n/a,1.40E-05,n/a,4.34E-06,n/a,7.23E-06,n/a,3.36E-07,n/a,2.40E-06,n/a,2.90E-06,n/a,Recommended,n/a,n/a,n/a,n/a,
600362,600-36-2,"2,4-DIMETHYL-3-PENTANOL",n/a,1.86E-01,1.89E-01,3.92E+01,9.62E-03,5.15E+00,5.15E+00,Interim,n/a,n/a,n/a,n/a,n/a,n/a,n/a,n/a,n/a,n/a,n/a,n/a,n/a,n/a,n/a,n/a,n/a,n/a,
602017,602-01-7,"2,3-DINITROTOLUENE",n/a,1.14E+03,1.06E+03,1.75E+04,6.96E+00,5.92E+02,5.92E+02,Recommended,n/a,n/a,n/a,n/a,n/a,n/a,n/a,n/a,n/a,n/a,n/a,n/a,n/a,n/a,n/a,n/a,n/a,n/a,
602879,602-87-9,"ACENAPHTHYLENE, 1,2-DIHYDRO-5-NITRO-",n/a,n/a,n/a,n/a,n/a,n/a,n/a,n/a,n/a,5.87E-06,n/a,2.86E-06,n/a,7.83E-06,n/a,1.76E-07,n/a,1.69E-07,n/a,3.71E-07,n/a,Recommended,n/a,n/a,n/a,n/a,
603838,603-83-8,3-NITRO-O-TOLUIDINE,n/a,8.65E+01,7.04E+01,1.51E+03,1.30E-02,1.31E+02,1.31E+02,Interim,n/a,n/a,n/a,n/a,n/a,n/a,n/a,n/a,n/a,n/a,n/a,n/a,n/a,n/a,n/a,n/a,n/a,n/a,
603861,603-86-1,6-CHLORO-2-NITROPHENOL,n/a,2.09E+03,1.69E+03,3.15E+04,1.07E+00,1.19E+03,1.19E+03,Interim,n/a,n/a,n/a,n/a,n/a,n/a,n/a,n/a,n/a,n/a,n/a,n/a,n/a,n/a,n/a,n/a,n/a,n/a,
604751,604-75-1,OXAZEPAM,n/a,n/a,n/a,n/a,n/a,n/a,n/a,n/a,n/a,4.48E-06,n/a,3.23E-06,n/a,5.19E-06,n/a,1.44E-08,n/a,1.66E-07,n/a,3.39E-07,n/a,Recommended,n/a,n/a,n/a,n/a,
605323,605-32-3,2-HYDROXYANTHRAQUINONE,n/a,1.88E+04,1.06E+04,6.01E+05,6.51E-04,1.90E+03,1.90E+03,Interim,n/a,n/a,n/a,n/a,n/a,n/a,n/a,n/a,n/a,n/a,n/a,n/a,n/a,n/a,n/a,n/a,n/a,n/a,
606202,606-20-2,"2,6-DINTROTOLUENE",n/a,8.16E+01,7.07E+01,1.22E+03,1.86E-01,4.00E+01,4.00E+01,Recommended,n/a,2.10E-04,n/a,1.18E-04,n/a,3.57E-04,n/a,1.78E-06,n/a,1.68E-05,n/a,2.30E-05,n/a,Recommended,n/a,n/a,n/a,n/a,
606224,606-22-4,"2,6-DINITROANILINE",n/a,3.10E+02,2.73E+02,3.10E+03,2.25E-03,2.77E+02,2.77E+02,Interim,n/a,n/a,n/a,n/a,n/a,n/a,n/a,n/a,n/a,n/a,n/a,n/a,n/a,n/a,n/a,n/a,n/a,n/a,
607001,607-00-1,"FORMAMIDE, N,N-DIPHENYL-",n/a,2.48E+01,1.83E+01,6.17E+02,6.11E-04,5.50E+01,5.50E+01,Interim,n/a,n/a,n/a,n/a,n/a,n/a,n/a,n/a,n/a,n/a,n/a,n/a,n/a,n/a,n/a,n/a,n/a,n/a,
607341,607-34-1,5-NITROQUINOLINE,n/a,2.58E+01,1.82E+01,5.24E+02,1.94E-03,4.25E+00,4.25E+00,Interim,n/a,n/a,n/a,n/a,n/a,n/a,n/a,n/a,n/a,n/a,n/a,n/a,n/a,n/a,n/a,n/a,n/a,n/a,
607352,607-35-2,8-NITROQUINOLINE,n/a,n/a,n/a,n/a,n/a,n/a,n/a,n/a,n/a,6.53E-06,n/a,3.90E-06,n/a,9.25E-06,n/a,5.92E-09,n/a,7.83E-08,n/a,1.29E-07,n/a,Interim,n/a,n/a,n/a,n/a,
607818,607-81-8,"BENZYLMALONIC ACID, DIETHYL ESTER",n/a,3.57E+01,3.12E+01,2.69E+03,2.41E-01,5.66E+01,5.66E+01,Interim,n/a,n/a,n/a,n/a,n/a,n/a,n/a,n/a,n/a,n/a,n/a,n/a,n/a,n/a,n/a,n/a,n/a,n/a,
608311,608-31-1,"2,6-DICHLOROANILINE",n/a,7.27E+01,6.70E+01,6.07E+03,3.24E+00,6.69E+01,6.69E+01,Interim,n/a,n/a,n/a,n/a,n/a,n/a,n/a,n/a,n/a,n/a,n/a,n/a,n/a,n/a,n/a,n/a,n/a,n/a,
608719,608-71-9,PENTABROMOPHENOL,n/a,3.55E+04,3.12E+04,6.03E+05,3.18E+02,2.46E+04,2.46E+04,Interim,n/a,n/a,n/a,n/a,n/a,n/a,n/a,n/a,n/a,n/a,n/a,n/a,n/a,n/a,n/a,n/a,n/a,n/a,
608731,608-73-1,"1,2,3,4,5,6-HEXACHLOROCYCLOHEXANE",n/a,9.33E+03,9.07E+03,1.40E+05,4.28E+02,1.02E+04,1.02E+04,Recommended,n/a,4.91E-05,n/a,4.59E-05,n/a,7.88E-05,n/a,4.76E-06,n/a,1.31E-05,n/a,2.20E-05,n/a,Recommended,n/a,n/a,n/a,n/a,
608935,608-93-5,PENTACHLOROBENZENE,n/a,3.42E+02,3.41E+02,1.67E+04,1.42E+02,4.24E+02,4.24E+02,Recommended,n/a,n/a,2.46E-05,n/a,2.16E-05,n/a,1.05E-04,n/a,3.29E-05,n/a,1.07E-05,n/a,2.00E-05,n/a,Recommended,n/a,n/a,n/a,
609198,609-19-8,"3,4,5-TRICHLOROPHENOL",n/a,2.33E+03,1.77E+03,8.52E+04,1.78E+01,7.91E+02,7.91E+02,Recommended,n/a,n/a,n/a,n/a,n/a,n/a,n/a,n/a,n/a,n/a,n/a,n/a,n/a,n/a,n/a,n/a,n/a,n/a,
609201,609-20-1,"1,4-BENZENEDIAMINE, 2,6-DICHLORO-",n/a,n/a,n/a,n/a,n/a,n/a,n/a,n/a,n/a,6.44E-08,n/a,2.05E-08,n/a,2.83E-07,n/a,8.96E-11,n/a,1.34E-08,n/a,2.02E-08,n/a,Recommended,n/a,n/a,n/a,n/a,
609234,609-23-4,"2,4,6-TRIIODOPHENOL",n/a,2.58E+03,2.14E+03,4.10E+04,4.33E+00,1.53E+03,1.53E+03,Interim,n/a,n/a,n/a,n/a,n/a,n/a,n/a,n/a,n/a,n/a,n/a,n/a,n/a,n/a,n/a,n/a,n/a,n/a,
609267,609-26-7,3-ETHYL 2-METHYL PENTANE,n/a,n/a,n/a,n/a,n/a,n/a,n/a,n/a,n/a,n/a,n/a,n/a,n/a,n/a,n/a,n/a,n/a,n/a,n/a,n/a,n/a,n/a,n/a,n/a,n/a,1.33E+00,
609892,609-89-2,"2,4-DICHLORO-6-NITROPHENOL",n/a,6.87E+03,5.91E+03,9.78E+04,1.81E+01,3.80E+03,3.80E+03,Interim,n/a,n/a,n/a,n/a,n/a,n/a,n/a,n/a,n/a,n/a,n/a,n/a,n/a,n/a,n/a,n/a,n/a,n/a,
610399,610-39-9,"3,4-DINITROTOLUENE",n/a,7.39E+02,7.16E+02,1.17E+04,1.23E+01,4.13E+02,4.13E+02,Interim,n/a,n/a,n/a,n/a,n/a,n/a,n/a,n/a,n/a,n/a,n/a,n/a,n/a,n/a,n/a,n/a,n/a,n/a,
611063,611-06-3,"2,4-DICHLORONITROBENZENE",n/a,5.71E+01,5.68E+01,1.36E+03,8.50E+00,6.31E+01,6.31E+01,Recommended,n/a,n/a,n/a,n/a,n/a,n/a,n/a,n/a,n/a,n/a,n/a,n/a,n/a,n/a,n/a,n/a,n/a,n/a,
611143,611-14-3,O-ETHYL TOLUENE,n/a,n/a,n/a,n/a,n/a,n/a,n/a,n/a,n/a,n/a,n/a,n/a,n/a,n/a,n/a,n/a,n/a,n/a,n/a,n/a,n/a,n/a,n/a,n/a,n/a,5.59E+00,
611234,611-23-4,"BENZENE, 1-METHYL-2-NITROSO-",n/a,n/a,n/a,n/a,n/a,n/a,n/a,n/a,n/a,5.47E-07,n/a,2.75E-08,n/a,2.73E-07,n/a,5.83E-09,n/a,1.70E-08,n/a,4.52E-08,n/a,Recommended,n/a,n/a,n/a,n/a,
611347,611-34-7,5-AMINOQUINOLINE,n/a,2.83E+00,5.58E-01,1.58E+02,8.61E-07,1.24E+00,1.24E+00,Interim,n/a,n/a,n/a,n/a,n/a,n/a,n/a,n/a,n/a,n/a,n/a,n/a,n/a,n/a,n/a,n/a,n/a,n/a,
612828,612-82-8,"[1,1'-BIPHENYL]-4,4'-DIAMINE, 3,3'-DIMETHYL-, DIHYDROCHLORIDE",n/a,n/a,n/a,n/a,n/a,n/a,n/a,n/a,n/a,3.21E-05,n/a,6.25E-06,n/a,1.99E-04,n/a,1.45E-06,n/a,1.24E-06,n/a,2.36E-06,n/a,Recommended,n/a,n/a,n/a,n/a,
612839,612-83-9,"3,3'-DICHLOROBENZIDINE DIHYDROCHLORIDE",n/a,5.57E+02,3.56E+02,1.39E+04,8.34E-14,4.01E+01,4.01E+01,Interim,n/a,1.74E-05,n/a,1.40E-05,n/a,1.53E-05,n/a,1.31E-08,n/a,4.41E-08,n/a,6.65E-08,n/a,Interim,n/a,n/a,n/a,n/a,
613127,613-12-7,2-METHYLANTHRACENE,n/a,2.49E+01,6.29E+00,5.43E+04,9.65E-01,4.11E+01,4.11E+01,Interim,n/a,n/a,n/a,n/a,n/a,n/a,n/a,n/a,n/a,n/a,n/a,n/a,n/a,n/a,n/a,n/a,n/a,n/a,
613310,613-31-0,"9,10-DIHYDROANTHRACENE",n/a,1.11E+02,8.21E+01,1.58E+04,7.17E+00,2.49E+01,2.49E+01,Interim,n/a,n/a,n/a,n/a,n/a,n/a,n/a,n/a,n/a,n/a,n/a,n/a,n/a,n/a,n/a,n/a,n/a,n/a,
613456,613-45-6,"2,4-DIMETHOXYBENZALDEHYD",n/a,3.38E+01,2.58E+01,1.37E+03,1.55E-02,4.19E+02,4.19E+02,Interim,n/a,n/a,n/a,n/a,n/a,n/a,n/a,n/a,n/a,n/a,n/a,n/a,n/a,n/a,n/a,n/a,n/a,n/a,
613503,613-50-3,6-NITROQUINOLINE,n/a,3.12E+01,2.20E+01,6.33E+02,1.90E-03,5.23E+00,5.23E+00,Interim,n/a,n/a,n/a,n/a,n/a,n/a,n/a,n/a,n/a,n/a,n/a,n/a,n/a,n/a,n/a,n/a,n/a,n/a,
613945,613-94-5,BENZOYL HYDRAZINE,n/a,n/a,n/a,n/a,n/a,n/a,n/a,n/a,n/a,9.32E-06,n/a,4.72E-06,n/a,8.33E-06,n/a,1.58E-09,n/a,1.99E-06,n/a,3.31E-06,n/a,Recommended,n/a,n/a,n/a,n/a,
614006,614-00-6,N-METHYL-N-NITROSOBENZENEAMINE,n/a,n/a,n/a,n/a,n/a,n/a,n/a,n/a,n/a,2.38E-04,n/a,5.47E-05,n/a,6.34E-04,n/a,4.96E-07,n/a,4.40E-05,n/a,6.09E-05,n/a,Interim,n/a,n/a,n/a,n/a,
614802,614-80-2,O-HYDROXYACETANILIDE,n/a,2.47E+01,2.03E+01,4.41E+02,5.29E-06,5.05E+01,5.05E+01,Interim,n/a,n/a,n/a,n/a,n/a,n/a,n/a,n/a,n/a,n/a,n/a,n/a,n/a,n/a,n/a,n/a,n/a,n/a,
614959,614-95-9,ETHYL N-ETHYLNITROSOCARBAMATE,n/a,n/a,n/a,n/a,n/a,n/a,n/a,n/a,n/a,3.31E-04,n/a,4.16E-05,n/a,4.69E-04,n/a,6.09E-07,n/a,3.65E-05,n/a,6.58E-05,n/a,Recommended,n/a,n/a,n/a,n/a,
615281,615-28-1,O-PHENYLENEDIAMINE DIHYDROCHLORIDE,n/a,n/a,n/a,n/a,n/a,n/a,n/a,n/a,n/a,8.52E-08,n/a,2.22E-08,n/a,3.78E-07,n/a,7.61E-11,n/a,9.13E-08,n/a,1.27E-07,n/a,Recommended,n/a,n/a,n/a,n/a,
615361,615-36-1,O-BROMOANILINE,n/a,2.72E+00,2.58E+00,6.35E+02,1.14E-01,6.05E+01,6.05E+01,Interim,n/a,n/a,n/a,n/a,n/a,n/a,n/a,n/a,n/a,n/a,n/a,n/a,n/a,n/a,n/a,n/a,n/a,n/a,
615532,615-53-2,ETHYL N-METHYL-N-NITROSOCARBAMATE,n/a,n/a,n/a,n/a,n/a,n/a,n/a,n/a,n/a,1.07E-04,n/a,1.49E-05,n/a,1.22E-04,n/a,1.92E-07,n/a,1.47E-05,n/a,2.42E-05,n/a,Recommended,n/a,n/a,n/a,n/a,
615656,615-65-6,"BENZENAMINE, 2-CHLORO-4-METHYL-",n/a,1.02E+00,9.87E-01,3.35E+02,6.37E-02,2.23E+01,2.23E+01,Interim,n/a,n/a,n/a,n/a,n/a,n/a,n/a,n/a,n/a,n/a,n/a,n/a,n/a,n/a,n/a,n/a,n/a,n/a,
616126,616-12-6,TRANS-3-METHYL-2-PENTENE,n/a,n/a,n/a,n/a,n/a,n/a,n/a,n/a,n/a,n/a,n/a,n/a,n/a,n/a,n/a,n/a,n/a,n/a,n/a,n/a,n/a,n/a,n/a,n/a,n/a,1.32E+01,
616386,616-38-6,DIMETHYL CARBONATE,n/a,n/a,n/a,n/a,n/a,n/a,n/a,n/a,n/a,n/a,n/a,n/a,n/a,n/a,n/a,n/a,n/a,n/a,n/a,n/a,n/a,n/a,n/a,n/a,n/a,5.91E-02,
616455,616-45-5,PYRROLIDONE,n/a,8.03E+00,7.63E+00,6.93E+01,1.61E-05,1.78E+01,1.78E+01,Recommended,n/a,n/a,n/a,n/a,n/a,n/a,n/a,n/a,n/a,n/a,n/a,n/a,n/a,n/a,n/a,n/a,n/a,n/a,
616739,616-73-9,"2,4-DINITRO-5-METHYLPHENOL",n/a,6.83E+02,5.21E+02,1.15E+04,5.10E-03,2.88E+02,2.88E+02,Interim,n/a,n/a,n/a,n/a,n/a,n/a,n/a,n/a,n/a,n/a,n/a,n/a,n/a,n/a,n/a,n/a,n/a,n/a,
617516,617-51-6,2-HYDROXY-PROPIONIC ACID ISOPROPYL ESTER,n/a,1.68E+00,1.58E+00,1.72E+01,1.31E-03,4.78E+00,4.78E+00,Interim,n/a,n/a,n/a,n/a,n/a,n/a,n/a,n/a,n/a,n/a,n/a,n/a,n/a,n/a,n/a,n/a,n/a,n/a,
617787,617-78-7,3-ETHYL PENTANE,n/a,n/a,n/a,n/a,n/a,n/a,n/a,n/a,n/a,n/a,n/a,n/a,n/a,n/a,n/a,n/a,n/a,n/a,n/a,n/a,n/a,n/a,n/a,n/a,n/a,1.90E+00,
618622,618-62-2,"BENZENE, 1,3-DICHLORO-5-NITRO-",n/a,3.14E+02,3.12E+02,5.61E+03,2.86E+01,2.82E+02,2.82E+02,Recommended,n/a,n/a,n/a,n/a,n/a,n/a,n/a,n/a,n/a,n/a,n/a,n/a,n/a,n/a,n/a,n/a,n/a,n/a,
618859,618-85-9,"3,5-DINITROTOLUENE",n/a,8.25E+01,6.83E+01,1.18E+03,7.82E-02,3.95E+01,3.95E+01,Interim,n/a,n/a,n/a,n/a,n/a,n/a,n/a,n/a,n/a,n/a,n/a,n/a,n/a,n/a,n/a,n/a,n/a,n/a,
618871,618-87-1,"3,5-DINITROANILINE",n/a,3.42E+02,2.84E+02,4.33E+03,1.63E-03,2.15E+02,2.15E+02,Interim,n/a,n/a,n/a,n/a,n/a,n/a,n/a,n/a,n/a,n/a,n/a,n/a,n/a,n/a,n/a,n/a,n/a,n/a,
619158,619-15-8,"2,5-DINITROTOLUENE",n/a,9.92E+02,9.24E+02,1.52E+04,6.38E+00,5.24E+02,5.24E+02,Interim,n/a,n/a,n/a,n/a,n/a,n/a,n/a,n/a,n/a,n/a,n/a,n/a,n/a,n/a,n/a,n/a,n/a,n/a,
619249,619-24-9,3-CYANO-1-NITROBENZENE,n/a,8.61E+01,7.84E+01,7.20E+02,2.64E-02,7.33E+01,7.33E+01,Interim,n/a,n/a,n/a,n/a,n/a,n/a,n/a,n/a,n/a,n/a,n/a,n/a,n/a,n/a,n/a,n/a,n/a,n/a,
619501,619-50-1,METHYL P-NITROBENZOATE,n/a,6.48E+01,5.74E+01,7.72E+02,4.13E-02,4.87E+01,4.87E+01,Interim,n/a,n/a,n/a,n/a,n/a,n/a,n/a,n/a,n/a,n/a,n/a,n/a,n/a,n/a,n/a,n/a,n/a,n/a,
619727,619-72-7,1-NITRO-4-CYANOBENZENE,n/a,1.35E+02,1.23E+02,1.12E+03,2.02E-02,1.14E+02,1.14E+02,Interim,n/a,n/a,n/a,n/a,n/a,n/a,n/a,n/a,n/a,n/a,n/a,n/a,n/a,n/a,n/a,n/a,n/a,n/a,
619807,619-80-7,4-NITROBENZAMIDE,n/a,3.96E+01,3.68E+01,2.95E+02,9.15E-06,4.43E+01,4.43E+01,Interim,n/a,n/a,n/a,n/a,n/a,n/a,n/a,n/a,n/a,n/a,n/a,n/a,n/a,n/a,n/a,n/a,n/a,n/a,
620144,620-14-4,M-ETHYL TOLUENE,n/a,n/a,n/a,n/a,n/a,n/a,n/a,n/a,n/a,n/a,n/a,n/a,n/a,n/a,n/a,n/a,n/a,n/a,n/a,n/a,n/a,n/a,n/a,n/a,n/a,7.39E+00,
620882,620-88-2,4-NITRO DIPHENYL ETHER,n/a,1.36E+02,1.24E+02,6.64E+03,4.37E+00,5.08E+01,5.08E+01,Interim,n/a,n/a,n/a,n/a,n/a,n/a,n/a,n/a,n/a,n/a,n/a,n/a,n/a,n/a,n/a,n/a,n/a,n/a,
620951,620-95-1,3-BENZYLPYRIDINE,n/a,3.58E+01,2.20E+01,1.05E+03,1.91E-02,4.75E+00,4.75E+00,Interim,n/a,n/a,n/a,n/a,n/a,n/a,n/a,n/a,n/a,n/a,n/a,n/a,n/a,n/a,n/a,n/a,n/a,n/a,
621089,621-08-9,"BENZENE, 1,1'- SULFINYLBIS(METHYLENE) BIS-",n/a,8.51E+00,2.35E+00,4.62E+02,1.57E-05,2.88E+00,2.88E+00,Interim,n/a,n/a,n/a,n/a,n/a,n/a,n/a,n/a,n/a,n/a,n/a,n/a,n/a,n/a,n/a,n/a,n/a,n/a,
621421,621-42-1,M-HYDROXYACETANILIDE,n/a,3.75E-01,1.97E-01,1.66E+01,1.27E-08,1.93E+00,1.93E+00,Interim,n/a,n/a,n/a,n/a,n/a,n/a,n/a,n/a,n/a,n/a,n/a,n/a,n/a,n/a,n/a,n/a,n/a,n/a,
621647,621-64-7,N-NITROSODIPROPYLAMINE,n/a,n/a,n/a,n/a,n/a,n/a,n/a,n/a,n/a,1.46E-04,n/a,8.32E-06,n/a,3.13E-04,n/a,4.08E-07,n/a,1.78E-05,n/a,2.63E-05,n/a,Recommended,n/a,n/a,n/a,n/a,
621772,621-77-2,"1-PENTANAMINE, N,N-DIPENTYL-",n/a,8.05E-01,1.85E-01,1.35E+03,7.21E-03,5.52E-01,5.52E-01,Interim,n/a,n/a,n/a,n/a,n/a,n/a,n/a,n/a,n/a,n/a,n/a,n/a,n/a,n/a,n/a,n/a,n/a,n/a,
622402,622-40-2,4-MORPHOLINEETHANOL,n/a,2.34E-01,2.06E-01,6.93E+00,8.58E-07,2.22E+00,2.22E+00,Interim,n/a,n/a,n/a,n/a,n/a,n/a,n/a,n/a,n/a,n/a,n/a,n/a,n/a,n/a,n/a,n/a,n/a,n/a,
622457,622-45-7,CYCLOHEXYL ACETATE,n/a,5.35E-03,5.09E-03,3.17E+01,4.30E-04,6.87E-01,6.87E-01,Interim,n/a,n/a,n/a,n/a,n/a,n/a,n/a,n/a,n/a,n/a,n/a,n/a,n/a,n/a,n/a,n/a,n/a,n/a,
622515,622-51-5,4-METHYLPHENYLUREA,n/a,n/a,n/a,n/a,n/a,n/a,n/a,n/a,n/a,2.44E-07,n/a,5.46E-08,n/a,3.89E-07,n/a,9.79E-11,n/a,3.74E-08,n/a,7.70E-08,n/a,Recommended,n/a,n/a,n/a,n/a,
622582,622-58-2,P-TOLUENE ISOCYANATE,n/a,n/a,n/a,n/a,n/a,n/a,n/a,n/a,n/a,n/a,n/a,n/a,n/a,n/a,n/a,n/a,n/a,n/a,n/a,n/a,n/a,n/a,n/a,n/a,n/a,1.06E+00,
622786,622-78-6,BENZYLISOTHIOCYANATE,n/a,3.11E+03,3.03E+03,2.08E+05,8.97E+01,3.82E+03,3.82E+03,Interim,n/a,n/a,n/a,n/a,n/a,n/a,n/a,n/a,n/a,n/a,n/a,n/a,n/a,n/a,n/a,n/a,n/a,n/a,
622968,622-96-8,P-ETHYL TOLUENE,n/a,n/a,n/a,n/a,n/a,n/a,n/a,n/a,n/a,n/a,n/a,n/a,n/a,n/a,n/a,n/a,n/a,n/a,n/a,n/a,n/a,n/a,n/a,n/a,n/a,4.44E+00,
623007,623-00-7,4-BROMOBENZONITRILE,n/a,1.60E+01,1.58E+01,2.35E+02,3.46E-01,2.20E+01,2.20E+01,Interim,n/a,n/a,n/a,n/a,n/a,n/a,n/a,n/a,n/a,n/a,n/a,n/a,n/a,n/a,n/a,n/a,n/a,n/a,
623030,623-03-0,"BENZONITRILE, 4-CHLORO-",n/a,1.30E+01,1.28E+01,1.95E+02,4.47E-01,1.80E+01,1.80E+01,Interim,n/a,n/a,n/a,n/a,n/a,n/a,n/a,n/a,n/a,n/a,n/a,n/a,n/a,n/a,n/a,n/a,n/a,n/a,
623052,623-05-2,P-HYDROXYBENZYL ALCOHOL,n/a,7.18E-02,5.61E-02,1.79E+00,6.86E-07,2.78E-01,2.78E-01,Interim,n/a,n/a,n/a,n/a,n/a,n/a,n/a,n/a,n/a,n/a,n/a,n/a,n/a,n/a,n/a,n/a,n/a,n/a,
623121,623-12-1,4-CHLOROANISOLE,n/a,3.21E+00,3.21E+00,1.08E+03,5.06E-01,5.77E+01,5.77E+01,Interim,n/a,n/a,n/a,n/a,n/a,n/a,n/a,n/a,n/a,n/a,n/a,n/a,n/a,n/a,n/a,n/a,n/a,n/a,
623256,623-25-6,"BENZENE, 1,4-BIS(CHLOROMETHYL)-",n/a,6.33E+03,6.16E+03,2.06E+05,3.02E+02,3.28E+03,3.28E+03,Interim,n/a,n/a,n/a,n/a,n/a,n/a,n/a,n/a,n/a,n/a,n/a,n/a,n/a,n/a,n/a,n/a,n/a,n/a,
623370,623-37-0,3-HEXANOL,n/a,7.85E-02,7.94E-02,1.14E+01,3.29E-03,1.73E+00,1.73E+00,Recommended,n/a,n/a,n/a,n/a,n/a,n/a,n/a,n/a,n/a,n/a,n/a,n/a,n/a,n/a,n/a,n/a,n/a,n/a,
623427,623-42-7,METHYL BUTYRATE,n/a,n/a,n/a,n/a,n/a,n/a,n/a,n/a,n/a,n/a,n/a,n/a,n/a,n/a,n/a,n/a,n/a,n/a,n/a,n/a,n/a,n/a,n/a,n/a,n/a,1.09E+00,
623847,623-84-7,"1,2-PROPYLENE GLYCOL DIACETATE",n/a,n/a,n/a,n/a,n/a,n/a,n/a,n/a,n/a,n/a,n/a,n/a,n/a,n/a,n/a,n/a,n/a,n/a,n/a,n/a,n/a,n/a,n/a,n/a,n/a,6.13E-01,
623916,623-91-6,"2-BUTENEDIOIC ACID (E)-, DIETHYL ESTER",n/a,9.76E+01,8.72E+01,3.32E+03,2.26E-01,6.41E+02,6.41E+02,Interim,n/a,n/a,n/a,n/a,n/a,n/a,n/a,n/a,n/a,n/a,n/a,n/a,n/a,n/a,n/a,n/a,n/a,n/a,
624248,624-24-8,METHYL PENTANOATE; METHYL VALERATE,n/a,n/a,n/a,n/a,n/a,n/a,n/a,n/a,n/a,n/a,n/a,n/a,n/a,n/a,n/a,n/a,n/a,n/a,n/a,n/a,n/a,n/a,n/a,n/a,n/a,1.05E+00,
624419,624-41-9,2-METHYL-1-BUTYL ACETATE,n/a,n/a,n/a,n/a,n/a,n/a,n/a,n/a,n/a,n/a,n/a,n/a,n/a,n/a,n/a,n/a,n/a,n/a,n/a,n/a,n/a,n/a,n/a,n/a,n/a,1.08E+00,
624544,624-54-4,N-PENTYL PROPIONATE,n/a,n/a,n/a,n/a,n/a,n/a,n/a,n/a,n/a,n/a,n/a,n/a,n/a,n/a,n/a,n/a,n/a,n/a,n/a,n/a,n/a,n/a,n/a,n/a,n/a,7.13E-01,
624646,624-64-6,TRANS-2-BUTENE,n/a,n/a,n/a,n/a,n/a,n/a,n/a,n/a,n/a,n/a,n/a,n/a,n/a,n/a,n/a,n/a,n/a,n/a,n/a,n/a,n/a,n/a,n/a,n/a,n/a,1.52E+01,
624726,624-72-6,HFC-152,n/a,n/a,n/a,n/a,n/a,n/a,n/a,n/a,5.30E+01,n/a,n/a,n/a,n/a,n/a,n/a,n/a,n/a,n/a,n/a,n/a,n/a,n/a,n/a,n/a,n/a,n/a,
624840,624-84-0,N-FORMYLHYDRAZINE,n/a,n/a,n/a,n/a,n/a,n/a,n/a,n/a,n/a,2.60E-06,n/a,1.38E-06,n/a,2.19E-06,n/a,4.00E-10,n/a,7.19E-07,n/a,1.05E-06,n/a,Interim,n/a,n/a,n/a,n/a,
624919,624-91-9,METHYL NITRITE,n/a,n/a,n/a,n/a,n/a,n/a,n/a,n/a,n/a,n/a,n/a,n/a,n/a,n/a,n/a,n/a,n/a,n/a,n/a,n/a,n/a,n/a,n/a,n/a,n/a,1.08E+01,
625274,625-27-4,2-METHYL-2-PENTENE,n/a,n/a,n/a,n/a,n/a,n/a,n/a,n/a,n/a,n/a,n/a,n/a,n/a,n/a,n/a,n/a,n/a,n/a,n/a,n/a,n/a,n/a,n/a,n/a,n/a,1.10E+01,
625536,625-53-6,N-ETHYLTHIOUREA,n/a,2.69E+01,1.67E+01,1.30E+03,5.06E-03,2.30E+02,2.30E+02,Interim,n/a,n/a,n/a,n/a,n/a,n/a,n/a,n/a,n/a,n/a,n/a,n/a,n/a,n/a,n/a,n/a,n/a,n/a,
625547,625-54-7,ETHYL ISOPROPYL ETHER,n/a,n/a,n/a,n/a,n/a,n/a,n/a,n/a,n/a,n/a,n/a,n/a,n/a,n/a,n/a,n/a,n/a,n/a,n/a,n/a,n/a,n/a,n/a,n/a,n/a,3.74E+00,
625558,625-55-8,ISOPROPYL FORMATE,n/a,n/a,n/a,n/a,n/a,n/a,n/a,n/a,n/a,n/a,n/a,n/a,n/a,n/a,n/a,n/a,n/a,n/a,n/a,n/a,n/a,n/a,n/a,n/a,n/a,3.68E-01,
625650,625-65-0,"2,4-DIMETHYL-2-PENTENE",n/a,n/a,n/a,n/a,n/a,n/a,n/a,n/a,n/a,n/a,n/a,n/a,n/a,n/a,n/a,n/a,n/a,n/a,n/a,n/a,n/a,n/a,n/a,n/a,n/a,9.29E+00,
625865,625-86-5,"2,5-DIMETHYL FURAN",n/a,1.76E-03,9.97E-04,5.61E+01,9.20E-05,5.94E-01,5.94E-01,Interim,n/a,n/a,n/a,n/a,n/a,n/a,n/a,n/a,n/a,n/a,n/a,n/a,n/a,n/a,n/a,n/a,n/a,7.88E+00,
626175,626-17-5,"1,3-DICYANOBENZENE",n/a,7.21E+01,6.47E+01,6.32E+02,8.24E-04,5.82E+01,5.82E+01,Interim,n/a,n/a,n/a,n/a,n/a,n/a,n/a,n/a,n/a,n/a,n/a,n/a,n/a,n/a,n/a,n/a,n/a,n/a,
626437,626-43-7,"3,5-DICHLOROANILINE",n/a,7.88E+01,4.44E+01,1.21E+04,3.68E-01,6.06E+02,6.06E+02,Recommended,n/a,n/a,n/a,n/a,n/a,n/a,n/a,n/a,n/a,n/a,n/a,n/a,n/a,n/a,n/a,n/a,n/a,n/a,
626608,626-60-8,3-CHLOROPYRIDINE,n/a,4.86E-01,4.84E-01,1.18E+01,5.97E-02,1.08E+00,1.08E+00,Interim,n/a,n/a,n/a,n/a,n/a,n/a,n/a,n/a,n/a,n/a,n/a,n/a,n/a,n/a,n/a,n/a,n/a,n/a,
626620,626-62-0,"CYCLOHEXANE, IODO-",n/a,6.84E-02,6.33E-02,7.51E+02,1.05E-02,9.84E+00,9.84E+00,Interim,n/a,n/a,n/a,n/a,n/a,n/a,n/a,n/a,n/a,n/a,n/a,n/a,n/a,n/a,n/a,n/a,n/a,n/a,
626642,626-64-2,4-HYDROXYPYRIDINE,n/a,2.11E-01,1.81E-01,5.11E+00,1.02E-06,1.35E+00,1.35E+00,Interim,n/a,n/a,n/a,n/a,n/a,n/a,n/a,n/a,n/a,n/a,n/a,n/a,n/a,n/a,n/a,n/a,n/a,n/a,
626937,626-93-7,2-HEXANOL,n/a,1.36E-01,1.35E-01,1.38E+01,2.47E-03,1.71E+00,1.71E+00,Recommended,n/a,n/a,n/a,n/a,n/a,n/a,n/a,n/a,n/a,n/a,n/a,n/a,n/a,n/a,n/a,n/a,n/a,2.08E+00,
627203,627-20-3,CIS-2-PENTENE,n/a,n/a,n/a,n/a,n/a,n/a,n/a,n/a,n/a,n/a,n/a,n/a,n/a,n/a,n/a,n/a,n/a,n/a,n/a,n/a,n/a,n/a,n/a,n/a,n/a,1.04E+01,
627305,627-30-5,3-CHLORO-1-PROPANOL,n/a,6.07E+00,5.79E+00,4.78E+01,3.18E-03,1.28E+01,1.28E+01,Interim,n/a,n/a,n/a,n/a,n/a,n/a,n/a,n/a,n/a,n/a,n/a,n/a,n/a,n/a,n/a,n/a,n/a,n/a,
627634,627-63-4,FUMARYL CHLORIDE,n/a,5.31E+00,5.16E+00,2.31E+02,5.13E-02,5.48E+01,5.48E+01,Interim,n/a,n/a,n/a,n/a,n/a,n/a,n/a,n/a,n/a,n/a,n/a,n/a,n/a,n/a,n/a,n/a,n/a,n/a,
627930,627-93-0,DIMETHYL ADIPATE,n/a,n/a,n/a,n/a,n/a,n/a,n/a,n/a,n/a,n/a,n/a,n/a,n/a,n/a,n/a,n/a,n/a,n/a,n/a,n/a,n/a,n/a,n/a,n/a,n/a,1.80E+00,
627974,627-97-4,2-METHYL-2-HEPTENE,n/a,n/a,n/a,n/a,n/a,n/a,n/a,n/a,n/a,n/a,n/a,n/a,n/a,n/a,n/a,n/a,n/a,n/a,n/a,n/a,n/a,n/a,n/a,n/a,n/a,8.33E+00,
628024,628-02-4,HEXANAMIDE,n/a,n/a,n/a,n/a,n/a,n/a,n/a,n/a,n/a,3.88E-08,n/a,1.59E-08,n/a,4.10E-08,n/a,9.58E-12,n/a,5.77E-09,n/a,1.03E-08,n/a,Recommended,n/a,n/a,n/a,n/a,
628284,628-28-4,METHYL N-BUTYL ETHER,n/a,n/a,n/a,n/a,n/a,n/a,n/a,n/a,n/a,n/a,n/a,n/a,n/a,n/a,n/a,n/a,n/a,n/a,n/a,n/a,n/a,n/a,n/a,n/a,n/a,3.15E+00,
628364,628-36-4,DIFORMYLHYDRAZINE,n/a,n/a,n/a,n/a,n/a,n/a,n/a,n/a,n/a,1.28E-07,n/a,6.26E-08,n/a,1.20E-07,n/a,2.01E-11,n/a,3.87E-08,n/a,5.69E-08,n/a,Interim,n/a,n/a,n/a,n/a,
628557,628-55-7,DI-ISOBUTYL ETHER,n/a,n/a,n/a,n/a,n/a,n/a,n/a,n/a,n/a,n/a,n/a,n/a,n/a,n/a,n/a,n/a,n/a,n/a,n/a,n/a,n/a,n/a,n/a,n/a,n/a,1.20E+00,
628637,628-63-7,PENTYL ACETATE,n/a,5.39E-02,5.39E-02,2.18E+01,2.53E-03,1.01E+00,1.01E+00,Recommended,n/a,n/a,n/a,n/a,n/a,n/a,n/a,n/a,n/a,n/a,n/a,n/a,n/a,n/a,n/a,n/a,n/a,8.39E-01,
628762,628-76-2,"1,5-DICHLOROPENTANE",n/a,7.45E-01,7.41E-01,2.03E+02,1.24E-01,7.26E+00,7.26E+00,Interim,n/a,n/a,n/a,n/a,n/a,n/a,n/a,n/a,n/a,n/a,n/a,n/a,n/a,n/a,n/a,n/a,n/a,n/a,
628819,628-81-9,ETHYL N-BUTYL ETHER,n/a,n/a,n/a,n/a,n/a,n/a,n/a,n/a,n/a,n/a,n/a,n/a,n/a,n/a,n/a,n/a,n/a,n/a,n/a,n/a,n/a,n/a,n/a,n/a,n/a,3.48E+00,
628922,628-92-2,CYCLOHEPTENE,n/a,3.71E-04,1.14E-04,3.72E+01,1.06E-05,1.33E-01,1.33E-01,Interim,n/a,n/a,n/a,n/a,n/a,n/a,n/a,n/a,n/a,n/a,n/a,n/a,n/a,n/a,n/a,n/a,n/a,n/a,
629049,629-04-9,1-BROMOHEPTANE,n/a,1.08E-01,7.98E-02,3.03E+03,6.45E-03,9.45E+00,9.45E+00,Interim,n/a,n/a,n/a,n/a,n/a,n/a,n/a,n/a,n/a,n/a,n/a,n/a,n/a,n/a,n/a,n/a,n/a,n/a,
629118,629-11-8,"1,6-HEXANEDIOL",n/a,1.03E+00,9.74E-01,9.73E+00,3.52E-06,2.50E+00,2.50E+00,Recommended,n/a,n/a,n/a,n/a,n/a,n/a,n/a,n/a,n/a,n/a,n/a,n/a,n/a,n/a,n/a,n/a,n/a,n/a,
629141,629-14-1,"ETHYLENE GLYCOL DIETHYL ETHER; 1,2-DIETHOXYETHANE",n/a,n/a,n/a,n/a,n/a,n/a,n/a,n/a,n/a,n/a,n/a,n/a,n/a,n/a,n/a,n/a,n/a,n/a,n/a,n/a,n/a,n/a,n/a,n/a,n/a,2.95E+00,
629196,629-19-6,"4,5-DITHIAOCTANE",n/a,5.50E-02,2.38E-02,1.67E+03,1.97E-03,1.36E+01,1.36E+01,Interim,n/a,n/a,n/a,n/a,n/a,n/a,n/a,n/a,n/a,n/a,n/a,n/a,n/a,n/a,n/a,n/a,n/a,n/a,
629403,629-40-3,OCTANEDINITRILE,n/a,9.60E+00,9.00E+00,7.36E+01,2.65E-03,1.27E+01,1.27E+01,Interim,n/a,n/a,n/a,n/a,n/a,n/a,n/a,n/a,n/a,n/a,n/a,n/a,n/a,n/a,n/a,n/a,n/a,n/a,
629505,629-50-5,N-TRIDECANE,n/a,n/a,n/a,n/a,n/a,n/a,n/a,n/a,n/a,n/a,n/a,n/a,n/a,n/a,n/a,n/a,n/a,n/a,n/a,n/a,n/a,n/a,n/a,n/a,n/a,5.29E-01,
629594,629-59-4,N-TETRADECANE,n/a,n/a,n/a,n/a,n/a,n/a,n/a,n/a,n/a,n/a,n/a,n/a,n/a,n/a,n/a,n/a,n/a,n/a,n/a,n/a,n/a,n/a,n/a,n/a,n/a,5.13E-01,
629629,629-62-9,N-PENTADECANE,n/a,n/a,n/a,n/a,n/a,n/a,n/a,n/a,n/a,n/a,n/a,n/a,n/a,n/a,n/a,n/a,n/a,n/a,n/a,n/a,n/a,n/a,n/a,n/a,n/a,4.95E-01,
629787,629-78-7,N-C17,n/a,n/a,n/a,n/a,n/a,n/a,n/a,n/a,n/a,n/a,n/a,n/a,n/a,n/a,n/a,n/a,n/a,n/a,n/a,n/a,n/a,n/a,n/a,n/a,n/a,4.22E-01,
629925,629-92-5,N-C19,n/a,n/a,n/a,n/a,n/a,n/a,n/a,n/a,n/a,n/a,n/a,n/a,n/a,n/a,n/a,n/a,n/a,n/a,n/a,n/a,n/a,n/a,n/a,n/a,n/a,3.78E-01,
629947,629-94-7,N-C21,n/a,n/a,n/a,n/a,n/a,n/a,n/a,n/a,n/a,n/a,n/a,n/a,n/a,n/a,n/a,n/a,n/a,n/a,n/a,n/a,n/a,n/a,n/a,n/a,n/a,3.42E-01,
629970,629-97-0,N-C22,n/a,n/a,n/a,n/a,n/a,n/a,n/a,n/a,n/a,n/a,n/a,n/a,n/a,n/a,n/a,n/a,n/a,n/a,n/a,n/a,n/a,n/a,n/a,n/a,n/a,3.27E-01,
630080,630-08-0,CARBON MONOXIDE,n/a,n/a,n/a,n/a,n/a,n/a,n/a,n/a,n/a,n/a,n/a,n/a,n/a,n/a,n/a,n/a,n/a,n/a,n/a,n/a,n/a,n/a,n/a,3.56E-04,n/a,5.56E-02,
630193,630-19-3,"2,2-DIMETHYLPROPANAL (PIVALDEHYDE)",n/a,n/a,n/a,n/a,n/a,n/a,n/a,n/a,n/a,n/a,n/a,n/a,n/a,n/a,n/a,n/a,n/a,n/a,n/a,n/a,n/a,n/a,n/a,n/a,n/a,4.89E+00,
630206,630-20-6,"1,1,1,2-TETRACHLOROETHANE",n/a,2.63E+00,2.63E+00,1.72E+02,6.54E-01,1.06E+01,1.06E+01,Recommended,n/a,7.70E-07,3.91E-07,4.98E-07,2.53E-07,6.64E-07,3.37E-07,1.40E-07,7.08E-08,4.08E-07,2.07E-07,4.87E-07,2.47E-07,Recommended,Recommended,n/a,n/a,n/a,
631618,631-61-8,"ACETIC ACID, AMMONIUM SALT",n/a,9.19E+01,9.09E+01,3.35E+02,2.49E-06,1.06E+02,1.06E+02,Interim,n/a,n/a,n/a,n/a,n/a,n/a,n/a,n/a,n/a,n/a,n/a,n/a,n/a,n/a,n/a,n/a,n/a,n/a,
631641,631-64-1,"ACETIC ACID, DIBROMO-",n/a,4.89E+01,4.82E+01,1.90E+02,3.09E-04,5.85E+01,5.85E+01,Interim,n/a,n/a,n/a,n/a,n/a,n/a,n/a,n/a,n/a,n/a,n/a,n/a,n/a,n/a,n/a,n/a,n/a,n/a,
632224,632-22-4,TETRAMETHYLUREA,n/a,7.68E-01,7.31E-01,1.46E+01,2.67E-03,3.37E+00,3.37E+00,Recommended,n/a,n/a,n/a,n/a,n/a,n/a,n/a,n/a,n/a,n/a,n/a,n/a,n/a,n/a,n/a,n/a,n/a,n/a,
632995,632-99-5,ROSANILINE,n/a,7.98E+01,4.10E+01,2.80E+03,2.30E-08,1.11E+00,1.11E+00,Interim,n/a,n/a,n/a,n/a,n/a,n/a,n/a,n/a,n/a,n/a,n/a,n/a,n/a,n/a,n/a,n/a,n/a,n/a,
633965,633-96-5,ORANGE II,n/a,3.78E+00,2.49E+00,9.04E+01,1.32E-20,4.95E-01,4.95E-01,Interim,n/a,n/a,n/a,n/a,n/a,n/a,n/a,n/a,n/a,n/a,n/a,n/a,n/a,n/a,n/a,n/a,n/a,n/a,
634662,634-66-2,"1,2,3,4-TETRACHLOROBENZENE",n/a,2.07E+02,2.05E+02,1.28E+04,4.57E+01,9.48E+01,9.48E+01,Recommended,n/a,n/a,n/a,n/a,n/a,n/a,n/a,n/a,n/a,n/a,n/a,n/a,n/a,n/a,n/a,n/a,n/a,n/a,
634673,634-67-3,"2,3,4-TRICHLOROANILINE",n/a,5.20E+02,4.73E+02,2.39E+04,9.49E+00,1.46E+03,1.46E+03,Recommended,n/a,n/a,n/a,n/a,n/a,n/a,n/a,n/a,n/a,n/a,n/a,n/a,n/a,n/a,n/a,n/a,n/a,n/a,
634833,634-83-3,"2,3,4,5-TETRACHLOROANILINE",n/a,7.13E+02,7.02E+02,4.18E+04,1.19E+02,2.58E+03,2.58E+03,Recommended,n/a,n/a,n/a,n/a,n/a,n/a,n/a,n/a,n/a,n/a,n/a,n/a,n/a,n/a,n/a,n/a,n/a,n/a,
634902,634-90-2,"1,2,3,5-TETRACHLOROBENZENE",n/a,1.57E+01,1.56E+01,2.00E+03,3.60E+00,2.80E+01,2.80E+01,Recommended,n/a,n/a,n/a,n/a,n/a,n/a,n/a,n/a,n/a,n/a,n/a,n/a,n/a,n/a,n/a,n/a,n/a,n/a,
634935,634-93-5,"2,4,6-TRICHLOROANILINE",n/a,1.26E+02,1.22E+02,3.63E+03,1.12E+01,3.70E+01,3.70E+01,Interim,n/a,3.97E-07,n/a,2.08E-07,n/a,5.63E-07,n/a,3.68E-08,n/a,2.71E-08,n/a,4.53E-08,n/a,Recommended,n/a,n/a,n/a,n/a,
635938,635-93-8,"BENZALDEHYDE, 5-CHLORO-2-HYDROXY-",n/a,3.68E+03,3.40E+03,5.03E+04,1.41E+00,1.33E+04,1.33E+04,Interim,n/a,n/a,n/a,n/a,n/a,n/a,n/a,n/a,n/a,n/a,n/a,n/a,n/a,n/a,n/a,n/a,n/a,n/a,
636215,636-21-5,2-METHYLBENZENAMINE HYDROCHLORIDE,n/a,n/a,n/a,n/a,n/a,n/a,n/a,n/a,n/a,4.42E-07,n/a,8.76E-09,n/a,9.25E-07,n/a,5.40E-10,n/a,4.87E-08,n/a,8.45E-08,n/a,Recommended,n/a,n/a,n/a,n/a,
636237,636-23-7,"2,4-DIAMINOTOLUENE DIHYDROCHLORIDE",n/a,n/a,n/a,n/a,n/a,n/a,n/a,n/a,n/a,4.83E-06,n/a,1.33E-06,n/a,3.06E-05,n/a,2.21E-07,n/a,5.91E-06,n/a,7.55E-06,n/a,Recommended,n/a,n/a,n/a,n/a,
636306,636-30-6,"2,4,5-TRICHLOROANILINE",n/a,1.27E+02,1.21E+02,7.37E+03,5.03E+00,2.90E+02,2.90E+02,Recommended,n/a,n/a,n/a,n/a,n/a,n/a,n/a,n/a,n/a,n/a,n/a,n/a,n/a,n/a,n/a,n/a,n/a,n/a,
637070,637-07-0,CLOFIBRATE,n/a,n/a,n/a,n/a,n/a,n/a,n/a,n/a,n/a,2.07E-07,n/a,4.90E-08,n/a,3.67E-07,n/a,1.65E-08,n/a,2.58E-08,n/a,1.52E-07,n/a,Recommended,n/a,n/a,n/a,n/a,
637503,637-50-3,?-METHYL STYRENE,n/a,n/a,n/a,n/a,n/a,n/a,n/a,n/a,n/a,n/a,n/a,n/a,n/a,n/a,n/a,n/a,n/a,n/a,n/a,n/a,n/a,n/a,n/a,n/a,n/a,1.01E+00,
637923,637-92-3,ETHYL TERT-BUTYL ETHER,n/a,n/a,n/a,n/a,n/a,n/a,n/a,n/a,n/a,n/a,n/a,n/a,n/a,n/a,n/a,n/a,n/a,n/a,n/a,n/a,n/a,n/a,n/a,n/a,n/a,2.01E+00,
638039,638-03-9,"M-TOLUIDINE, HYDROCHLORIDE",n/a,n/a,n/a,n/a,n/a,n/a,n/a,n/a,n/a,2.05E-08,n/a,3.68E-10,n/a,5.10E-08,n/a,3.24E-11,n/a,6.00E-09,n/a,1.06E-08,n/a,Recommended,n/a,n/a,n/a,n/a,
639587,639-58-7,TRIPHENYLTIN CHLORIDE,n/a,4.92E+04,3.11E+04,2.30E+06,1.78E+02,3.06E+02,3.06E+02,Interim,n/a,n/a,9.81E-05,n/a,7.16E-05,n/a,2.82E-05,n/a,3.19E-06,n/a,3.51E-08,n/a,9.89E-08,n/a,Interim,n/a,n/a,n/a,
640153,640-15-3,THIOMETON,n/a,1.04E+02,3.43E+01,5.59E+03,1.32E-03,1.61E+02,1.61E+02,Recommended,n/a,n/a,2.20E-05,n/a,3.71E-06,n/a,7.61E-05,n/a,7.46E-07,n/a,2.21E-06,n/a,8.57E-06,n/a,Recommended,n/a,n/a,n/a,
644644,644-64-4,DIMETILAN,n/a,1.07E+05,9.06E+04,3.26E+06,1.18E+01,1.08E+06,1.08E+06,Interim,n/a,n/a,n/a,n/a,n/a,n/a,n/a,n/a,n/a,n/a,n/a,n/a,n/a,n/a,n/a,n/a,n/a,n/a,
645567,645-56-7,4-PROPYLPHENOL,n/a,1.78E+01,6.88E+00,1.57E+03,1.30E-02,1.17E+01,1.17E+01,Interim,n/a,n/a,n/a,n/a,n/a,n/a,n/a,n/a,n/a,n/a,n/a,n/a,n/a,n/a,n/a,n/a,n/a,n/a,
645625,645-62-5,2-ETHYL-2-HEXENAL,n/a,1.32E-01,1.39E-01,3.09E+02,1.08E-02,2.58E+01,2.58E+01,Recommended,n/a,n/a,n/a,n/a,n/a,n/a,n/a,n/a,n/a,n/a,n/a,n/a,n/a,n/a,n/a,n/a,n/a,n/a,
646048,646-04-8,TRANS-2-PENTENE,n/a,n/a,n/a,n/a,n/a,n/a,n/a,n/a,n/a,n/a,n/a,n/a,n/a,n/a,n/a,n/a,n/a,n/a,n/a,n/a,n/a,n/a,n/a,n/a,n/a,1.06E+01,
646060,646-06-0,"1,3-DIOXALANE",n/a,1.10E-02,1.11E-02,9.32E-01,3.72E-04,1.94E-01,1.94E-01,Interim,n/a,n/a,n/a,n/a,n/a,n/a,n/a,n/a,n/a,n/a,n/a,n/a,n/a,n/a,n/a,n/a,n/a,4.96E+00,
646071,646-07-1,4-METHYLPENTANOIC ACID,n/a,2.69E-01,2.64E-01,1.14E+01,2.38E-03,1.68E+00,1.68E+00,Interim,n/a,n/a,n/a,n/a,n/a,n/a,n/a,n/a,n/a,n/a,n/a,n/a,n/a,n/a,n/a,n/a,n/a,n/a,
650511,650-51-1,SODIUM TRICHLOROACETATE,n/a,5.55E+02,5.55E+02,1.64E+03,1.26E-08,6.60E+02,6.60E+02,Interim,n/a,n/a,n/a,n/a,n/a,n/a,n/a,n/a,n/a,n/a,n/a,n/a,n/a,n/a,n/a,n/a,n/a,n/a,
653372,653-37-2,PENTAFLUOR-BENZALDEHYD,n/a,7.91E-01,7.99E-01,3.59E+03,3.30E-01,2.77E+02,2.77E+02,Interim,n/a,n/a,n/a,n/a,n/a,n/a,n/a,n/a,n/a,n/a,n/a,n/a,n/a,n/a,n/a,n/a,n/a,n/a,
661972,661-97-2,CFC-216,n/a,n/a,n/a,n/a,n/a,n/a,n/a,n/a,n/a,n/a,n/a,n/a,n/a,n/a,n/a,n/a,n/a,n/a,n/a,n/a,n/a,n/a,n/a,n/a,1.00E+00,n/a,
666273,666-27-3,HCFC-241,n/a,n/a,n/a,n/a,n/a,n/a,n/a,n/a,n/a,n/a,n/a,n/a,n/a,n/a,n/a,n/a,n/a,n/a,n/a,n/a,n/a,n/a,n/a,n/a,4.70E-02,n/a,
674760,674-76-0,TRANS-4-METHYL-2-PENTENE,n/a,n/a,n/a,n/a,n/a,n/a,n/a,n/a,n/a,n/a,n/a,n/a,n/a,n/a,n/a,n/a,n/a,n/a,n/a,n/a,n/a,n/a,n/a,n/a,n/a,8.12E+00,
677565,677-56-5,HFC-236cb,n/a,n/a,n/a,n/a,n/a,n/a,n/a,n/a,1.34E+03,n/a,n/a,n/a,n/a,n/a,n/a,n/a,n/a,n/a,n/a,n/a,n/a,n/a,n/a,n/a,n/a,n/a,
678262,678-26-2,PFC-4-1-12,n/a,n/a,n/a,n/a,n/a,n/a,n/a,n/a,9.16E+03,n/a,n/a,n/a,n/a,n/a,n/a,n/a,n/a,n/a,n/a,n/a,n/a,n/a,n/a,n/a,n/a,n/a,
679867,679-86-7,HFC-245ca,n/a,n/a,n/a,n/a,n/a,n/a,n/a,n/a,6.93E+02,n/a,n/a,n/a,n/a,n/a,n/a,n/a,n/a,n/a,n/a,n/a,n/a,n/a,n/a,n/a,n/a,n/a,
680319,680-31-9,HEXAMETHYLPHOSPHORAMIDE,n/a,1.04E-01,8.23E-02,3.09E+00,2.55E-06,7.22E-01,7.22E-01,Interim,n/a,7.01E-04,n/a,1.28E-04,n/a,1.31E-03,n/a,2.70E-07,n/a,3.06E-04,n/a,5.09E-04,n/a,Interim,n/a,n/a,n/a,n/a,
683181,683-18-1,DIBUTYL DICHLORO TIN,n/a,1.29E+01,1.03E+01,1.63E+04,6.38E-01,6.04E+01,6.04E+01,Interim,n/a,n/a,n/a,n/a,n/a,n/a,n/a,n/a,n/a,n/a,n/a,n/a,n/a,n/a,n/a,n/a,n/a,n/a,
683727,683-72-7,"ACETAMIDE, 2,2-DICHLORO-",n/a,4.09E+01,4.06E+01,1.62E+02,4.45E-03,5.68E+01,5.68E+01,Interim,n/a,n/a,n/a,n/a,n/a,n/a,n/a,n/a,n/a,n/a,n/a,n/a,n/a,n/a,n/a,n/a,n/a,n/a,
684935,684-93-5,N-METHYL-N-NITROSOUREA,n/a,2.48E+01,2.38E+01,1.59E+02,1.22E-02,3.51E+01,3.51E+01,Interim,n/a,4.91E-04,n/a,2.07E-04,n/a,4.79E-04,n/a,1.89E-07,n/a,1.22E-04,n/a,1.73E-04,n/a,Recommended,n/a,n/a,n/a,n/a,
685916,685-91-6,DIETHYLACETAMIDE,n/a,1.39E-01,1.06E-01,1.11E+01,3.82E-04,8.41E-01,8.41E-01,Interim,n/a,3.08E-06,n/a,1.99E-07,n/a,4.50E-06,n/a,1.68E-09,n/a,3.63E-07,n/a,5.55E-07,n/a,Recommended,n/a,n/a,n/a,n/a,
687478,687-47-8,ETHYL (S)-2-HYDROXYPROPIONATE,n/a,2.30E+00,2.19E+00,2.08E+01,2.24E-03,5.83E+00,5.83E+00,Recommended,n/a,n/a,n/a,n/a,n/a,n/a,n/a,n/a,n/a,n/a,n/a,n/a,n/a,n/a,n/a,n/a,n/a,n/a,
688733,688-73-3,TRIBUTYLSTANNANE,n/a,1.50E+00,1.98E-02,2.29E+05,3.20E-04,2.18E+01,2.18E+01,Interim,n/a,n/a,n/a,n/a,n/a,n/a,n/a,n/a,n/a,n/a,n/a,n/a,n/a,n/a,n/a,n/a,n/a,n/a,
689974,689-97-4,1-BUTEN-3-YNE (VINYL ACETYLENE),n/a,n/a,n/a,n/a,n/a,n/a,n/a,n/a,n/a,n/a,n/a,n/a,n/a,n/a,n/a,n/a,n/a,n/a,n/a,n/a,n/a,n/a,n/a,n/a,n/a,1.05E+01,
690084,690-08-4,"TRANS-4,4-DIMETHYL-2-PENTENE",n/a,n/a,n/a,n/a,n/a,n/a,n/a,n/a,n/a,n/a,n/a,n/a,n/a,n/a,n/a,n/a,n/a,n/a,n/a,n/a,n/a,n/a,n/a,n/a,n/a,6.64E+00,
690391,690-39-1,HFC-236fa,n/a,n/a,n/a,n/a,n/a,n/a,n/a,n/a,9.81E+03,n/a,n/a,n/a,n/a,n/a,n/a,n/a,n/a,n/a,n/a,n/a,n/a,n/a,n/a,n/a,n/a,n/a,
690937,690-93-7,"TRANS-2,2-DIMETHYL 3-HEXENE",n/a,n/a,n/a,n/a,n/a,n/a,n/a,n/a,n/a,n/a,n/a,n/a,n/a,n/a,n/a,n/a,n/a,n/a,n/a,n/a,n/a,n/a,n/a,n/a,n/a,5.00E+00,
691372,691-37-2,4-METHYL-1-PENTENE,n/a,n/a,n/a,n/a,n/a,n/a,n/a,n/a,n/a,n/a,n/a,n/a,n/a,n/a,n/a,n/a,n/a,n/a,n/a,n/a,n/a,n/a,n/a,n/a,n/a,5.68E+00,
692240,692-24-0,2-METHYL-TRANS-3-HEXENE,n/a,n/a,n/a,n/a,n/a,n/a,n/a,n/a,n/a,n/a,n/a,n/a,n/a,n/a,n/a,n/a,n/a,n/a,n/a,n/a,n/a,n/a,n/a,n/a,n/a,6.25E+00,
692706,692-70-6,"TRANS-2,5-DIMETHYL 3-HEXENE",n/a,n/a,n/a,n/a,n/a,n/a,n/a,n/a,n/a,n/a,n/a,n/a,n/a,n/a,n/a,n/a,n/a,n/a,n/a,n/a,n/a,n/a,n/a,n/a,n/a,4.82E+00,
693210,693-21-0,"DIETHYLENE DIGLYCOL, DINITRATE",n/a,6.98E+00,6.32E+00,8.05E+01,3.67E-03,1.10E+01,1.10E+01,Recommended,n/a,n/a,n/a,n/a,n/a,n/a,n/a,n/a,n/a,n/a,n/a,n/a,n/a,n/a,n/a,n/a,n/a,n/a,
693367,693-36-7,"PROPANOIC ACID, 3,3'-THIOBIS-, DIOCTADECYL ESTER",n/a,3.93E-05,2.44E-05,1.04E-03,4.19E-10,1.45E-06,1.45E-06,Recommended,n/a,n/a,n/a,n/a,n/a,n/a,n/a,n/a,n/a,n/a,n/a,n/a,n/a,n/a,n/a,n/a,n/a,n/a,
693549,693-54-9,2-DECANONE,n/a,8.73E-01,8.49E-01,1.05E+03,6.62E-02,2.34E+01,2.34E+01,Interim,n/a,n/a,n/a,n/a,n/a,n/a,n/a,n/a,n/a,n/a,n/a,n/a,n/a,n/a,n/a,n/a,n/a,8.99E-01,
693583,693-58-3,1-BROMO-N-NONANE,n/a,5.78E-01,3.67E-01,8.36E+03,2.84E-02,1.77E+01,1.77E+01,Interim,n/a,n/a,n/a,n/a,n/a,n/a,n/a,n/a,n/a,n/a,n/a,n/a,n/a,n/a,n/a,n/a,n/a,n/a,
693652,693-65-2,DI-N-PENTYLETHER,n/a,7.99E-02,4.85E-02,1.23E+03,2.44E-03,6.07E+00,6.07E+00,Interim,n/a,n/a,n/a,n/a,n/a,n/a,n/a,n/a,n/a,n/a,n/a,n/a,n/a,n/a,n/a,n/a,n/a,2.15E+00,
693890,693-89-0,1-METHYL CYCLOPENTENE,n/a,n/a,n/a,n/a,n/a,n/a,n/a,n/a,n/a,n/a,n/a,n/a,n/a,n/a,n/a,n/a,n/a,n/a,n/a,n/a,n/a,n/a,n/a,n/a,n/a,1.25E+01,
693936,693-93-6,4-METHYLOXAZOL,n/a,4.70E-03,4.69E-03,3.24E+00,3.76E-04,1.02E-01,1.02E-01,Interim,n/a,n/a,n/a,n/a,n/a,n/a,n/a,n/a,n/a,n/a,n/a,n/a,n/a,n/a,n/a,n/a,n/a,n/a,
693981,693-98-1,"1H-IMIDAZOLE, 2-METHYL-",n/a,1.89E+00,1.28E+00,6.56E+01,2.37E-06,9.33E+00,9.33E+00,Interim,n/a,5.44E-08,n/a,1.01E-08,n/a,1.04E-07,n/a,6.09E-11,n/a,1.48E-08,n/a,2.49E-08,n/a,Interim,n/a,n/a,n/a,n/a,
696548,696-54-8,4-PYRIDINEALDOXIME,n/a,6.15E+00,4.97E+00,9.04E+01,1.61E-06,4.04E+00,4.04E+00,Interim,n/a,n/a,n/a,n/a,n/a,n/a,n/a,n/a,n/a,n/a,n/a,n/a,n/a,n/a,n/a,n/a,n/a,n/a,
697825,697-82-5,"2,3,5-TRIMETHYLPHENOL",n/a,1.60E+00,2.29E-01,2.20E+02,7.97E-04,1.07E+00,1.07E+00,Interim,n/a,n/a,n/a,n/a,n/a,n/a,n/a,n/a,n/a,n/a,n/a,n/a,n/a,n/a,n/a,n/a,n/a,1.90E+00,
698715,698-71-5,3-ETHYL-5-METHYLPHENOL,n/a,1.06E+00,1.56E-01,1.37E+02,1.78E-04,1.14E+00,1.14E+00,Interim,n/a,n/a,n/a,n/a,n/a,n/a,n/a,n/a,n/a,n/a,n/a,n/a,n/a,n/a,n/a,n/a,n/a,n/a,
700129,700-12-9,PENTAMETHYL BENZENE,n/a,n/a,n/a,n/a,n/a,n/a,n/a,n/a,n/a,n/a,n/a,n/a,n/a,n/a,n/a,n/a,n/a,n/a,n/a,n/a,n/a,n/a,n/a,n/a,n/a,8.13E+00,
700130,700-13-0,"1,4-BENZENEDIOL, 2,3,5-TRIMETHYL-",n/a,1.26E+02,2.44E+01,7.11E+03,1.61E-04,5.18E+01,5.18E+01,Recommended,n/a,n/a,n/a,n/a,n/a,n/a,n/a,n/a,n/a,n/a,n/a,n/a,n/a,n/a,n/a,n/a,n/a,n/a,
700389,700-38-9,5-METHYL-2-NITROPHENOL,n/a,1.08E+01,1.01E+01,9.58E+02,3.88E-01,3.28E+01,3.28E+01,Interim,n/a,n/a,n/a,n/a,n/a,n/a,n/a,n/a,n/a,n/a,n/a,n/a,n/a,n/a,n/a,n/a,n/a,n/a,
704007,704-00-7,"1,2-DIACETYL BENZENE",n/a,n/a,n/a,n/a,n/a,n/a,n/a,n/a,n/a,n/a,n/a,n/a,n/a,n/a,n/a,n/a,n/a,n/a,n/a,n/a,n/a,n/a,n/a,n/a,n/a,2.25E+00,
706149,706-14-9,GAMMA-DECALACTONE,n/a,7.20E-01,5.96E-01,4.94E+01,2.04E-03,9.44E-01,9.44E-01,Interim,n/a,n/a,n/a,n/a,n/a,n/a,n/a,n/a,n/a,n/a,n/a,n/a,n/a,n/a,n/a,n/a,n/a,n/a,
708769,708-76-9,"2,4-DIMETHOXY-6-HYDROXY-BENZALDEHYD",n/a,1.52E+02,1.07E+02,6.12E+03,2.48E-03,1.43E+03,1.43E+03,Interim,n/a,n/a,n/a,n/a,n/a,n/a,n/a,n/a,n/a,n/a,n/a,n/a,n/a,n/a,n/a,n/a,n/a,n/a,
709988,709-98-8,PROPANIL,n/a,4.90E+04,4.51E+04,4.15E+05,3.93E-01,6.04E+04,6.04E+04,Recommended,n/a,n/a,2.61E-06,n/a,2.08E-06,n/a,4.60E-06,n/a,4.44E-08,n/a,6.71E-07,n/a,1.43E-06,n/a,Recommended,n/a,n/a,n/a,
712481,712-48-1,DIPHENYLCHLOROARSINE,n/a,7.57E+03,6.37E+03,3.99E+05,3.15E+02,8.59E+02,8.59E+02,Interim,n/a,n/a,n/a,n/a,n/a,n/a,n/a,n/a,n/a,n/a,n/a,n/a,n/a,n/a,n/a,n/a,n/a,n/a,
712685,712-68-5,TRIAFUR,n/a,n/a,n/a,n/a,n/a,n/a,n/a,n/a,n/a,9.65E-05,n/a,5.99E-05,n/a,1.41E-04,n/a,2.73E-08,n/a,8.27E-06,n/a,1.18E-05,n/a,Recommended,n/a,n/a,n/a,n/a,
720694,720-69-4,"4,6-DIAMINO-2-(5-NITRO-2-FURYL)-S-TRIAZINE",n/a,n/a,n/a,n/a,n/a,n/a,n/a,n/a,n/a,4.53E-05,n/a,3.15E-05,n/a,7.44E-05,n/a,1.65E-08,n/a,3.53E-06,n/a,5.30E-06,n/a,Recommended,n/a,n/a,n/a,n/a,
731271,731-27-1,TOLYFLUANIDE,n/a,7.10E+03,4.29E+03,3.68E+05,1.40E+01,1.58E+04,1.58E+04,Recommended,n/a,n/a,n/a,n/a,n/a,n/a,n/a,n/a,n/a,n/a,n/a,n/a,n/a,n/a,n/a,n/a,n/a,n/a,
732116,732-11-6,PHOSMET,n/a,4.72E+04,4.20E+04,1.39E+06,1.05E+00,4.77E+05,4.77E+05,Recommended,n/a,n/a,2.10E-06,n/a,7.96E-07,n/a,8.05E-06,n/a,3.01E-09,n/a,2.77E-06,n/a,7.48E-06,n/a,Recommended,n/a,n/a,n/a,
732263,732-26-3,"2,4,6-TRI(TERT-BUTYL)PHENOL",n/a,3.16E+03,1.63E+03,2.46E+05,3.95E+01,1.76E+02,1.76E+02,Interim,n/a,n/a,n/a,n/a,n/a,n/a,n/a,n/a,n/a,n/a,n/a,n/a,n/a,n/a,n/a,n/a,n/a,n/a,
738705,738-70-5,TRIMETHOPRIM,n/a,9.11E+00,2.79E+00,4.74E+02,9.34E-08,1.92E+01,1.92E+01,Interim,n/a,n/a,n/a,n/a,n/a,n/a,n/a,n/a,n/a,n/a,n/a,n/a,n/a,n/a,n/a,n/a,n/a,n/a,
741582,741-58-2,BENSULIDE,n/a,7.49E+02,1.77E+02,4.19E+04,4.50E-03,8.01E+02,8.01E+02,Recommended,n/a,n/a,n/a,n/a,n/a,n/a,n/a,n/a,n/a,n/a,n/a,n/a,n/a,n/a,n/a,n/a,n/a,n/a,
753731,753-73-1,DIMETHYLTIN DICHLORIDE,n/a,1.03E+05,9.80E+04,1.72E+06,5.86E+02,3.20E+05,3.20E+05,Interim,n/a,n/a,n/a,n/a,n/a,n/a,n/a,n/a,n/a,n/a,n/a,n/a,n/a,n/a,n/a,n/a,n/a,n/a,
754121,754-12-1,"2,3,3,3-TETRAFLUOROPROPENE",n/a,n/a,n/a,n/a,n/a,n/a,n/a,n/a,n/a,n/a,n/a,n/a,n/a,n/a,n/a,n/a,n/a,n/a,n/a,n/a,n/a,n/a,n/a,n/a,n/a,2.79E-01,
756796,756-79-6,"PHOSPHONIC ACID, METHYL-, DIMETHYL ESTER",n/a,n/a,n/a,n/a,n/a,n/a,n/a,n/a,n/a,6.03E-08,n/a,2.34E-08,n/a,6.37E-08,n/a,1.74E-11,n/a,1.81E-08,n/a,2.59E-08,n/a,Recommended,n/a,n/a,n/a,n/a,
756809,756-80-9,"PHOSPHORODITHIOIC ACID, O,O-DIMETHYL ESTER",n/a,1.12E+00,1.06E+00,4.36E+02,1.95E-02,7.11E+01,7.11E+01,Interim,n/a,n/a,n/a,n/a,n/a,n/a,n/a,n/a,n/a,n/a,n/a,n/a,n/a,n/a,n/a,n/a,n/a,n/a,
758178,758-17-8,N-FORMYL-N-METHYL HYDRAZINE,n/a,n/a,n/a,n/a,n/a,n/a,n/a,n/a,n/a,4.22E-05,n/a,9.18E-06,n/a,5.72E-05,n/a,1.57E-08,n/a,1.70E-05,n/a,2.44E-05,n/a,Interim,n/a,n/a,n/a,n/a,
759739,759-73-9,N-NITROSO-N-ETHYLUREA,n/a,n/a,n/a,n/a,n/a,n/a,n/a,n/a,n/a,4.17E-05,n/a,1.42E-05,n/a,4.68E-05,n/a,1.43E-08,n/a,8.91E-06,n/a,1.31E-05,n/a,Recommended,n/a,n/a,n/a,n/a,
759944,759-94-4,EPTC,n/a,6.87E+00,6.34E+00,1.69E+03,2.69E-01,9.71E+01,9.71E+01,Recommended,n/a,n/a,1.21E-06,n/a,1.16E-07,n/a,2.31E-06,n/a,3.49E-08,n/a,1.52E-07,n/a,7.86E-07,n/a,Recommended,n/a,n/a,1.67E+00,
760203,760-20-3,3-METHYL-1-PENTENE,n/a,n/a,n/a,n/a,n/a,n/a,n/a,n/a,n/a,n/a,n/a,n/a,n/a,n/a,n/a,n/a,n/a,n/a,n/a,n/a,n/a,n/a,n/a,n/a,n/a,6.14E+00,
760214,760-21-4,2-ETHYL-1-BUTENE,n/a,n/a,n/a,n/a,n/a,n/a,n/a,n/a,n/a,n/a,n/a,n/a,n/a,n/a,n/a,n/a,n/a,n/a,n/a,n/a,n/a,n/a,n/a,n/a,n/a,5.07E+00,
760236,760-23-6,"3,4-DICHLORO-1-BUTENE",n/a,3.32E-02,3.02E-02,5.79E+02,5.54E-03,1.15E+01,1.15E+01,Interim,n/a,n/a,n/a,n/a,n/a,n/a,n/a,n/a,n/a,n/a,n/a,n/a,n/a,n/a,n/a,n/a,n/a,n/a,
760601,760-60-1,"UREA, N-(2-METHYLPROPYL)-N-NITROSO-",n/a,n/a,n/a,n/a,n/a,n/a,n/a,n/a,n/a,7.73E-06,n/a,2.27E-06,n/a,9.41E-06,n/a,2.77E-09,n/a,9.83E-07,n/a,1.61E-06,n/a,Interim,n/a,n/a,n/a,n/a,
762492,762-49-2,1-BROMO-2-FLUOROETHANE ,n/a,n/a,n/a,n/a,n/a,n/a,n/a,n/a,n/a,n/a,n/a,n/a,n/a,n/a,n/a,n/a,n/a,n/a,n/a,n/a,n/a,n/a,n/a,n/a,8.85E-02,n/a,
762629,762-62-9,"4,4-DIMETHYL-1-PENTENE",n/a,n/a,n/a,n/a,n/a,n/a,n/a,n/a,n/a,n/a,n/a,n/a,n/a,n/a,n/a,n/a,n/a,n/a,n/a,n/a,n/a,n/a,n/a,n/a,n/a,3.13E+00,
762630,762-63-0,"4,4-DIMETHYL-CIS-2-PENTENE",n/a,n/a,n/a,n/a,n/a,n/a,n/a,n/a,n/a,n/a,n/a,n/a,n/a,n/a,n/a,n/a,n/a,n/a,n/a,n/a,n/a,n/a,n/a,n/a,n/a,6.64E+00,
763291,763-29-1,2-METHYL-1-PENTENE,n/a,n/a,n/a,n/a,n/a,n/a,n/a,n/a,n/a,n/a,n/a,n/a,n/a,n/a,n/a,n/a,n/a,n/a,n/a,n/a,n/a,n/a,n/a,n/a,n/a,5.26E+00,
763326,763-32-6,3-METHYL-3-BUTEN-1-OL,n/a,1.02E-01,9.80E-02,3.03E+01,1.80E-03,5.84E+00,5.84E+00,Recommended,n/a,n/a,n/a,n/a,n/a,n/a,n/a,n/a,n/a,n/a,n/a,n/a,n/a,n/a,n/a,n/a,n/a,n/a,
763699,763-69-9,ETHYL 3-ETHOXY PROPIONATE,n/a,n/a,n/a,n/a,n/a,n/a,n/a,n/a,n/a,n/a,n/a,n/a,n/a,n/a,n/a,n/a,n/a,n/a,n/a,n/a,n/a,n/a,n/a,n/a,n/a,3.58E+00,
764012,764-01-2,2-BUTYN-1-OL,n/a,6.09E+01,5.09E+01,1.81E+03,4.37E-02,4.48E+02,4.48E+02,Interim,n/a,n/a,n/a,n/a,n/a,n/a,n/a,n/a,n/a,n/a,n/a,n/a,n/a,n/a,n/a,n/a,n/a,n/a,
764136,764-13-6,"2,5-DIMETHYL-2,4-HEXADIENE",n/a,6.65E-03,1.10E-03,1.07E+03,9.95E-05,3.61E+00,3.61E+00,Interim,n/a,n/a,n/a,n/a,n/a,n/a,n/a,n/a,n/a,n/a,n/a,n/a,n/a,n/a,n/a,n/a,n/a,n/a,
764410,764-41-0,"1,4-DICHLORO-2-BUTENE",n/a,n/a,n/a,n/a,n/a,n/a,n/a,n/a,n/a,8.60E-05,n/a,2.29E-06,n/a,5.60E-05,n/a,2.45E-06,n/a,3.92E-06,n/a,1.92E-05,n/a,Interim,n/a,n/a,n/a,n/a,
764976,764-97-6,TRANS-5-UNDECENE,n/a,n/a,n/a,n/a,n/a,n/a,n/a,n/a,n/a,n/a,n/a,n/a,n/a,n/a,n/a,n/a,n/a,n/a,n/a,n/a,n/a,n/a,n/a,n/a,n/a,3.60E+00,
765344,765-34-4,GLYCIDYLALDEHYDE,n/a,n/a,n/a,n/a,n/a,n/a,n/a,n/a,n/a,n/a,5.82E-06,n/a,5.37E-07,n/a,7.99E-06,n/a,3.84E-09,n/a,2.05E-06,n/a,3.11E-06,n/a,Recommended,n/a,n/a,n/a,
766518,766-51-8,O-CHLOROANISOLE,n/a,6.92E+00,6.93E+00,9.21E+02,8.27E-01,6.21E+01,6.21E+01,Interim,n/a,n/a,n/a,n/a,n/a,n/a,n/a,n/a,n/a,n/a,n/a,n/a,n/a,n/a,n/a,n/a,n/a,n/a,
767000,767-00-0,P-CYANOPHENOL,n/a,2.22E+01,1.78E+01,3.63E+02,9.92E-04,1.97E+01,1.97E+01,Interim,n/a,n/a,n/a,n/a,n/a,n/a,n/a,n/a,n/a,n/a,n/a,n/a,n/a,n/a,n/a,n/a,n/a,n/a,
768592,768-59-2,4-ETHYLBENZYL ALCOHOL,n/a,7.60E+00,6.07E+00,1.63E+02,2.87E-03,1.40E+01,1.40E+01,Interim,n/a,n/a,n/a,n/a,n/a,n/a,n/a,n/a,n/a,n/a,n/a,n/a,n/a,n/a,n/a,n/a,n/a,n/a,
768945,768-94-5,AMANTADINE,n/a,2.97E+01,1.67E+01,1.25E+03,8.07E-03,7.18E+01,7.18E+01,Interim,n/a,n/a,n/a,n/a,n/a,n/a,n/a,n/a,n/a,n/a,n/a,n/a,n/a,n/a,n/a,n/a,n/a,n/a,
770354,770-35-4,1-PHENOXY-2-PROPANOL,n/a,n/a,n/a,n/a,n/a,n/a,n/a,n/a,n/a,n/a,n/a,n/a,n/a,n/a,n/a,n/a,n/a,n/a,n/a,n/a,n/a,n/a,n/a,n/a,n/a,1.60E+00,
771608,771-60-8,"2,3,4,5,6-PENTAFLUOROANILINE",n/a,2.47E-01,2.46E-01,1.61E+02,1.00E-01,6.71E+00,6.71E+00,Interim,n/a,n/a,n/a,n/a,n/a,n/a,n/a,n/a,n/a,n/a,n/a,n/a,n/a,n/a,n/a,n/a,n/a,n/a,
771619,771-61-9,PENTAFLUOROPHENOL,n/a,7.93E-01,7.80E-01,5.68E+02,3.32E-01,9.67E+00,9.67E+00,Interim,n/a,n/a,n/a,n/a,n/a,n/a,n/a,n/a,n/a,n/a,n/a,n/a,n/a,n/a,n/a,n/a,n/a,n/a,
771620,771-62-0,PENTAFLUOROTHIOPHENOL,n/a,1.19E-01,1.14E-01,7.97E+02,5.05E-02,3.74E+00,3.74E+00,Interim,n/a,n/a,n/a,n/a,n/a,n/a,n/a,n/a,n/a,n/a,n/a,n/a,n/a,n/a,n/a,n/a,n/a,n/a,
771971,771-97-1,"2,3-NAPHTHALENEDIAMINE",n/a,1.18E+01,2.19E+00,6.65E+02,1.49E-06,3.29E+00,3.29E+00,Interim,n/a,n/a,n/a,n/a,n/a,n/a,n/a,n/a,n/a,n/a,n/a,n/a,n/a,n/a,n/a,n/a,n/a,n/a,
776352,776-35-2,"9,10-DIHYDROPHENANTHRENE",n/a,2.71E+02,2.03E+02,2.58E+04,1.34E+01,4.28E+01,4.28E+01,Interim,n/a,n/a,n/a,n/a,n/a,n/a,n/a,n/a,n/a,n/a,n/a,n/a,n/a,n/a,n/a,n/a,n/a,n/a,
779022,779-02-2,9-METHYLANTHRACENE,n/a,8.32E+02,1.69E+02,2.04E+05,1.22E+01,8.38E+01,8.38E+01,Interim,n/a,n/a,n/a,n/a,n/a,n/a,n/a,n/a,n/a,n/a,n/a,n/a,n/a,n/a,n/a,n/a,n/a,n/a,
780110,780-11-0,M-T-BUTYLPHENYL N-METHYLCARBAMATE,n/a,2.24E+01,1.99E+01,1.25E+03,2.47E-01,8.13E+01,8.13E+01,Interim,n/a,n/a,n/a,n/a,n/a,n/a,n/a,n/a,n/a,n/a,n/a,n/a,n/a,n/a,n/a,n/a,n/a,n/a,
786196,786-19-6,CARBOPHENTHION,n/a,2.79E+03,2.51E+02,2.42E+05,1.50E-01,1.27E+02,1.27E+02,Recommended,n/a,n/a,1.24E-04,n/a,1.66E-05,n/a,6.88E-03,n/a,2.81E-04,n/a,3.61E-06,n/a,9.91E-06,n/a,Recommended,n/a,n/a,n/a,
789026,789-02-6,"O,P'-DDT",n/a,7.49E+03,5.47E+03,3.04E+05,2.15E+02,3.76E+02,3.76E+02,Interim,n/a,n/a,n/a,n/a,n/a,n/a,n/a,n/a,n/a,n/a,n/a,n/a,n/a,n/a,n/a,n/a,n/a,n/a,
791286,791-28-6,TRIPHENYLPHOSPHINE OXIDE,n/a,3.86E+01,2.55E+01,9.18E+02,1.21E-06,9.24E+00,9.24E+00,Recommended,n/a,n/a,n/a,n/a,n/a,n/a,n/a,n/a,n/a,n/a,n/a,n/a,n/a,n/a,n/a,n/a,n/a,n/a,
793248,793-24-8,"1,4-BENZENEDIAMINE, N-(1,3-DIMETHYLBUTYL)-N'-PHENYL-",n/a,3.73E+02,3.86E+01,5.24E+04,1.09E-01,4.99E+01,4.99E+01,Recommended,n/a,n/a,n/a,n/a,n/a,n/a,n/a,n/a,n/a,n/a,n/a,n/a,n/a,n/a,n/a,n/a,n/a,n/a,
811972,811-97-2,HFC-134a,n/a,n/a,n/a,n/a,n/a,n/a,n/a,n/a,1.43E+03,1.30E-08,4.76E-09,1.21E-08,4.42E-09,1.12E-08,4.08E-09,2.42E-09,8.84E-10,1.14E-08,4.16E-09,1.14E-08,4.16E-09,Recommended,Recommended,n/a,n/a,7.27E-04,
813785,813-78-5,"PHOSPHORIC ACID, DIMETHYL ESTER",n/a,1.41E+02,1.35E+02,1.03E+03,3.86E-02,2.68E+02,2.68E+02,Interim,n/a,n/a,n/a,n/a,n/a,n/a,n/a,n/a,n/a,n/a,n/a,n/a,n/a,n/a,n/a,n/a,n/a,n/a,
816579,816-57-9,1-PROPYL-1-NITROSOUREA,n/a,n/a,n/a,n/a,n/a,n/a,n/a,n/a,n/a,8.61E-06,n/a,1.54E-06,n/a,1.12E-05,n/a,5.05E-09,n/a,1.46E-06,n/a,2.13E-06,n/a,Recommended,n/a,n/a,n/a,n/a,
816795,816-79-5,3-ETHYL-2-PENTENE,n/a,n/a,n/a,n/a,n/a,n/a,n/a,n/a,n/a,n/a,n/a,n/a,n/a,n/a,n/a,n/a,n/a,n/a,n/a,n/a,n/a,n/a,n/a,n/a,n/a,9.75E+00,
818086,818-08-6,DI-N-BUTYLTIN OXIDE,n/a,2.23E-02,1.97E-03,5.84E+03,1.46E-04,2.91E+00,2.91E+00,Interim,n/a,n/a,n/a,n/a,n/a,n/a,n/a,n/a,n/a,n/a,n/a,n/a,n/a,n/a,n/a,n/a,n/a,n/a,
818611,818-61-1,2-HYDROXYETHYL ACRYLATE,n/a,4.65E+02,4.49E+02,3.91E+03,6.45E-03,1.26E+03,1.26E+03,Interim,n/a,n/a,n/a,n/a,n/a,n/a,n/a,n/a,n/a,n/a,n/a,n/a,n/a,n/a,n/a,n/a,n/a,n/a,
819001,819-00-1,HCFC-252,n/a,n/a,n/a,n/a,n/a,n/a,n/a,n/a,n/a,n/a,n/a,n/a,n/a,n/a,n/a,n/a,n/a,n/a,n/a,n/a,n/a,n/a,n/a,n/a,2.25E-02,n/a,
821556,821-55-6,2-NONANONE,n/a,5.17E-01,5.15E-01,3.13E+02,3.86E-02,1.20E+01,1.20E+01,Interim,n/a,n/a,n/a,n/a,n/a,n/a,n/a,n/a,n/a,n/a,n/a,n/a,n/a,n/a,n/a,n/a,n/a,1.08E+00,
821954,821-95-4,1-UNDECENE,n/a,n/a,n/a,n/a,n/a,n/a,n/a,n/a,n/a,n/a,n/a,n/a,n/a,n/a,n/a,n/a,n/a,n/a,n/a,n/a,n/a,n/a,n/a,n/a,n/a,1.87E+00,
822366,822-36-6,"1H-IMIDAZOLE, 4-METHYL-",n/a,2.01E+01,1.34E+01,7.18E+02,2.49E-04,1.02E+02,1.02E+02,Recommended,n/a,n/a,n/a,n/a,n/a,n/a,n/a,n/a,n/a,n/a,n/a,n/a,n/a,n/a,n/a,n/a,n/a,n/a,
822866,822-86-6,"1,2-DICHLOROCYCLOHEXANE -TRANS",n/a,1.22E+00,1.21E+00,3.04E+02,1.91E-01,8.79E+00,8.79E+00,Interim,n/a,n/a,n/a,n/a,n/a,n/a,n/a,n/a,n/a,n/a,n/a,n/a,n/a,n/a,n/a,n/a,n/a,n/a,
825445,825-44-5,"BENZO(B)THIOPHENE S,S-DIOXIDE",n/a,3.36E+01,1.87E+01,1.34E+03,5.90E-04,8.65E+01,8.65E+01,Interim,n/a,n/a,n/a,n/a,n/a,n/a,n/a,n/a,n/a,n/a,n/a,n/a,n/a,n/a,n/a,n/a,n/a,n/a,
825901,825-90-1,"BENZENESULFONIC ACID, 4-HYDROXY-, MONOSODIUM SALT",n/a,4.80E-01,4.64E-01,2.51E+00,4.55E-16,5.49E-01,5.49E-01,Interim,n/a,n/a,n/a,n/a,n/a,n/a,n/a,n/a,n/a,n/a,n/a,n/a,n/a,n/a,n/a,n/a,n/a,n/a,
826368,826-36-8,"4-PIPERIDINONE, 2,2,6,6-TETRAMETHYL-",n/a,1.23E+01,9.28E+00,4.28E+02,4.71E-03,9.49E+01,9.49E+01,Interim,n/a,n/a,n/a,n/a,n/a,n/a,n/a,n/a,n/a,n/a,n/a,n/a,n/a,n/a,n/a,n/a,n/a,n/a,
827521,827-52-1,PHENYL CYCLOHEXANE,n/a,4.07E+00,2.75E+00,8.00E+03,2.20E-01,1.06E+01,1.06E+01,Interim,n/a,n/a,n/a,n/a,n/a,n/a,n/a,n/a,n/a,n/a,n/a,n/a,n/a,n/a,n/a,n/a,n/a,n/a,
828002,828-00-2,"2,6-DIMETHYL-1,3-DIOXAN-4-OL ACETATE",n/a,1.41E+01,1.20E+01,3.11E+02,6.13E-04,7.22E+01,7.22E+01,Interim,n/a,4.08E-08,n/a,9.60E-09,n/a,6.26E-08,n/a,1.26E-11,n/a,1.47E-08,n/a,2.49E-08,n/a,Recommended,n/a,n/a,n/a,n/a,
830137,830-13-7,CYCLODODECANONE,n/a,3.41E+00,3.21E+00,9.76E+02,1.41E-01,1.07E+01,1.07E+01,Recommended,n/a,n/a,n/a,n/a,n/a,n/a,n/a,n/a,n/a,n/a,n/a,n/a,n/a,n/a,n/a,n/a,n/a,n/a,
830966,830-96-6,1H-INDOLE-3-PROPANOIC ACID,n/a,2.56E+01,6.41E+00,1.38E+03,1.67E-06,3.22E+01,3.22E+01,Interim,n/a,n/a,n/a,n/a,n/a,n/a,n/a,n/a,n/a,n/a,n/a,n/a,n/a,n/a,n/a,n/a,n/a,n/a,
831823,831-82-3,"PHENOL, 4-PHENOXY-",n/a,7.30E+01,2.70E+01,3.66E+03,2.83E-03,1.19E+01,1.19E+01,Interim,n/a,n/a,n/a,n/a,n/a,n/a,n/a,n/a,n/a,n/a,n/a,n/a,n/a,n/a,n/a,n/a,n/a,n/a,
834128,834-12-8,AMETRYNE,n/a,2.66E+03,1.80E+03,7.62E+04,2.21E-02,5.29E+03,5.29E+03,Recommended,n/a,n/a,n/a,n/a,n/a,n/a,n/a,n/a,n/a,n/a,n/a,n/a,n/a,n/a,n/a,n/a,n/a,n/a,
836306,836-30-6,4-NITRO-N-PHENYLBENZENAMINE,n/a,1.33E+02,2.30E+01,9.57E+03,1.07E-02,1.43E+02,1.43E+02,Recommended,n/a,n/a,n/a,n/a,n/a,n/a,n/a,n/a,n/a,n/a,n/a,n/a,n/a,n/a,n/a,n/a,n/a,n/a,
838880,838-88-0,"4,4'-METHYLENE DI-O-TOLUIDINE",n/a,n/a,n/a,n/a,n/a,n/a,n/a,n/a,n/a,2.84E-06,n/a,6.92E-07,n/a,2.11E-05,n/a,1.56E-07,n/a,1.20E-07,n/a,3.51E-07,n/a,Recommended,n/a,n/a,n/a,n/a,
841065,841-06-5,METHOPROPTRYNE,n/a,7.63E+01,4.87E+01,2.49E+03,7.36E-05,1.90E+02,1.90E+02,Interim,n/a,n/a,n/a,n/a,n/a,n/a,n/a,n/a,n/a,n/a,n/a,n/a,n/a,n/a,n/a,n/a,n/a,n/a,
842002,842-00-2,ET-4-SULFONAMIDONAPHTHYLSULFONE,n/a,n/a,n/a,n/a,n/a,n/a,n/a,n/a,n/a,5.52E-06,n/a,3.47E-06,n/a,7.96E-06,n/a,4.07E-09,n/a,3.87E-07,n/a,6.86E-07,n/a,Recommended,n/a,n/a,n/a,n/a,
842079,842-07-9,"C,I, SOLVENT YELLOW 14",n/a,n/a,n/a,n/a,n/a,n/a,n/a,n/a,n/a,2.02E-06,n/a,1.12E-06,n/a,1.10E-05,n/a,4.18E-07,n/a,5.17E-09,n/a,7.51E-08,n/a,Recommended,n/a,n/a,n/a,n/a,
846708,846-70-8,NAPHTHOL YELLOW S,n/a,2.89E+00,2.40E+00,3.90E+01,1.10E-19,1.96E+00,1.96E+00,Interim,n/a,n/a,n/a,n/a,n/a,n/a,n/a,n/a,n/a,n/a,n/a,n/a,n/a,n/a,n/a,n/a,n/a,n/a,
853236,853-23-6,"ANDROST-5-EN-17-ONE,3-(ACETYLOXY),3-BETA-",n/a,n/a,n/a,n/a,n/a,n/a,n/a,n/a,n/a,5.86E-07,n/a,1.75E-07,n/a,6.14E-06,n/a,1.27E-07,n/a,1.69E-08,n/a,6.66E-08,n/a,Recommended,n/a,n/a,n/a,n/a,
868779,868-77-9,2-HYDROXYETHYL METHACRYLATE,n/a,1.25E+01,1.12E+01,2.25E+02,4.17E-03,6.33E+01,6.33E+01,Interim,n/a,n/a,n/a,n/a,n/a,n/a,n/a,n/a,n/a,n/a,n/a,n/a,n/a,n/a,n/a,n/a,n/a,n/a,
868859,868-85-9,DIMETHYL PHOSPHITE,n/a,6.59E+00,6.15E+00,8.03E+01,7.26E-03,2.00E+01,2.00E+01,Interim,n/a,2.61E-07,n/a,6.98E-08,n/a,3.12E-07,n/a,1.36E-10,n/a,8.69E-08,n/a,1.23E-07,n/a,Recommended,n/a,n/a,n/a,n/a,
869012,869-01-2,1-BUTYL-1-NITROSOUREA,n/a,n/a,n/a,n/a,n/a,n/a,n/a,n/a,n/a,7.51E-05,n/a,2.55E-05,n/a,8.65E-05,n/a,2.26E-08,n/a,7.88E-06,n/a,1.36E-05,n/a,Recommended,n/a,n/a,n/a,n/a,
871830,871-83-0,2-METHYL NONANE,n/a,n/a,n/a,n/a,n/a,n/a,n/a,n/a,n/a,n/a,n/a,n/a,n/a,n/a,n/a,n/a,n/a,n/a,n/a,n/a,n/a,n/a,n/a,n/a,n/a,7.26E-01,
872059,872-05-9,1-DECENE,n/a,n/a,n/a,n/a,n/a,n/a,n/a,n/a,n/a,n/a,n/a,n/a,n/a,n/a,n/a,n/a,n/a,n/a,n/a,n/a,n/a,n/a,n/a,n/a,n/a,2.17E+00,
872311,872-31-1,3-BROMOTHIOPHENE,n/a,1.16E-01,1.12E-01,8.11E+02,1.95E-02,1.56E+01,1.56E+01,Interim,n/a,n/a,n/a,n/a,n/a,n/a,n/a,n/a,n/a,n/a,n/a,n/a,n/a,n/a,n/a,n/a,n/a,n/a,
872504,872-50-4,N-METHYLPYRROLIDONE,n/a,9.65E-01,8.94E-01,1.19E+01,5.41E-06,3.04E+00,3.04E+00,Recommended,n/a,1.14E-08,n/a,1.21E-08,n/a,3.90E-08,n/a,6.73E-12,n/a,1.00E-08,n/a,1.55E-08,n/a,Recommended,n/a,n/a,n/a,2.41E+00,
872855,872-85-5,4-FORMYLPYRIDINE,n/a,8.39E+00,7.68E+00,1.18E+02,2.49E-03,2.97E+01,2.97E+01,Interim,n/a,n/a,n/a,n/a,n/a,n/a,n/a,n/a,n/a,n/a,n/a,n/a,n/a,n/a,n/a,n/a,n/a,n/a,
873632,873-63-2,M-CHLOROBENZYL ALCOHOL,n/a,2.70E+01,2.38E+01,3.67E+02,9.56E-03,4.84E+01,4.84E+01,Interim,n/a,n/a,n/a,n/a,n/a,n/a,n/a,n/a,n/a,n/a,n/a,n/a,n/a,n/a,n/a,n/a,n/a,n/a,
873756,873-75-6,"BENZENEMETHANOL, 4-BROMO-",n/a,3.02E+01,2.72E+01,3.33E+02,7.29E-03,4.46E+01,4.46E+01,Interim,n/a,n/a,n/a,n/a,n/a,n/a,n/a,n/a,n/a,n/a,n/a,n/a,n/a,n/a,n/a,n/a,n/a,n/a,
873767,873-76-7,P-CHLOROBENZYL ALCOHOL,n/a,2.02E+01,1.82E+01,2.31E+02,6.11E-03,3.09E+01,3.09E+01,Interim,n/a,n/a,n/a,n/a,n/a,n/a,n/a,n/a,n/a,n/a,n/a,n/a,n/a,n/a,n/a,n/a,n/a,n/a,
874419,874-41-9,"1,3-DIMETHYL-4-ETHYL BENZENE",n/a,n/a,n/a,n/a,n/a,n/a,n/a,n/a,n/a,n/a,n/a,n/a,n/a,n/a,n/a,n/a,n/a,n/a,n/a,n/a,n/a,n/a,n/a,n/a,n/a,7.55E+00,
874420,874-42-0,"2,4-DICHLOROBENZALDEHYDE",n/a,2.70E+01,2.72E+01,4.79E+03,1.92E+00,8.35E+02,8.35E+02,Interim,n/a,n/a,n/a,n/a,n/a,n/a,n/a,n/a,n/a,n/a,n/a,n/a,n/a,n/a,n/a,n/a,n/a,n/a,
877430,877-43-0,"2,6-DIMETHYLQUINOLINE",n/a,5.21E+01,1.82E+01,3.31E+03,3.40E-02,1.67E+01,1.67E+01,Recommended,n/a,n/a,n/a,n/a,n/a,n/a,n/a,n/a,n/a,n/a,n/a,n/a,n/a,n/a,n/a,n/a,n/a,n/a,
877656,877-65-6,4-TERT-BUTYLBENZYL ALCOHOL,n/a,1.08E+01,7.80E+00,3.13E+02,5.28E-03,1.43E+01,1.43E+01,Interim,n/a,n/a,n/a,n/a,n/a,n/a,n/a,n/a,n/a,n/a,n/a,n/a,n/a,n/a,n/a,n/a,n/a,n/a,
882337,882-33-7,DIPHENYL DISULFIDE,n/a,3.43E+02,5.01E+01,1.03E+05,6.32E-01,5.27E+01,5.27E+01,Interim,n/a,n/a,n/a,n/a,n/a,n/a,n/a,n/a,n/a,n/a,n/a,n/a,n/a,n/a,n/a,n/a,n/a,n/a,
886500,886-50-0,TERBUTRYN,n/a,2.87E+03,2.07E+03,6.46E+04,2.19E-01,2.65E+03,2.65E+03,Recommended,n/a,n/a,9.07E-05,n/a,6.37E-05,n/a,2.43E-04,n/a,2.65E-06,n/a,1.02E-05,n/a,3.84E-05,n/a,Recommended,n/a,n/a,n/a,
886862,886-86-2,TRICAINE,n/a,1.31E+01,9.84E+00,3.10E+02,4.96E-06,3.00E+01,3.00E+01,Interim,n/a,n/a,n/a,n/a,n/a,n/a,n/a,n/a,n/a,n/a,n/a,n/a,n/a,n/a,n/a,n/a,n/a,n/a,
900958,900-95-8,FENTIN ACETATE,n/a,5.43E+05,3.18E+05,1.58E+07,3.12E+01,5.88E+03,5.88E+03,Interim,n/a,n/a,5.54E-05,n/a,2.77E-05,n/a,4.73E-05,n/a,4.25E-08,n/a,1.87E-08,n/a,3.48E-08,n/a,Interim,n/a,n/a,n/a,
915673,915-67-3,AMARANTH,n/a,n/a,n/a,n/a,n/a,n/a,n/a,n/a,n/a,7.92E-08,n/a,6.41E-08,n/a,2.20E-09,n/a,2.55E-11,n/a,3.49E-13,n/a,1.04E-12,n/a,Interim,n/a,n/a,n/a,n/a,
919868,919-86-8,DEMETON-S-METHYL,n/a,2.06E+01,1.54E+01,5.80E+02,6.01E-04,8.39E+01,8.39E+01,Interim,n/a,n/a,1.07E-04,n/a,2.42E-05,n/a,1.66E-04,n/a,4.53E-08,n/a,2.43E-05,n/a,4.59E-05,n/a,Recommended,n/a,n/a,n/a,
919948,919-94-8,"4,4-DIETHYL-3-OXAHEXANE",n/a,n/a,n/a,n/a,n/a,n/a,n/a,n/a,n/a,n/a,n/a,n/a,n/a,n/a,n/a,n/a,n/a,n/a,n/a,n/a,n/a,n/a,n/a,n/a,n/a,1.95E+00,
920661,920-66-1,"1,1,1,3,3,3-HEXAFLUOROPROPAN-2-OL",n/a,2.71E+00,2.70E+00,4.62E+01,3.20E-01,1.04E+01,1.04E+01,Interim,n/a,n/a,n/a,n/a,n/a,n/a,n/a,n/a,n/a,n/a,n/a,n/a,n/a,n/a,n/a,n/a,n/a,n/a,
922281,922-28-1,"3,4-DIMETHYL HEPTANE",n/a,n/a,n/a,n/a,n/a,n/a,n/a,n/a,n/a,n/a,n/a,n/a,n/a,n/a,n/a,n/a,n/a,n/a,n/a,n/a,n/a,n/a,n/a,n/a,n/a,1.24E+00,
922623,922-62-3,CIS-3-METHYL-2-PENTENE,n/a,n/a,n/a,n/a,n/a,n/a,n/a,n/a,n/a,n/a,n/a,n/a,n/a,n/a,n/a,n/a,n/a,n/a,n/a,n/a,n/a,n/a,n/a,n/a,n/a,1.25E+01,
924163,924-16-3,DIBUTYLNITROSAMINE,n/a,n/a,n/a,n/a,n/a,n/a,n/a,n/a,n/a,4.39E-05,n/a,2.67E-06,n/a,5.49E-05,n/a,3.74E-07,n/a,6.29E-07,n/a,1.97E-06,n/a,Recommended,n/a,n/a,n/a,n/a,
924414,924-41-4,"1,5-HEXADIEN-3-OL",n/a,5.59E-01,5.63E-01,2.42E+02,1.56E-02,3.90E+01,3.90E+01,Interim,n/a,n/a,n/a,n/a,n/a,n/a,n/a,n/a,n/a,n/a,n/a,n/a,n/a,n/a,n/a,n/a,n/a,n/a,
924425,924-42-5,N-(HYDROXYMETHYL)ACRYLAMIDE,n/a,n/a,n/a,n/a,n/a,n/a,n/a,n/a,n/a,2.45E-06,n/a,8.96E-07,n/a,3.00E-06,n/a,5.05E-10,n/a,9.72E-07,n/a,1.43E-06,n/a,Interim,n/a,n/a,n/a,n/a,
925542,925-54-2,2-METHYL-HEXANAL,n/a,n/a,n/a,n/a,n/a,n/a,n/a,n/a,n/a,n/a,n/a,n/a,n/a,n/a,n/a,n/a,n/a,n/a,n/a,n/a,n/a,n/a,n/a,n/a,n/a,3.54E+00,
926829,926-82-9,"3,5-DIMETHYL HEPTANE",n/a,n/a,n/a,n/a,n/a,n/a,n/a,n/a,n/a,n/a,n/a,n/a,n/a,n/a,n/a,n/a,n/a,n/a,n/a,n/a,n/a,n/a,n/a,n/a,n/a,1.56E+00,
927742,927-74-2,3-BUTYN-1-OL,n/a,1.92E+01,1.72E+01,4.84E+02,3.71E-02,1.14E+02,1.14E+02,Interim,n/a,n/a,n/a,n/a,n/a,n/a,n/a,n/a,n/a,n/a,n/a,n/a,n/a,n/a,n/a,n/a,n/a,n/a,
928687,928-68-7,"2-HEPTANONE, 6-METHYL-",n/a,1.53E-01,1.54E-01,6.09E+01,1.15E-02,3.78E+00,3.78E+00,Recommended,n/a,n/a,n/a,n/a,n/a,n/a,n/a,n/a,n/a,n/a,n/a,n/a,n/a,n/a,n/a,n/a,n/a,n/a,
928961,928-96-1,"3-HEXEN-1-OL, (Z)-",n/a,5.06E-02,4.06E-02,2.35E+01,3.03E-04,2.93E+00,2.93E+00,Interim,n/a,n/a,n/a,n/a,n/a,n/a,n/a,n/a,n/a,n/a,n/a,n/a,n/a,n/a,n/a,n/a,n/a,n/a,
929066,929-06-6,"ETHANOL, 2-(2-AMINOETHOXY)-",n/a,3.45E+00,3.16E+00,7.03E+01,1.25E-06,2.28E+01,2.28E+01,Interim,n/a,n/a,n/a,n/a,n/a,n/a,n/a,n/a,n/a,n/a,n/a,n/a,n/a,n/a,n/a,n/a,n/a,n/a,
930278,930-27-8,3-METHYL FURAN,n/a,n/a,n/a,n/a,n/a,n/a,n/a,n/a,n/a,n/a,n/a,n/a,n/a,n/a,n/a,n/a,n/a,n/a,n/a,n/a,n/a,n/a,n/a,n/a,n/a,6.90E+00,
930552,930-55-2,N-NITROSOPYRROLIDINE,n/a,n/a,n/a,n/a,n/a,n/a,n/a,n/a,n/a,1.13E-04,n/a,4.80E-05,n/a,2.44E-04,n/a,5.70E-08,n/a,3.52E-05,n/a,4.47E-05,n/a,Recommended,n/a,n/a,n/a,n/a,
932832,932-83-2,N-NITROSOHEXAMETHYLENEIMINE,n/a,n/a,n/a,n/a,n/a,n/a,n/a,n/a,n/a,9.59E-05,n/a,1.10E-05,n/a,2.94E-04,n/a,1.18E-07,n/a,1.62E-05,n/a,2.11E-05,n/a,Recommended,n/a,n/a,n/a,n/a,
933755,933-75-5,"2,3,6-TRICHLOROPHENOL",n/a,2.82E+02,2.37E+02,6.93E+03,1.95E+00,1.25E+02,1.25E+02,Interim,n/a,n/a,n/a,n/a,n/a,n/a,n/a,n/a,n/a,n/a,n/a,n/a,n/a,n/a,n/a,n/a,n/a,n/a,
933788,933-78-8,"2,3,5-TRICHLOROPHENOL",n/a,5.29E+01,5.08E+01,4.67E+03,6.97E+00,3.86E+01,3.86E+01,Interim,n/a,n/a,n/a,n/a,n/a,n/a,n/a,n/a,n/a,n/a,n/a,n/a,n/a,n/a,n/a,n/a,n/a,n/a,
933982,933-98-2,"1,2-DIMETHYL-3-ETHYL BENZENE",n/a,n/a,n/a,n/a,n/a,n/a,n/a,n/a,n/a,n/a,n/a,n/a,n/a,n/a,n/a,n/a,n/a,n/a,n/a,n/a,n/a,n/a,n/a,n/a,n/a,1.01E+01,
934009,934-00-9,"1,2-BENZENEDIOL, 3-METHOXY-",n/a,n/a,n/a,n/a,n/a,n/a,n/a,n/a,n/a,3.54E-07,n/a,3.53E-08,n/a,9.19E-07,n/a,1.90E-10,n/a,3.99E-08,n/a,7.45E-08,n/a,Interim,n/a,n/a,n/a,n/a,
934327,934-32-7,2-AMINOBENZIMIDAZOLE,n/a,2.86E+00,7.23E-01,1.55E+02,2.93E-09,3.36E+00,3.36E+00,Interim,n/a,n/a,n/a,n/a,n/a,n/a,n/a,n/a,n/a,n/a,n/a,n/a,n/a,n/a,n/a,n/a,n/a,n/a,
934747,934-74-7,"1,3-DIMETHYL-5-ETHYL BENZENE",n/a,n/a,n/a,n/a,n/a,n/a,n/a,n/a,n/a,n/a,n/a,n/a,n/a,n/a,n/a,n/a,n/a,n/a,n/a,n/a,n/a,n/a,n/a,n/a,n/a,1.01E+01,
934805,934-80-5,"1,2-DIMETHYL-4-ETHYL BENZENE ",n/a,n/a,n/a,n/a,n/a,n/a,n/a,n/a,n/a,n/a,n/a,n/a,n/a,n/a,n/a,n/a,n/a,n/a,n/a,n/a,n/a,n/a,n/a,n/a,n/a,7.55E+00,
935922,935-92-2,"2,5-CYCLOHEXADIENE-1,4-DIONE, 2,3,5-TRIMETHYL-",n/a,1.52E+02,8.79E+01,9.10E+03,1.10E-01,3.35E+02,3.35E+02,Recommended,n/a,n/a,n/a,n/a,n/a,n/a,n/a,n/a,n/a,n/a,n/a,n/a,n/a,n/a,n/a,n/a,n/a,n/a,
935955,935-95-5,"2,3,5,6-TETRACHLOROPHENOL",n/a,1.04E+03,8.13E+02,2.35E+04,3.71E+00,2.66E+02,2.66E+02,Interim,n/a,n/a,n/a,n/a,n/a,n/a,n/a,n/a,n/a,n/a,n/a,n/a,n/a,n/a,n/a,n/a,n/a,n/a,
937202,937-20-2,"2,4'-DICHLOROACETOPHENONE",n/a,1.88E+02,1.73E+02,2.91E+03,8.01E-01,2.68E+02,2.68E+02,Interim,n/a,n/a,n/a,n/a,n/a,n/a,n/a,n/a,n/a,n/a,n/a,n/a,n/a,n/a,n/a,n/a,n/a,n/a,
938738,938-73-8,"BENZAMIDE, 2-ETHOXY-",n/a,n/a,n/a,n/a,n/a,n/a,n/a,n/a,n/a,1.71E-07,n/a,9.43E-08,n/a,3.26E-07,n/a,8.45E-11,n/a,9.54E-08,n/a,1.53E-07,n/a,Recommended,n/a,n/a,n/a,n/a,
939231,939-23-1,4-PHENYLPYRIDINE,n/a,5.29E+01,3.79E+01,1.48E+03,1.11E-01,1.21E+01,1.21E+01,Interim,n/a,n/a,n/a,n/a,n/a,n/a,n/a,n/a,n/a,n/a,n/a,n/a,n/a,n/a,n/a,n/a,n/a,n/a,
941980,941-98-0,ALPHA-NAPHTHYL METHYL KETONE,n/a,4.86E+01,2.48E+01,2.26E+03,1.51E-02,3.09E+01,3.09E+01,Interim,n/a,n/a,n/a,n/a,n/a,n/a,n/a,n/a,n/a,n/a,n/a,n/a,n/a,n/a,n/a,n/a,n/a,n/a,
944229,944-22-9,FONOPHOS,n/a,8.60E+03,4.63E+03,3.05E+06,9.21E+01,6.03E+04,6.03E+04,Recommended,n/a,n/a,5.03E-06,n/a,9.46E-07,n/a,3.52E-05,n/a,9.24E-07,n/a,7.85E-07,n/a,4.15E-06,n/a,Recommended,n/a,n/a,n/a,
945517,945-51-7,DIPHENYL SULFOXIDE,n/a,4.02E+00,1.31E+00,2.12E+02,4.55E-05,1.65E+00,1.65E+00,Interim,n/a,n/a,n/a,n/a,n/a,n/a,n/a,n/a,n/a,n/a,n/a,n/a,n/a,n/a,n/a,n/a,n/a,n/a,
947024,947-02-4,CYOLANE,n/a,1.10E+02,5.54E+01,4.52E+03,2.14E-05,2.03E+02,2.03E+02,Interim,n/a,n/a,n/a,n/a,n/a,n/a,n/a,n/a,n/a,n/a,n/a,n/a,n/a,n/a,n/a,n/a,n/a,n/a,
947046,947-04-6,AZACYCLOTRIDECAN-2-ONE,n/a,4.12E+01,2.19E+01,1.54E+03,2.57E-04,3.27E+01,3.27E+01,Recommended,n/a,n/a,n/a,n/a,n/a,n/a,n/a,n/a,n/a,n/a,n/a,n/a,n/a,n/a,n/a,n/a,n/a,n/a,
950356,950-35-6,METHYL PARAOXON,n/a,2.63E+04,2.51E+04,1.87E+05,1.20E+00,4.27E+04,4.27E+04,Interim,n/a,n/a,n/a,n/a,n/a,n/a,n/a,n/a,n/a,n/a,n/a,n/a,n/a,n/a,n/a,n/a,n/a,n/a,
950378,950-37-8,METHIDATHION,n/a,4.72E+03,3.64E+03,1.60E+05,7.94E-02,3.91E+04,3.91E+04,Recommended,n/a,6.97E-06,6.72E-06,2.21E-06,2.13E-06,2.87E-05,2.77E-05,3.18E-08,3.07E-08,7.01E-06,6.76E-06,1.45E-05,1.40E-05,Recommended,Recommended,n/a,n/a,n/a,
953173,953-17-3,CARBOPHENOTHION-METHYL,n/a,2.93E+02,7.56E+01,1.33E+05,1.37E+00,9.87E+02,9.87E+02,Recommended,n/a,n/a,n/a,n/a,n/a,n/a,n/a,n/a,n/a,n/a,n/a,n/a,n/a,n/a,n/a,n/a,n/a,n/a,
957517,957-51-7,DIPHENAMID,n/a,2.57E+01,1.88E+01,6.27E+02,2.24E-06,4.89E+01,4.89E+01,Interim,n/a,n/a,6.62E-07,n/a,3.51E-07,n/a,1.49E-06,n/a,6.17E-09,n/a,1.16E-07,n/a,2.98E-07,n/a,Recommended,n/a,n/a,n/a,
959988,959-98-8,A-ENDOSULFAN,n/a,7.41E+03,6.68E+03,1.13E+06,1.56E+03,8.69E+03,8.69E+03,Interim,n/a,n/a,n/a,n/a,n/a,n/a,n/a,n/a,n/a,n/a,n/a,n/a,n/a,n/a,n/a,n/a,n/a,n/a,
961115,961-11-5,STIROFOS,n/a,3.48E+03,1.95E+03,1.23E+05,1.54E-02,3.16E+03,3.16E+03,Interim,n/a,4.38E-07,7.14E-07,2.57E-07,4.18E-07,1.33E-06,2.17E-06,9.11E-09,1.48E-08,3.43E-08,5.58E-08,1.24E-07,2.01E-07,Recommended,Recommended,n/a,n/a,n/a,
962583,962-58-3,"DIAZINON, O-ANALOG",n/a,4.01E+03,2.66E+03,1.28E+05,1.41E-01,1.20E+04,1.20E+04,Interim,n/a,n/a,n/a,n/a,n/a,n/a,n/a,n/a,n/a,n/a,n/a,n/a,n/a,n/a,n/a,n/a,n/a,n/a,
973217,973-21-7,DINOBUTON,n/a,4.95E+04,2.95E+04,1.55E+06,3.73E+01,1.32E+04,1.32E+04,Interim,n/a,n/a,n/a,n/a,n/a,n/a,n/a,n/a,n/a,n/a,n/a,n/a,n/a,n/a,n/a,n/a,n/a,n/a,
993168,993-16-8,"STANNANE, TRICHLOROMETHYL-",n/a,3.22E+04,3.07E+04,3.23E+05,9.95E+01,6.34E+04,6.34E+04,Interim,n/a,n/a,n/a,n/a,n/a,n/a,n/a,n/a,n/a,n/a,n/a,n/a,n/a,n/a,n/a,n/a,n/a,n/a,
994058,994-05-8,METHYL TERT-AMYL ETHER (TAME),n/a,n/a,n/a,n/a,n/a,n/a,n/a,n/a,n/a,n/a,n/a,n/a,n/a,n/a,n/a,n/a,n/a,n/a,n/a,n/a,n/a,n/a,n/a,n/a,n/a,1.69E+00,
999611,999-61-1,2-HYDROXYPROPYL ACRYLATE,n/a,5.37E+02,5.12E+02,5.61E+03,2.64E-02,1.74E+03,1.74E+03,Interim,n/a,n/a,n/a,n/a,n/a,n/a,n/a,n/a,n/a,n/a,n/a,n/a,n/a,n/a,n/a,n/a,n/a,n/a,
999815,999-81-5,CHLORMEQUAT CHLORIDE,n/a,2.56E+01,2.46E+01,1.77E+02,1.48E-09,4.55E+01,4.55E+01,Interim,n/a,n/a,n/a,n/a,n/a,n/a,n/a,n/a,n/a,n/a,n/a,n/a,n/a,n/a,n/a,n/a,n/a,n/a,
1002433,1002-43-3,3-METHYL UNDECANE,n/a,n/a,n/a,n/a,n/a,n/a,n/a,n/a,n/a,n/a,n/a,n/a,n/a,n/a,n/a,n/a,n/a,n/a,n/a,n/a,n/a,n/a,n/a,n/a,n/a,5.87E-01,
1002626,1002-62-6,"DECANOIC ACID, NA SALT",n/a,1.08E+01,8.43E+00,1.76E+02,5.20E-11,7.21E+00,7.21E+00,Interim,n/a,n/a,n/a,n/a,n/a,n/a,n/a,n/a,n/a,n/a,n/a,n/a,n/a,n/a,n/a,n/a,n/a,n/a,
1004291,1004-29-1,2-BUTYL TETRAHYDROFURAN,n/a,n/a,n/a,n/a,n/a,n/a,n/a,n/a,n/a,n/a,n/a,n/a,n/a,n/a,n/a,n/a,n/a,n/a,n/a,n/a,n/a,n/a,n/a,n/a,n/a,2.13E+00,
1008884,1008-88-4,3-PHENYLPYRIDINE,n/a,3.21E+01,2.16E+01,7.59E+02,1.15E-02,6.02E+00,6.02E+00,Interim,n/a,n/a,n/a,n/a,n/a,n/a,n/a,n/a,n/a,n/a,n/a,n/a,n/a,n/a,n/a,n/a,n/a,n/a,
1008895,1008-89-5,2-PHENYLPYRIDINE,n/a,1.20E+01,9.65E+00,3.93E+02,7.84E-02,3.35E+00,3.35E+00,Interim,n/a,n/a,n/a,n/a,n/a,n/a,n/a,n/a,n/a,n/a,n/a,n/a,n/a,n/a,n/a,n/a,n/a,n/a,
1014693,1014-69-3,DESMETRYNE,n/a,9.56E+02,7.54E+02,1.97E+04,1.87E-03,2.05E+03,2.05E+03,Recommended,n/a,n/a,n/a,n/a,n/a,n/a,n/a,n/a,n/a,n/a,n/a,n/a,n/a,n/a,n/a,n/a,n/a,n/a,
1014706,1014-70-6,SIMETRYN,n/a,1.44E+03,1.08E+03,3.23E+04,2.45E-03,2.47E+03,2.47E+03,Recommended,n/a,n/a,n/a,n/a,n/a,n/a,n/a,n/a,n/a,n/a,n/a,n/a,n/a,n/a,n/a,n/a,n/a,n/a,
1024573,1024-57-3,HEPTACHLOR EPOXIDE,n/a,9.18E+03,8.18E+03,6.29E+05,1.07E+03,6.25E+03,6.25E+03,Recommended,n/a,2.03E-03,1.17E-03,1.87E-03,1.07E-03,6.83E-02,3.92E-02,8.69E-03,4.99E-03,8.25E-04,4.74E-04,9.47E-04,5.44E-04,Recommended,Recommended,n/a,n/a,n/a,
1031078,1031-07-8,ENDOSULFAN SULFATE,n/a,5.37E+03,3.10E+03,1.78E+05,9.42E+00,1.79E+03,1.79E+03,Interim,n/a,n/a,n/a,n/a,n/a,n/a,n/a,n/a,n/a,n/a,n/a,n/a,n/a,n/a,n/a,n/a,n/a,n/a,
1058920,1058-92-0,MORDANT BLUE 13,n/a,1.28E+00,7.95E-01,3.34E+01,1.62E-21,1.98E-02,1.98E-02,Interim,n/a,n/a,n/a,n/a,n/a,n/a,n/a,n/a,n/a,n/a,n/a,n/a,n/a,n/a,n/a,n/a,n/a,n/a,
1066451,1066-45-1,TRIMETHYLTIN CHLORIDE,n/a,2.71E+04,2.70E+04,1.69E+06,9.22E+02,1.51E+05,1.51E+05,Interim,n/a,n/a,n/a,n/a,n/a,n/a,n/a,n/a,n/a,n/a,n/a,n/a,n/a,n/a,n/a,n/a,n/a,n/a,
1067147,1067-14-7,TRIETHYLCHLOROLEAD,n/a,1.35E+03,1.02E+03,2.63E+04,1.41E-04,1.39E+03,1.39E+03,Interim,n/a,n/a,n/a,n/a,n/a,n/a,n/a,n/a,n/a,n/a,n/a,n/a,n/a,n/a,n/a,n/a,n/a,n/a,
1067205,1067-20-5,"3,3-DIETHYL PENTANE",n/a,n/a,n/a,n/a,n/a,n/a,n/a,n/a,n/a,n/a,n/a,n/a,n/a,n/a,n/a,n/a,n/a,n/a,n/a,n/a,n/a,n/a,n/a,n/a,n/a,1.21E+00,
1067330,1067-33-0,DI-N-BUTYL TIN DIACETATE,n/a,4.44E+01,4.52E+01,5.21E+04,2.52E+00,4.11E+03,4.11E+03,Interim,n/a,n/a,n/a,n/a,n/a,n/a,n/a,n/a,n/a,n/a,n/a,n/a,n/a,n/a,n/a,n/a,n/a,n/a,
1067976,1067-97-6,TRIBUTYL TIN HYDROXIDE,n/a,3.96E+02,1.14E+02,3.69E+04,1.47E-01,1.50E+01,1.50E+01,Interim,n/a,n/a,n/a,n/a,n/a,n/a,n/a,n/a,n/a,n/a,n/a,n/a,n/a,n/a,n/a,n/a,n/a,n/a,
1068195,1068-19-5,"4,4-DIMETHYL HEPTANE",n/a,n/a,n/a,n/a,n/a,n/a,n/a,n/a,n/a,n/a,n/a,n/a,n/a,n/a,n/a,n/a,n/a,n/a,n/a,n/a,n/a,n/a,n/a,n/a,n/a,1.27E+00,
1068571,1068-57-1,ACETIC ACID HYDRAZIDE,n/a,n/a,n/a,n/a,n/a,n/a,n/a,n/a,n/a,9.15E-06,n/a,4.61E-06,n/a,8.10E-06,n/a,1.62E-09,n/a,2.68E-06,n/a,3.89E-06,n/a,Interim,n/a,n/a,n/a,n/a,
1069530,1069-53-0,"2,3,5-TRIMETHYL HEXANE",n/a,n/a,n/a,n/a,n/a,n/a,n/a,n/a,n/a,n/a,n/a,n/a,n/a,n/a,n/a,n/a,n/a,n/a,n/a,n/a,n/a,n/a,n/a,n/a,n/a,1.22E+00,
1070833,1070-83-3,"BUTANOIC ACID, 3,3-DIMETHYL-",n/a,1.67E-01,1.66E-01,4.07E+00,3.59E-03,8.13E-01,8.13E-01,Interim,n/a,n/a,n/a,n/a,n/a,n/a,n/a,n/a,n/a,n/a,n/a,n/a,n/a,n/a,n/a,n/a,n/a,n/a,
1071267,1071-26-7,"2,2-DIMETHYL HEPTANE",n/a,n/a,n/a,n/a,n/a,n/a,n/a,n/a,n/a,n/a,n/a,n/a,n/a,n/a,n/a,n/a,n/a,n/a,n/a,n/a,n/a,n/a,n/a,n/a,n/a,1.00E+00,
1071836,1071-83-6,GLYPHOSPHATE,n/a,1.48E+01,1.34E+01,3.21E+02,4.45E-08,1.04E+02,1.04E+02,Recommended,n/a,n/a,9.36E-08,n/a,2.22E-08,n/a,1.60E-07,n/a,2.70E-11,n/a,5.19E-08,n/a,7.63E-08,n/a,Interim,n/a,n/a,n/a,
1072055,1072-05-5,"2,6-DIMETHYL HEPTANE",n/a,n/a,n/a,n/a,n/a,n/a,n/a,n/a,n/a,n/a,n/a,n/a,n/a,n/a,n/a,n/a,n/a,n/a,n/a,n/a,n/a,n/a,n/a,n/a,n/a,1.04E+00,
1074175,1074-17-5,1-METHYL-2-N-PROPYL BENZENE,n/a,n/a,n/a,n/a,n/a,n/a,n/a,n/a,n/a,n/a,n/a,n/a,n/a,n/a,n/a,n/a,n/a,n/a,n/a,n/a,n/a,n/a,n/a,n/a,n/a,5.49E+00,
1074437,1074-43-7,1-METHYL-3-N-PROPYL BENZENE,n/a,n/a,n/a,n/a,n/a,n/a,n/a,n/a,n/a,n/a,n/a,n/a,n/a,n/a,n/a,n/a,n/a,n/a,n/a,n/a,n/a,n/a,n/a,n/a,n/a,7.10E+00,
1074551,1074-55-1,1-METHYL-4-N-PROPYL BENZENE,n/a,n/a,n/a,n/a,n/a,n/a,n/a,n/a,n/a,n/a,n/a,n/a,n/a,n/a,n/a,n/a,n/a,n/a,n/a,n/a,n/a,n/a,n/a,n/a,n/a,4.43E+00,
1074926,1074-92-6,"O-TERT-BUTYL TOLUENE; 1-(1,1-DIMETHYLETHYL)-2-METHYL BENZENE",n/a,n/a,n/a,n/a,n/a,n/a,n/a,n/a,n/a,n/a,n/a,n/a,n/a,n/a,n/a,n/a,n/a,n/a,n/a,n/a,n/a,n/a,n/a,n/a,n/a,4.73E+00,
1076466,1076-46-6,"CHLORAMBEN, AMMONIUM SALT",n/a,3.78E+00,3.67E+00,2.35E+01,1.40E-10,6.58E+00,6.58E+00,Interim,n/a,n/a,n/a,n/a,n/a,n/a,n/a,n/a,n/a,n/a,n/a,n/a,n/a,n/a,n/a,n/a,n/a,n/a,
1078382,1078-38-2,1-ACETYL-2-ISONICOTINOYLHYDRAZINE,n/a,n/a,n/a,n/a,n/a,n/a,n/a,n/a,n/a,3.79E-07,n/a,2.54E-07,n/a,5.06E-07,n/a,9.52E-11,n/a,1.75E-07,n/a,2.25E-07,n/a,Interim,n/a,n/a,n/a,n/a,
1081341,1081-34-1,"2,5-THIOPHENYL-THIOPHENE",n/a,2.82E+04,8.07E+03,2.48E+06,3.43E+01,1.90E+03,1.90E+03,Interim,n/a,n/a,n/a,n/a,n/a,n/a,n/a,n/a,n/a,n/a,n/a,n/a,n/a,n/a,n/a,n/a,n/a,n/a,
1083574,1083-57-4,BUCETIN,n/a,n/a,n/a,n/a,n/a,n/a,n/a,n/a,n/a,1.06E-08,n/a,3.32E-09,n/a,1.45E-08,n/a,4.42E-12,n/a,3.40E-09,n/a,6.93E-09,n/a,Recommended,n/a,n/a,n/a,n/a,
1085989,1085-98-9,DICHLOFLUANID,n/a,3.04E+03,2.29E+03,6.77E+04,3.82E-01,4.60E+03,4.60E+03,Recommended,n/a,n/a,1.17E-07,n/a,8.13E-08,n/a,6.32E-07,n/a,1.18E-08,n/a,4.35E-08,n/a,9.58E-08,n/a,Recommended,n/a,n/a,n/a,
1113026,1113-02-6,DIMETHOXON,n/a,4.10E+01,3.71E+01,5.90E+02,3.79E-07,1.40E+02,1.40E+02,Recommended,n/a,n/a,5.84E-05,n/a,2.10E-05,n/a,7.15E-05,n/a,1.21E-08,n/a,1.70E-05,n/a,2.56E-05,n/a,Recommended,n/a,n/a,n/a,
1113388,1113-38-8,AMMONIUM OXALATE,n/a,3.81E+02,3.77E+02,1.36E+03,1.30E-09,4.39E+02,4.39E+02,Interim,n/a,n/a,n/a,n/a,n/a,n/a,n/a,n/a,n/a,n/a,n/a,n/a,n/a,n/a,n/a,n/a,n/a,n/a,
1114712,1114-71-2,PEBULATE,n/a,9.61E-01,8.77E-01,9.39E+02,5.63E-02,9.18E+00,9.18E+00,Recommended,n/a,n/a,n/a,n/a,n/a,n/a,n/a,n/a,n/a,n/a,n/a,n/a,n/a,n/a,n/a,n/a,n/a,1.67E+00,
1115204,1115-20-4,"PROPANOIC ACID, 3-HYDROXY-2,2-DIMETHYL-, 3-HYDROXY-2,2-DIMETHYLPROPYL ESTER",n/a,1.69E+00,1.59E+00,1.48E+01,2.09E-06,3.50E+00,3.50E+00,Recommended,n/a,n/a,n/a,n/a,n/a,n/a,n/a,n/a,n/a,n/a,n/a,n/a,n/a,n/a,n/a,n/a,n/a,n/a,
1116547,1116-54-7,N-NITROSODIETHANOLAMINE,n/a,n/a,n/a,n/a,n/a,n/a,n/a,n/a,n/a,1.14E-05,n/a,4.09E-06,n/a,1.42E-05,n/a,2.38E-09,n/a,4.58E-06,n/a,6.79E-06,n/a,Recommended,n/a,n/a,n/a,n/a,
1118463,1118-46-3,BUTYL TRICHLORO TIN,n/a,8.22E+02,8.01E+02,2.01E+05,3.21E+01,4.44E+03,4.44E+03,Interim,n/a,n/a,n/a,n/a,n/a,n/a,n/a,n/a,n/a,n/a,n/a,n/a,n/a,n/a,n/a,n/a,n/a,n/a,
1119400,1119-40-0,DIMETHYL GLUTARATE,n/a,n/a,n/a,n/a,n/a,n/a,n/a,n/a,n/a,n/a,n/a,n/a,n/a,n/a,n/a,n/a,n/a,n/a,n/a,n/a,n/a,n/a,n/a,n/a,n/a,4.19E-01,
1119682,1119-68-2,N-PENTYLHYDRAZINE.HCL,n/a,n/a,n/a,n/a,n/a,n/a,n/a,n/a,n/a,6.71E-06,n/a,9.99E-08,n/a,4.96E-06,n/a,6.58E-09,n/a,1.34E-07,n/a,3.17E-07,n/a,Interim,n/a,n/a,n/a,n/a,
1119977,1119-97-7,MYRISTYLTRIMETHYLAMMONIUM BROMIDE,n/a,2.77E+01,1.72E+01,7.25E+02,5.96E-12,2.89E-01,2.89E-01,Interim,n/a,n/a,n/a,n/a,n/a,n/a,n/a,n/a,n/a,n/a,n/a,n/a,n/a,n/a,n/a,n/a,n/a,n/a,
1120010,1120-01-0,"1-HEXADECANOL, HYDROGEN SULFATE, SODIUM SALT",n/a,7.95E+02,4.92E+02,2.09E+04,8.34E-10,5.48E+00,5.48E+00,Interim,n/a,n/a,n/a,n/a,n/a,n/a,n/a,n/a,n/a,n/a,n/a,n/a,n/a,n/a,n/a,n/a,n/a,n/a,
1120214,1120-21-4,N-UNDECANE,n/a,n/a,n/a,n/a,n/a,n/a,n/a,n/a,n/a,n/a,n/a,n/a,n/a,n/a,n/a,n/a,n/a,n/a,n/a,n/a,n/a,n/a,n/a,n/a,n/a,6.11E-01,
1120258,1120-25-8,METHYL CIS-9-HEXADECENOATE (METHYL PALMITOLEATE),n/a,n/a,n/a,n/a,n/a,n/a,n/a,n/a,n/a,n/a,n/a,n/a,n/a,n/a,n/a,n/a,n/a,n/a,n/a,n/a,n/a,n/a,n/a,n/a,n/a,1.70E+00,
1120361,1120-36-1,1-TETRADECENE,n/a,n/a,n/a,n/a,n/a,n/a,n/a,n/a,n/a,n/a,n/a,n/a,n/a,n/a,n/a,n/a,n/a,n/a,n/a,n/a,n/a,n/a,n/a,n/a,n/a,1.34E+00,
1120623,1120-62-3,3-METHYL CYCLOPENTENE,n/a,n/a,n/a,n/a,n/a,n/a,n/a,n/a,n/a,n/a,n/a,n/a,n/a,n/a,n/a,n/a,n/a,n/a,n/a,n/a,n/a,n/a,n/a,n/a,n/a,5.10E+00,
1120714,1120-71-4,PROPANE SULTONE,n/a,n/a,n/a,n/a,n/a,n/a,n/a,n/a,n/a,1.18E-05,n/a,4.98E-06,n/a,1.16E-05,n/a,3.98E-09,n/a,3.04E-06,n/a,4.30E-06,n/a,Recommended,n/a,n/a,n/a,n/a,
1121604,1121-60-4,2-PYRIDINECARBOXYALDEHYDE,n/a,2.03E+00,1.83E+00,1.21E+02,9.25E-03,2.54E+01,2.54E+01,Interim,n/a,n/a,n/a,n/a,n/a,n/a,n/a,n/a,n/a,n/a,n/a,n/a,n/a,n/a,n/a,n/a,n/a,n/a,
1122549,1122-54-9,4-ACETYLPYRIDINE,n/a,2.42E+01,2.37E+01,1.04E+02,6.12E-03,2.83E+01,2.83E+01,Interim,n/a,n/a,n/a,n/a,n/a,n/a,n/a,n/a,n/a,n/a,n/a,n/a,n/a,n/a,n/a,n/a,n/a,n/a,
1122583,1122-58-3,4-DIMETHYLAMINOPYRIDINE,n/a,1.47E+00,9.89E-01,7.19E+01,1.09E-03,1.47E+01,1.47E+01,Interim,n/a,n/a,n/a,n/a,n/a,n/a,n/a,n/a,n/a,n/a,n/a,n/a,n/a,n/a,n/a,n/a,n/a,n/a,
1122618,1122-61-8,4-NITROPYRIDINE,n/a,8.10E+01,7.67E+01,7.39E+02,2.79E-01,9.07E+01,9.07E+01,Interim,n/a,n/a,n/a,n/a,n/a,n/a,n/a,n/a,n/a,n/a,n/a,n/a,n/a,n/a,n/a,n/a,n/a,n/a,
1122914,1122-91-4,"BENZALDEHYDE, 4-BROMO-",n/a,2.08E+00,2.06E+00,3.02E+02,1.04E-01,6.34E+01,6.34E+01,Interim,n/a,n/a,n/a,n/a,n/a,n/a,n/a,n/a,n/a,n/a,n/a,n/a,n/a,n/a,n/a,n/a,n/a,n/a,
1124192,1124-19-2,PHENYLTIN TRICHLORIDE,n/a,1.85E+04,1.75E+04,5.78E+05,3.65E+02,1.17E+04,1.17E+04,Interim,n/a,n/a,n/a,n/a,n/a,n/a,n/a,n/a,n/a,n/a,n/a,n/a,n/a,n/a,n/a,n/a,n/a,n/a,
1126347,1126-34-7,"BENZENESULFONIC ACID, 3-AMINO-, MONOSODIUM SALT",n/a,2.30E+00,2.22E+00,1.31E+01,2.42E-15,3.12E+00,3.12E+00,Interim,n/a,n/a,n/a,n/a,n/a,n/a,n/a,n/a,n/a,n/a,n/a,n/a,n/a,n/a,n/a,n/a,n/a,n/a,
1126461,1126-46-1,METHYL P-CHLOROBENZOATE,n/a,2.03E+01,2.02E+01,5.83E+02,8.89E-01,3.16E+01,3.16E+01,Interim,n/a,n/a,n/a,n/a,n/a,n/a,n/a,n/a,n/a,n/a,n/a,n/a,n/a,n/a,n/a,n/a,n/a,n/a,
1126790,1126-79-0,BUTYL PHENYL ETHER,n/a,4.96E-01,4.18E-01,1.42E+03,3.31E-02,1.24E+01,1.24E+01,Interim,n/a,n/a,n/a,n/a,n/a,n/a,n/a,n/a,n/a,n/a,n/a,n/a,n/a,n/a,n/a,n/a,n/a,n/a,
1127760,1127-76-0,1-ETHYL NAPHTHALENE,n/a,n/a,n/a,n/a,n/a,n/a,n/a,n/a,n/a,n/a,n/a,n/a,n/a,n/a,n/a,n/a,n/a,n/a,n/a,n/a,n/a,n/a,n/a,n/a,n/a,2.78E+00,
1129415,1129-41-5,N-METHYL-M-TOLYLCARBAMATE,n/a,2.68E+02,2.48E+02,2.72E+03,8.33E-02,5.26E+02,5.26E+02,Interim,n/a,n/a,n/a,n/a,n/a,n/a,n/a,n/a,n/a,n/a,n/a,n/a,n/a,n/a,n/a,n/a,n/a,n/a,
1133648,1133-64-8,N-NITROSOANABASINE,n/a,n/a,n/a,n/a,n/a,n/a,n/a,n/a,n/a,3.64E-06,n/a,1.80E-06,n/a,1.02E-05,n/a,2.54E-09,n/a,1.09E-07,n/a,1.72E-07,n/a,Interim,n/a,n/a,n/a,n/a,
1134232,1134-23-2,CYCLOATE,n/a,3.54E+01,2.77E+01,7.07E+03,5.54E-01,3.14E+02,3.14E+02,Interim,n/a,n/a,n/a,n/a,n/a,n/a,n/a,n/a,n/a,n/a,n/a,n/a,n/a,n/a,n/a,n/a,n/a,n/a,
1135995,1135-99-5,DIPHENYLTIN DICHLORIDE,n/a,3.63E+05,2.50E+05,1.34E+07,1.31E+03,1.44E+04,1.44E+04,Interim,n/a,n/a,n/a,n/a,n/a,n/a,n/a,n/a,n/a,n/a,n/a,n/a,n/a,n/a,n/a,n/a,n/a,n/a,
1142194,1142-19-4,BIS(4-CHLOROPHENYL) DISULFIDE,n/a,1.56E+00,2.22E-01,5.36E+02,1.42E-02,4.64E-01,4.64E-01,Interim,n/a,n/a,n/a,n/a,n/a,n/a,n/a,n/a,n/a,n/a,n/a,n/a,n/a,n/a,n/a,n/a,n/a,n/a,
1162658,1162-65-8,AFLATOXIN B1,n/a,9.95E+02,6.43E+02,4.11E+04,1.51E-06,7.66E+03,7.66E+03,Interim,n/a,5.59E-03,n/a,1.40E-03,n/a,2.94E-02,n/a,7.63E-06,n/a,5.47E-03,n/a,9.69E-03,n/a,Recommended,n/a,n/a,n/a,n/a,
1163195,1163-19-5,DECABROMOPHENYL ETHER,n/a,n/a,n/a,n/a,n/a,n/a,n/a,n/a,n/a,8.76E-08,2.60E-05,8.20E-08,2.43E-05,9.43E-08,2.80E-05,1.20E-08,3.56E-06,7.95E-11,2.36E-08,2.52E-09,7.49E-07,Interim,Interim,n/a,n/a,n/a,
1191500,1191-50-0,"1-TETRADECANOL, HYDROGEN SULFATE, SODIUM SALT",n/a,3.05E+02,1.90E+02,7.93E+03,1.69E-10,6.24E+00,6.24E+00,Interim,n/a,n/a,n/a,n/a,n/a,n/a,n/a,n/a,n/a,n/a,n/a,n/a,n/a,n/a,n/a,n/a,n/a,n/a,
1191953,1191-95-3,CYCLOBUTANONE,n/a,n/a,n/a,n/a,n/a,n/a,n/a,n/a,n/a,n/a,n/a,n/a,n/a,n/a,n/a,n/a,n/a,n/a,n/a,n/a,n/a,n/a,n/a,n/a,n/a,6.20E-01,
1192285,1192-28-5,"CYCLOPENTANONE, OXIME",n/a,n/a,n/a,n/a,n/a,n/a,n/a,n/a,n/a,9.78E-07,n/a,3.40E-07,n/a,1.09E-06,n/a,2.92E-10,n/a,3.58E-08,n/a,5.56E-08,n/a,Recommended,n/a,n/a,n/a,n/a,
1194021,1194-02-1,"BENZONITRILE, 4-FLUORO-",n/a,2.11E+00,2.10E+00,4.42E+01,1.88E-01,3.73E+00,3.73E+00,Interim,n/a,n/a,n/a,n/a,n/a,n/a,n/a,n/a,n/a,n/a,n/a,n/a,n/a,n/a,n/a,n/a,n/a,n/a,
1194656,1194-65-6,"2,6-DICHLOROBENZONITRILE",n/a,3.36E+02,3.31E+02,5.27E+03,1.00E+01,2.96E+02,2.96E+02,Recommended,n/a,n/a,n/a,n/a,n/a,n/a,n/a,n/a,n/a,n/a,n/a,n/a,n/a,n/a,n/a,n/a,n/a,n/a,
1198556,1198-55-6,"TETRACHLORO-1,2-BENZENEDIOL",n/a,3.52E+03,2.60E+03,7.53E+04,6.27E+00,6.33E+02,6.33E+02,Interim,n/a,n/a,n/a,n/a,n/a,n/a,n/a,n/a,n/a,n/a,n/a,n/a,n/a,n/a,n/a,n/a,n/a,n/a,
1204213,1204-21-3,"A-BROM-2,5-DIMETHOXY-ACETOPHENON",n/a,1.68E+04,1.45E+04,3.25E+05,1.11E+01,6.66E+04,6.66E+04,Recommended,n/a,n/a,n/a,n/a,n/a,n/a,n/a,n/a,n/a,n/a,n/a,n/a,n/a,n/a,n/a,n/a,n/a,n/a,
1214397,1214-39-7,"1H-PURIN-6-AMINE, N-(PHENYLMETHYL)-",n/a,2.74E+01,9.37E+00,1.38E+03,2.78E-09,7.13E+00,7.13E+00,Recommended,n/a,n/a,n/a,n/a,n/a,n/a,n/a,n/a,n/a,n/a,n/a,n/a,n/a,n/a,n/a,n/a,n/a,n/a,
1241947,1241-94-7,2-ETHYLHEXYL DIPHENYL PHOSPHATE,n/a,8.10E+01,2.62E+01,1.73E+04,8.35E-01,5.52E+00,5.52E+00,Recommended,n/a,n/a,n/a,n/a,n/a,n/a,n/a,n/a,n/a,n/a,n/a,n/a,n/a,n/a,n/a,n/a,n/a,n/a,
1300216,1300-21-6,DICHLOROETHANES,n/a,9.17E-02,9.16E-02,9.14E+00,1.74E-02,7.17E-01,7.17E-01,Interim,n/a,n/a,n/a,n/a,n/a,n/a,n/a,n/a,n/a,n/a,n/a,n/a,n/a,n/a,n/a,n/a,n/a,n/a,
1302789,1302-78-9,BENTONITE,n/a,1.23E-01,9.79E-02,2.05E+00,2.52E-07,1.15E-01,1.15E-01,Interim,n/a,n/a,n/a,n/a,n/a,n/a,n/a,n/a,n/a,n/a,n/a,n/a,n/a,n/a,n/a,n/a,n/a,n/a,
1319773,1319-77-3,CRESOL(S),n/a,1.01E+01,4.92E+00,9.38E+02,1.06E-02,2.18E+01,2.18E+01,Recommended,n/a,n/a,n/a,n/a,n/a,n/a,n/a,n/a,n/a,n/a,n/a,n/a,n/a,n/a,n/a,n/a,n/a,2.40E+00,
1320076,1320-07-6,"C,I, ACID ORANGE 24, MONOSODIUM SALT",n/a,9.87E+00,6.18E+00,2.55E+02,1.38E-21,3.01E-01,3.01E-01,Interim,n/a,n/a,n/a,n/a,n/a,n/a,n/a,n/a,n/a,n/a,n/a,n/a,n/a,n/a,n/a,n/a,n/a,n/a,
1320189,1320-18-9,"2,4-D, PROPYLENE GLYCOL BUTYLETHER ESTER",n/a,2.81E+02,2.47E+02,2.51E+04,6.19E+00,1.11E+03,1.11E+03,Recommended,n/a,n/a,n/a,n/a,n/a,n/a,n/a,n/a,n/a,n/a,n/a,n/a,n/a,n/a,n/a,n/a,n/a,n/a,
1320678,1320-67-8,3-METHOXY-1-PROPANOL,n/a,n/a,n/a,n/a,n/a,n/a,n/a,n/a,n/a,n/a,n/a,n/a,n/a,n/a,n/a,n/a,n/a,n/a,n/a,n/a,n/a,n/a,n/a,n/a,n/a,3.84E+00,
1321604,1321-60-4,TRIMETHYL CYCLOHEXANOL,n/a,n/a,n/a,n/a,n/a,n/a,n/a,n/a,n/a,n/a,n/a,n/a,n/a,n/a,n/a,n/a,n/a,n/a,n/a,n/a,n/a,n/a,n/a,n/a,n/a,1.86E+00,
1321944,1321-94-4,METHYL NAPHTHALENES (MIXTURE OF ISOMERS),n/a,7.17E-01,4.68E-01,1.58E+03,3.63E-02,4.54E+00,4.54E+00,Recommended,n/a,n/a,n/a,n/a,n/a,n/a,n/a,n/a,n/a,n/a,n/a,n/a,n/a,n/a,n/a,n/a,n/a,3.06E+00,
1330207,1330-20-7,XYLENES,n/a,1.13E-02,1.00E-02,7.74E+01,9.06E-04,8.56E-01,8.56E-01,Recommended,n/a,9.01E-09,2.10E-07,4.92E-10,1.14E-08,3.88E-09,1.57E-08,7.92E-11,1.09E-09,3.98E-10,8.38E-09,1.16E-09,9.86E-09,Recommended,Recommended,n/a,n/a,7.76E+00,
1330785,1330-78-5,TRICRESYL PHOSPHATE,n/a,9.60E+01,4.36E+01,4.81E+03,8.19E-02,2.52E+00,2.52E+00,Recommended,n/a,n/a,n/a,n/a,n/a,n/a,n/a,n/a,n/a,n/a,n/a,n/a,n/a,n/a,n/a,n/a,n/a,n/a,
1336363,1336-36-3,PCBS,n/a,2.34E+02,2.15E+02,1.50E+04,6.40E+01,5.44E+01,5.44E+01,Interim,n/a,9.27E-05,n/a,8.84E-05,n/a,3.30E-03,n/a,9.97E-04,n/a,1.84E-05,n/a,1.85E-05,n/a,Recommended,n/a,n/a,n/a,n/a,
1397940,1397-94-0,ANTIMYCIN A,n/a,2.67E+06,1.67E+06,6.88E+07,1.04E-11,8.86E+04,8.86E+04,Recommended,n/a,n/a,n/a,n/a,n/a,n/a,n/a,n/a,n/a,n/a,n/a,n/a,n/a,n/a,n/a,n/a,n/a,n/a,
1401554,1401-55-4,TANNINS,n/a,8.53E+01,5.27E+01,2.24E+03,7.56E-27,5.10E-01,5.10E-01,Interim,n/a,n/a,n/a,n/a,n/a,n/a,n/a,n/a,n/a,n/a,n/a,n/a,n/a,n/a,n/a,n/a,n/a,n/a,
1402682,1402-68-2,AFLATOXIN,n/a,n/a,n/a,n/a,n/a,n/a,n/a,n/a,n/a,1.13E-02,n/a,4.06E-03,n/a,3.13E-02,n/a,6.21E-06,n/a,5.15E-03,n/a,7.83E-03,n/a,Recommended,n/a,n/a,n/a,n/a,
1420048,1420-04-8,NICLOSAMIDE ETHANOLAMINE SALT,n/a,1.25E+04,1.06E+04,1.55E+05,7.47E-14,9.25E+03,9.25E+03,Interim,n/a,n/a,n/a,n/a,n/a,n/a,n/a,n/a,n/a,n/a,n/a,n/a,n/a,n/a,n/a,n/a,n/a,n/a,
1420060,1420-06-0,TRIFENMORPH,n/a,3.60E+02,4.22E+01,3.76E+04,8.78E-02,8.62E+00,8.62E+00,Recommended,n/a,n/a,n/a,n/a,n/a,n/a,n/a,n/a,n/a,n/a,n/a,n/a,n/a,n/a,n/a,n/a,n/a,n/a,
1420071,1420-07-1,DINOTERB,n/a,1.99E+04,1.43E+04,3.85E+05,6.04E+00,3.81E+03,3.81E+03,Interim,n/a,n/a,n/a,n/a,n/a,n/a,n/a,n/a,n/a,n/a,n/a,n/a,n/a,n/a,n/a,n/a,n/a,n/a,
1421143,1421-14-3,PROPANIDID,n/a,2.95E+01,1.48E+01,1.26E+03,3.86E-04,6.73E+01,6.73E+01,Interim,n/a,n/a,n/a,n/a,n/a,n/a,n/a,n/a,n/a,n/a,n/a,n/a,n/a,n/a,n/a,n/a,n/a,n/a,
1423605,1423-60-5,3-BUTYN-2-ONE,n/a,7.33E+00,7.32E+00,3.61E+02,2.18E-01,6.97E+01,6.97E+01,Interim,n/a,n/a,n/a,n/a,n/a,n/a,n/a,n/a,n/a,n/a,n/a,n/a,n/a,n/a,n/a,n/a,n/a,n/a,
1445756,1445-75-6,"PHOSPHONIC ACID, METHYL-, DIISOPROPYL ESTER",n/a,9.80E-03,9.94E-03,9.04E+00,3.67E-04,7.80E-01,7.80E-01,Interim,n/a,n/a,2.33E-08,n/a,3.29E-10,n/a,2.03E-08,n/a,2.81E-11,n/a,1.84E-09,n/a,4.20E-09,n/a,Recommended,n/a,n/a,n/a,
1453823,1453-82-3,I-NICOTINAMIDE,n/a,7.92E+00,7.86E+00,3.10E+01,3.17E-06,1.10E+01,1.10E+01,Interim,n/a,n/a,n/a,n/a,n/a,n/a,n/a,n/a,n/a,n/a,n/a,n/a,n/a,n/a,n/a,n/a,n/a,n/a,
1456286,1456-28-6,"2,6-DIMETHYL-N-NITROSOMORPHOLINE",n/a,n/a,n/a,n/a,n/a,n/a,n/a,n/a,n/a,6.87E-06,n/a,2.06E-06,n/a,2.03E-05,n/a,4.56E-09,n/a,3.79E-06,n/a,5.11E-06,n/a,Recommended,n/a,n/a,n/a,n/a,
1461229,1461-22-9,TRIBUTYLCHLOROSTANNANE,n/a,4.78E+02,6.76E+01,3.67E+06,2.85E+00,1.18E+03,1.18E+03,Interim,n/a,n/a,n/a,n/a,n/a,n/a,n/a,n/a,n/a,n/a,n/a,n/a,n/a,n/a,n/a,n/a,n/a,n/a,
1461252,1461-25-2,TETRABUTYLTIN,n/a,3.23E-02,7.29E-05,4.50E+03,8.87E-07,7.04E-02,7.04E-02,Interim,n/a,n/a,n/a,n/a,n/a,n/a,n/a,n/a,n/a,n/a,n/a,n/a,n/a,n/a,n/a,n/a,n/a,n/a,
1511622,1511-62-2,HALON 1201,n/a,n/a,n/a,n/a,n/a,n/a,n/a,n/a,4.04E+02,n/a,n/a,n/a,n/a,n/a,n/a,n/a,n/a,n/a,n/a,n/a,n/a,n/a,n/a,n/a,n/a,n/a,
1511622,1511-62-2,BROMODIFLUOROMETHANE,n/a,n/a,n/a,n/a,n/a,n/a,n/a,n/a,n/a,n/a,n/a,n/a,n/a,n/a,n/a,n/a,n/a,n/a,n/a,n/a,n/a,n/a,n/a,n/a,7.40E-01,n/a,
1520781,1520-78-1,TRIMETHYL LEAD CHLORIDE,n/a,2.59E+03,2.47E+03,1.78E+04,8.63E-04,3.89E+03,3.89E+03,Interim,n/a,n/a,n/a,n/a,n/a,n/a,n/a,n/a,n/a,n/a,n/a,n/a,n/a,n/a,n/a,n/a,n/a,n/a,
1559348,1559-34-8,"3,6,9,12-TETRAOXA-HEXADECAN-1-OL",n/a,n/a,n/a,n/a,n/a,n/a,n/a,n/a,n/a,n/a,n/a,n/a,n/a,n/a,n/a,n/a,n/a,n/a,n/a,n/a,n/a,n/a,n/a,n/a,n/a,1.72E+00,
1559359,1559-35-9,2-(2-ETHYLHEXYLOXY) ETHANOL,n/a,n/a,n/a,n/a,n/a,n/a,n/a,n/a,n/a,n/a,n/a,n/a,n/a,n/a,n/a,n/a,n/a,n/a,n/a,n/a,n/a,n/a,n/a,n/a,n/a,1.55E+00,
1559360,1559-36-0,DIETHYLENE GLYCOL MONO(2-ETHYLHEXYL) ETHER,n/a,n/a,n/a,n/a,n/a,n/a,n/a,n/a,n/a,n/a,n/a,n/a,n/a,n/a,n/a,n/a,n/a,n/a,n/a,n/a,n/a,n/a,n/a,n/a,n/a,1.56E+00,
1563388,1563-38-8,CARBOFURAN PHENOL,n/a,6.54E+01,2.12E+01,5.10E+03,3.28E-02,1.67E+02,1.67E+02,Interim,n/a,n/a,n/a,n/a,n/a,n/a,n/a,n/a,n/a,n/a,n/a,n/a,n/a,n/a,n/a,n/a,n/a,n/a,
1563662,1563-66-2,CARBOFURAN,n/a,6.78E+03,5.90E+03,1.12E+05,6.16E-02,2.16E+04,2.16E+04,Recommended,n/a,n/a,1.81E-05,n/a,9.89E-06,n/a,3.74E-05,n/a,8.73E-08,n/a,7.19E-06,n/a,1.50E-05,n/a,Recommended,n/a,n/a,n/a,
1569013,1569-01-3,1-PROPOXY-2-PROPANOL (PROPYLENE GLYCOL N-PROPYL ETHER),n/a,n/a,n/a,n/a,n/a,n/a,n/a,n/a,n/a,n/a,n/a,n/a,n/a,n/a,n/a,n/a,n/a,n/a,n/a,n/a,n/a,n/a,n/a,n/a,n/a,2.68E+00,
1569024,1569-02-4,1-ETHOXY-2-PROPANOL,n/a,n/a,n/a,n/a,n/a,n/a,n/a,n/a,n/a,n/a,n/a,n/a,n/a,n/a,n/a,n/a,n/a,n/a,n/a,n/a,n/a,n/a,n/a,n/a,n/a,3.09E+00,
1570645,1570-64-5,2-METHYL-4-CHLOROPHENOL,n/a,1.60E+02,1.14E+02,7.28E+03,4.90E-01,2.59E+02,2.59E+02,Recommended,n/a,n/a,n/a,n/a,n/a,n/a,n/a,n/a,n/a,n/a,n/a,n/a,n/a,n/a,n/a,n/a,n/a,n/a,
1570656,1570-65-6,"4,6-DICHLORO-O-CRESOL",n/a,1.11E+03,9.03E+02,2.31E+04,2.55E+00,5.59E+02,5.59E+02,Interim,n/a,n/a,n/a,n/a,n/a,n/a,n/a,n/a,n/a,n/a,n/a,n/a,n/a,n/a,n/a,n/a,n/a,n/a,
1574410,1574-41-0,"CIS-1,3-PENTADIENE",n/a,n/a,n/a,n/a,n/a,n/a,n/a,n/a,n/a,n/a,n/a,n/a,n/a,n/a,n/a,n/a,n/a,n/a,n/a,n/a,n/a,n/a,n/a,n/a,n/a,1.25E+01,
1582098,1582-09-8,TRIFLURALIN,n/a,2.46E+02,1.93E+02,1.07E+05,5.35E+01,5.93E+02,5.93E+02,Recommended,n/a,2.99E-07,2.94E-06,1.72E-07,1.70E-06,2.74E-06,2.70E-05,6.06E-07,5.96E-06,4.60E-08,4.53E-07,1.83E-07,1.80E-06,Recommended,Recommended,n/a,n/a,n/a,
1589475,1589-47-5,2-METHOXY-1-PROPANOL,n/a,n/a,n/a,n/a,n/a,n/a,n/a,n/a,n/a,n/a,n/a,n/a,n/a,n/a,n/a,n/a,n/a,n/a,n/a,n/a,n/a,n/a,n/a,n/a,n/a,3.01E+00,
1593777,1593-77-7,DODEMORPH,n/a,1.39E+02,1.87E+01,1.53E+04,3.43E-02,9.03E+01,9.03E+01,Interim,n/a,n/a,n/a,n/a,n/a,n/a,n/a,n/a,n/a,n/a,n/a,n/a,n/a,n/a,n/a,n/a,n/a,n/a,
1595046,1595-04-6,1-METHYL-3-N-BUTYL BENZENE,n/a,n/a,n/a,n/a,n/a,n/a,n/a,n/a,n/a,n/a,n/a,n/a,n/a,n/a,n/a,n/a,n/a,n/a,n/a,n/a,n/a,n/a,n/a,n/a,n/a,6.15E+00,
1596845,1596-84-5,DAMINOZIDE,n/a,1.25E+01,1.18E+01,1.13E+02,8.00E-06,2.76E+01,2.76E+01,Interim,n/a,7.85E-08,1.01E-07,3.62E-08,4.65E-08,7.91E-08,1.01E-07,4.62E-11,5.93E-11,1.94E-08,2.49E-08,2.84E-08,3.65E-08,Interim,Interim,n/a,n/a,n/a,
1599413,1599-41-3,CFC-215,n/a,n/a,n/a,n/a,n/a,n/a,n/a,n/a,n/a,n/a,n/a,n/a,n/a,n/a,n/a,n/a,n/a,n/a,n/a,n/a,n/a,n/a,n/a,n/a,1.00E+00,n/a,
1610180,1610-18-0,PROMETON,n/a,1.01E+02,7.10E+01,2.84E+03,3.26E-04,2.82E+02,2.82E+02,Recommended,n/a,n/a,7.11E-07,n/a,3.88E-07,n/a,2.37E-06,n/a,1.22E-08,n/a,2.34E-07,n/a,5.48E-07,n/a,Recommended,n/a,n/a,n/a,
1615709,1615-70-9,"2,4-PENTADIENENITRILE",n/a,5.03E-01,5.10E-01,8.94E+01,2.59E-02,8.92E+00,8.92E+00,Interim,n/a,n/a,n/a,n/a,n/a,n/a,n/a,n/a,n/a,n/a,n/a,n/a,n/a,n/a,n/a,n/a,n/a,n/a,
1632708,1632-70-8,5-METHYL UNDECANE,n/a,n/a,n/a,n/a,n/a,n/a,n/a,n/a,n/a,n/a,n/a,n/a,n/a,n/a,n/a,n/a,n/a,n/a,n/a,n/a,n/a,n/a,n/a,n/a,n/a,5.52E-01,
1634044,1634-04-4,METHYL T-BUTYL ETHER,n/a,2.73E-02,2.73E-02,6.63E+00,2.41E-03,5.52E-01,5.52E-01,Recommended,n/a,1.10E-07,1.85E-08,1.77E-08,2.99E-09,1.84E-08,7.97E-09,1.55E-09,2.68E-10,1.29E-08,2.56E-09,1.38E-08,3.71E-09,Recommended,Recommended,n/a,n/a,7.34E-01,
1634782,1634-78-2,MALAOXON,n/a,2.83E+04,2.52E+04,4.29E+05,1.74E-02,8.97E+04,8.97E+04,Interim,n/a,n/a,n/a,n/a,n/a,n/a,n/a,n/a,n/a,n/a,n/a,n/a,n/a,n/a,n/a,n/a,n/a,n/a,
1638262,1638-26-2,"1,1-DIMETHYL CYCLOPENTANE",n/a,n/a,n/a,n/a,n/a,n/a,n/a,n/a,n/a,n/a,n/a,n/a,n/a,n/a,n/a,n/a,n/a,n/a,n/a,n/a,n/a,n/a,n/a,n/a,n/a,1.08E+00,
1639663,1639-66-3,DI-N-OCTYL SODIUM SULFOSUCCINATE,n/a,1.11E+01,7.29E+00,2.68E+02,8.85E-12,1.36E+00,1.36E+00,Interim,n/a,n/a,n/a,n/a,n/a,n/a,n/a,n/a,n/a,n/a,n/a,n/a,n/a,n/a,n/a,n/a,n/a,n/a,
1640897,1640-89-7,ETHYL CYCLOPENTANE,n/a,n/a,n/a,n/a,n/a,n/a,n/a,n/a,n/a,n/a,n/a,n/a,n/a,n/a,n/a,n/a,n/a,n/a,n/a,n/a,n/a,n/a,n/a,n/a,n/a,2.01E+00,
1645836,1645-83-6,"TRANS-1,3,3,3-TETRAFLUOROPROPENE",n/a,n/a,n/a,n/a,n/a,n/a,n/a,n/a,n/a,n/a,n/a,n/a,n/a,n/a,n/a,n/a,n/a,n/a,n/a,n/a,n/a,n/a,n/a,n/a,n/a,9.78E-02,
1646873,1646-87-3,ALDICARB SULFOXIDE,n/a,1.72E+03,1.64E+03,3.08E+04,5.51E-03,1.20E+04,1.20E+04,Recommended,n/a,n/a,n/a,n/a,n/a,n/a,n/a,n/a,n/a,n/a,n/a,n/a,n/a,n/a,n/a,n/a,n/a,n/a,
1646884,1646-88-4,ALDICARB SULFONE,n/a,1.90E+03,1.89E+03,9.42E+03,2.15E-02,3.73E+03,3.73E+03,Recommended,n/a,n/a,n/a,n/a,n/a,n/a,n/a,n/a,n/a,n/a,n/a,n/a,n/a,n/a,n/a,n/a,n/a,n/a,
1647161,1647-16-1,"1,9-DECADIENE",n/a,9.43E-02,6.97E-03,1.45E+04,5.94E-04,9.35E+00,9.35E+00,Interim,n/a,n/a,n/a,n/a,n/a,n/a,n/a,n/a,n/a,n/a,n/a,n/a,n/a,n/a,n/a,n/a,n/a,n/a,
1649087,1649-08-7,HCFC-132b,n/a,n/a,n/a,n/a,n/a,n/a,n/a,n/a,n/a,n/a,n/a,n/a,n/a,n/a,n/a,n/a,n/a,n/a,n/a,n/a,n/a,n/a,n/a,n/a,2.90E-02,n/a,
1653403,1653-40-3,"1-HEPTANOL, 6-METHYL-",n/a,6.77E-01,6.84E-01,1.45E+02,3.85E-02,1.30E+01,1.30E+01,Interim,n/a,n/a,n/a,n/a,n/a,n/a,n/a,n/a,n/a,n/a,n/a,n/a,n/a,n/a,n/a,n/a,n/a,n/a,
1663394,1663-39-4,"2-PROPENOIC ACID, 1,1-DIMETHYLETHYL ESTER",n/a,2.84E-02,2.83E-02,4.73E+01,2.39E-03,2.41E+00,2.41E+00,Recommended,n/a,n/a,n/a,n/a,n/a,n/a,n/a,n/a,n/a,n/a,n/a,n/a,n/a,n/a,n/a,n/a,n/a,n/a,
1674108,1674-10-8,"1,2-DIMETHYL CYCLOHEXENE",n/a,n/a,n/a,n/a,n/a,n/a,n/a,n/a,n/a,n/a,n/a,n/a,n/a,n/a,n/a,n/a,n/a,n/a,n/a,n/a,n/a,n/a,n/a,n/a,n/a,5.63E+00,
1678917,1678-91-7,ETHYLCYCLOHEXANE,n/a,4.86E-03,1.79E-03,7.05E+02,1.61E-04,8.11E-01,8.11E-01,Interim,n/a,n/a,n/a,n/a,n/a,n/a,n/a,n/a,n/a,n/a,n/a,n/a,n/a,n/a,n/a,n/a,n/a,1.47E+00,
1678928,1678-92-8,PROPYL CYCLOHEXANE,n/a,n/a,n/a,n/a,n/a,n/a,n/a,n/a,n/a,n/a,n/a,n/a,n/a,n/a,n/a,n/a,n/a,n/a,n/a,n/a,n/a,n/a,n/a,n/a,n/a,1.29E+00,
1678939,1678-93-9,BUTYL CYCLOHEXANE,n/a,n/a,n/a,n/a,n/a,n/a,n/a,n/a,n/a,n/a,n/a,n/a,n/a,n/a,n/a,n/a,n/a,n/a,n/a,n/a,n/a,n/a,n/a,n/a,n/a,9.86E-01,
1678973,1678-97-3,"1,2,3-TRIMETHYL CYCLOHEXANE",n/a,n/a,n/a,n/a,n/a,n/a,n/a,n/a,n/a,n/a,n/a,n/a,n/a,n/a,n/a,n/a,n/a,n/a,n/a,n/a,n/a,n/a,n/a,n/a,n/a,1.22E+00,
1678984,1678-98-4,ISOBUTYL CYCLOHEXANE; (2-METHYLPROPYL) CYCLOHEXANE,n/a,n/a,n/a,n/a,n/a,n/a,n/a,n/a,n/a,n/a,n/a,n/a,n/a,n/a,n/a,n/a,n/a,n/a,n/a,n/a,n/a,n/a,n/a,n/a,n/a,9.86E-01,
1678995,1678-99-5,"1,3-DIETHYL CYCLOHEXANE",n/a,n/a,n/a,n/a,n/a,n/a,n/a,n/a,n/a,n/a,n/a,n/a,n/a,n/a,n/a,n/a,n/a,n/a,n/a,n/a,n/a,n/a,n/a,n/a,n/a,1.26E+00,
1679001,1679-00-1,"1,4-DIETHYL CYCLOHEXANE",n/a,n/a,n/a,n/a,n/a,n/a,n/a,n/a,n/a,n/a,n/a,n/a,n/a,n/a,n/a,n/a,n/a,n/a,n/a,n/a,n/a,n/a,n/a,n/a,n/a,1.23E+00,
1689641,1689-64-1,9H-FLUOREN-9-OL,n/a,1.64E+02,9.72E+01,5.05E+03,3.63E-04,5.32E+01,5.32E+01,Interim,n/a,n/a,n/a,n/a,n/a,n/a,n/a,n/a,n/a,n/a,n/a,n/a,n/a,n/a,n/a,n/a,n/a,n/a,
1689823,1689-82-3,P-PHENYLAZOPHENOL,n/a,8.52E+02,4.66E+02,2.87E+04,1.09E-03,1.20E+02,1.20E+02,Interim,n/a,n/a,n/a,n/a,n/a,n/a,n/a,n/a,n/a,n/a,n/a,n/a,n/a,n/a,n/a,n/a,n/a,n/a,
1689834,1689-83-4,IOXYNIL,n/a,1.64E+03,1.38E+03,1.97E+04,5.28E-03,1.04E+03,1.04E+03,Interim,n/a,n/a,n/a,n/a,n/a,n/a,n/a,n/a,n/a,n/a,n/a,n/a,n/a,n/a,n/a,n/a,n/a,n/a,
1689845,1689-84-5,BROMOXYNIL,n/a,1.36E+03,1.15E+03,1.64E+04,4.74E-04,8.69E+02,8.69E+02,Interim,n/a,n/a,2.14E-06,n/a,1.57E-06,n/a,3.53E-06,n/a,3.46E-08,n/a,1.87E-07,n/a,6.03E-07,n/a,Interim,n/a,n/a,n/a,
1689992,1689-99-2,BROMOXYNIL OCTANOATE,n/a,1.89E+03,1.54E+03,1.84E+05,8.20E+01,4.63E+02,4.63E+02,Recommended,n/a,n/a,1.48E-06,n/a,1.10E-06,n/a,2.16E-06,n/a,1.28E-07,n/a,8.08E-08,n/a,2.26E-07,n/a,Recommended,n/a,n/a,n/a,
1691174,1691-17-4,HFE-134,n/a,n/a,n/a,n/a,n/a,n/a,n/a,n/a,6.32E+03,n/a,n/a,n/a,n/a,n/a,n/a,n/a,n/a,n/a,n/a,n/a,n/a,n/a,n/a,n/a,n/a,n/a,
1694093,1694-09-3,"C,I, ACID VIOLET 49, SODIUM SALT",n/a,1.39E-04,8.60E-05,3.63E-03,2.47E-43,1.55E-06,1.55E-06,Interim,n/a,2.91E-07,n/a,2.60E-07,n/a,1.48E-11,n/a,3.01E-13,n/a,6.31E-15,n/a,3.31E-12,n/a,Interim,n/a,n/a,n/a,n/a,
1695778,1695-77-8,SPECTINOMYCIN,n/a,9.33E+00,9.25E+00,3.34E+01,4.16E-14,1.16E+01,1.16E+01,Interim,n/a,n/a,n/a,n/a,n/a,n/a,n/a,n/a,n/a,n/a,n/a,n/a,n/a,n/a,n/a,n/a,n/a,n/a,
1698539,1698-53-9,"3(2H)-PYRIDAZINONE, 4,5-DICHLORO-2-PHENYL-",n/a,1.05E+03,6.26E+02,3.92E+04,5.84E-01,1.14E+03,1.14E+03,Recommended,n/a,n/a,n/a,n/a,n/a,n/a,n/a,n/a,n/a,n/a,n/a,n/a,n/a,n/a,n/a,n/a,n/a,n/a,
1698608,1698-60-8,CHLORIDAZON,n/a,3.46E+02,2.54E+02,9.32E+03,2.86E-04,1.11E+03,1.11E+03,Recommended,n/a,n/a,n/a,n/a,n/a,n/a,n/a,n/a,n/a,n/a,n/a,n/a,n/a,n/a,n/a,n/a,n/a,n/a,
1702176,1702-17-6,"3,6-DICHLOROPICOLINIC ACID",n/a,2.29E+02,2.25E+02,9.12E+02,3.63E-03,2.70E+02,2.70E+02,Interim,n/a,n/a,n/a,n/a,n/a,n/a,n/a,n/a,n/a,n/a,n/a,n/a,n/a,n/a,n/a,n/a,n/a,n/a,
1717006,1717-00-6,HCFC-141b,n/a,n/a,n/a,n/a,n/a,n/a,n/a,n/a,7.25E+02,4.82E-08,n/a,4.29E-08,n/a,4.06E-08,n/a,8.38E-09,n/a,3.97E-08,n/a,4.00E-08,n/a,Recommended,n/a,n/a,1.20E-01,n/a,
1724396,1724-39-6,CYCLODODECANOL,n/a,3.09E+01,1.99E+01,3.39E+03,8.49E-02,5.96E+01,5.96E+01,Recommended,n/a,n/a,n/a,n/a,n/a,n/a,n/a,n/a,n/a,n/a,n/a,n/a,n/a,n/a,n/a,n/a,n/a,n/a,
1731846,1731-84-6,METHYL NONANOATE,n/a,n/a,n/a,n/a,n/a,n/a,n/a,n/a,n/a,n/a,n/a,n/a,n/a,n/a,n/a,n/a,n/a,n/a,n/a,n/a,n/a,n/a,n/a,n/a,n/a,5.93E-01,
1731868,1731-86-8,METHYL UNDECANOATE,n/a,n/a,n/a,n/a,n/a,n/a,n/a,n/a,n/a,n/a,n/a,n/a,n/a,n/a,n/a,n/a,n/a,n/a,n/a,n/a,n/a,n/a,n/a,n/a,n/a,5.01E-01,
1731880,1731-88-0,METHYL TRIDECANOATE,n/a,n/a,n/a,n/a,n/a,n/a,n/a,n/a,n/a,n/a,n/a,n/a,n/a,n/a,n/a,n/a,n/a,n/a,n/a,n/a,n/a,n/a,n/a,n/a,n/a,4.46E-01,
1731926,1731-92-6,METHYL HEPTADECANOATE (METHYL MARGARATE),n/a,n/a,n/a,n/a,n/a,n/a,n/a,n/a,n/a,n/a,n/a,n/a,n/a,n/a,n/a,n/a,n/a,n/a,n/a,n/a,n/a,n/a,n/a,n/a,n/a,4.21E-01,
1738256,1738-25-6,"PROPANENITRILE, 3-(DIMETHYLAMINO)-",n/a,1.97E+01,1.92E+01,1.06E+02,1.48E-02,3.45E+01,3.45E+01,Interim,n/a,n/a,n/a,n/a,n/a,n/a,n/a,n/a,n/a,n/a,n/a,n/a,n/a,n/a,n/a,n/a,n/a,n/a,
1745819,1745-81-9,"PHENOL, 2-(2-PROPENYL)-",n/a,3.02E+00,1.81E+00,8.64E+02,2.58E-02,6.07E+00,6.07E+00,Recommended,n/a,n/a,n/a,n/a,n/a,n/a,n/a,n/a,n/a,n/a,n/a,n/a,n/a,n/a,n/a,n/a,n/a,n/a,
1746016,1746-01-6,"2,3,7,8-TETRACDD",n/a,1.43E+05,1.06E+05,5.92E+06,6.48E+03,3.31E+03,3.31E+03,Interim,n/a,2.96E+01,n/a,2.85E+01,n/a,1.00E+02,n/a,5.90E+01,n/a,2.10E-01,n/a,3.85E-01,n/a,Recommended,n/a,n/a,n/a,n/a,
1746812,1746-81-2,MONOLINURON,n/a,1.15E+03,9.64E+02,1.93E+04,1.51E-01,2.20E+03,2.20E+03,Recommended,n/a,n/a,n/a,n/a,n/a,n/a,n/a,n/a,n/a,n/a,n/a,n/a,n/a,n/a,n/a,n/a,n/a,n/a,
1758732,1758-73-2,"METHANESULFINIC ACID, AMINOIMINO-",n/a,1.02E+01,9.78E+00,1.03E+02,3.33E-08,3.34E+01,3.34E+01,Interim,n/a,n/a,n/a,n/a,n/a,n/a,n/a,n/a,n/a,n/a,n/a,n/a,n/a,n/a,n/a,n/a,n/a,n/a,
1758889,1758-88-9,"1,4-DIMETHYL-2-ETHYL BENZENE",n/a,n/a,n/a,n/a,n/a,n/a,n/a,n/a,n/a,n/a,n/a,n/a,n/a,n/a,n/a,n/a,n/a,n/a,n/a,n/a,n/a,n/a,n/a,n/a,n/a,7.55E+00,
1761611,1761-61-1,"BENZALDEHYDE, 5-BROMO-2-HYDROXY-",n/a,4.26E+02,3.58E+02,2.08E+04,1.73E+00,4.63E+03,4.63E+03,Interim,n/a,n/a,n/a,n/a,n/a,n/a,n/a,n/a,n/a,n/a,n/a,n/a,n/a,n/a,n/a,n/a,n/a,n/a,
1777840,1777-84-0,"ACETAMIDE, N-(4-ETHOXY-3-NITROPHENYL)-",n/a,n/a,n/a,n/a,n/a,n/a,n/a,n/a,n/a,5.92E-08,n/a,4.06E-08,n/a,7.88E-08,n/a,1.38E-10,n/a,1.40E-08,n/a,2.88E-08,n/a,Recommended,n/a,n/a,n/a,n/a,
1787617,1787-61-7,ERIOCHROME BLACK T,n/a,1.51E+02,9.36E+01,3.94E+03,4.63E-21,2.09E+00,2.09E+00,Interim,n/a,n/a,n/a,n/a,n/a,n/a,n/a,n/a,n/a,n/a,n/a,n/a,n/a,n/a,n/a,n/a,n/a,n/a,
1795159,1795-15-9,OCTYL CYCLOHEXANE,n/a,n/a,n/a,n/a,n/a,n/a,n/a,n/a,n/a,n/a,n/a,n/a,n/a,n/a,n/a,n/a,n/a,n/a,n/a,n/a,n/a,n/a,n/a,n/a,n/a,5.15E-01,
1795160,1795-16-0,DECYL CYCLOHEXANE,n/a,n/a,n/a,n/a,n/a,n/a,n/a,n/a,n/a,n/a,n/a,n/a,n/a,n/a,n/a,n/a,n/a,n/a,n/a,n/a,n/a,n/a,n/a,n/a,n/a,4.34E-01,
1820811,1820-81-1,5-CHLOROURACIL,n/a,3.08E+02,3.05E+02,1.48E+03,2.67E-05,5.39E+02,5.39E+02,Interim,n/a,n/a,n/a,n/a,n/a,n/a,n/a,n/a,n/a,n/a,n/a,n/a,n/a,n/a,n/a,n/a,n/a,n/a,
1821121,1821-12-1,4-PHENYLBUTYRIC ACID,n/a,5.27E+00,4.08E+00,1.18E+02,1.88E-03,7.58E+00,7.58E+00,Interim,n/a,n/a,n/a,n/a,n/a,n/a,n/a,n/a,n/a,n/a,n/a,n/a,n/a,n/a,n/a,n/a,n/a,n/a,
1825214,1825-21-4,PENTACHLOROANISOLE,n/a,4.90E+02,4.87E+02,5.27E+04,1.79E+02,1.39E+03,1.39E+03,Interim,n/a,9.29E-06,n/a,8.19E-06,n/a,9.72E-05,n/a,2.72E-05,n/a,5.21E-06,n/a,9.94E-06,n/a,Recommended,n/a,n/a,n/a,n/a,
1835490,1835-49-0,TETRAFLUOROTEREPHTHALONITRILE,n/a,1.27E+04,1.19E+04,8.80E+04,2.58E+01,1.25E+04,1.25E+04,Interim,n/a,n/a,n/a,n/a,n/a,n/a,n/a,n/a,n/a,n/a,n/a,n/a,n/a,n/a,n/a,n/a,n/a,n/a,
1836755,1836-75-5,NITROFEN,n/a,8.23E+02,6.89E+02,2.09E+04,8.93E+00,8.68E+01,8.68E+01,Recommended,n/a,4.42E-06,n/a,3.94E-06,n/a,2.25E-05,n/a,8.53E-07,n/a,1.84E-07,n/a,3.24E-07,n/a,Recommended,n/a,n/a,n/a,n/a,
1836777,1836-77-7,CHLORNITROFEN,n/a,1.51E+03,1.21E+03,3.17E+04,1.23E+01,4.17E+02,4.17E+02,Recommended,n/a,n/a,n/a,n/a,n/a,n/a,n/a,n/a,n/a,n/a,n/a,n/a,n/a,n/a,n/a,n/a,n/a,n/a,
1839630,1839-63-0,"1,3,5-TRIMETHYL CYCLOHEXANE",n/a,n/a,n/a,n/a,n/a,n/a,n/a,n/a,n/a,n/a,n/a,n/a,n/a,n/a,n/a,n/a,n/a,n/a,n/a,n/a,n/a,n/a,n/a,n/a,n/a,1.15E+00,
1843056,1843-05-6,"METHANONE,  2-HYDROXY-4-(OCTYLOXY)PHENYL PHENYL-",n/a,3.61E-01,3.50E-02,4.16E+01,2.00E-05,6.69E-03,6.69E-03,Recommended,n/a,n/a,n/a,n/a,n/a,n/a,n/a,n/a,n/a,n/a,n/a,n/a,n/a,n/a,n/a,n/a,n/a,n/a,
1846704,1846-70-4,2-NONYNOIC ACID,n/a,4.04E+00,3.13E+00,2.75E+02,5.96E-03,1.66E+01,1.66E+01,Interim,n/a,n/a,n/a,n/a,n/a,n/a,n/a,n/a,n/a,n/a,n/a,n/a,n/a,n/a,n/a,n/a,n/a,n/a,
1854268,1854-26-8,"2-IMIDAZOLIDINONE, 4,5-DIHYDROXY-1,3-BIS(HYDROXYMETHYL)-",n/a,1.12E+00,8.42E-01,3.32E+01,4.19E-13,5.69E+00,5.69E+00,Interim,n/a,n/a,n/a,n/a,n/a,n/a,n/a,n/a,n/a,n/a,n/a,n/a,n/a,n/a,n/a,n/a,n/a,n/a,
1861321,1861-32-1,DIMETHYL TETRACHLOROTEREPHTHALATE,n/a,1.65E+02,1.41E+02,3.57E+03,1.29E+00,2.73E+01,2.73E+01,Recommended,n/a,n/a,2.77E-05,n/a,2.51E-05,n/a,1.91E-05,n/a,3.54E-07,n/a,1.04E-06,n/a,2.09E-06,n/a,Recommended,n/a,n/a,n/a,
1861401,1861-40-1,BENEFIN,n/a,1.89E+01,1.62E+01,1.79E+04,5.47E+00,1.30E+02,1.30E+02,Recommended,n/a,n/a,6.37E-08,n/a,2.43E-08,n/a,1.11E-07,n/a,2.38E-08,n/a,6.50E-09,n/a,6.17E-08,n/a,Recommended,n/a,n/a,n/a,
1868537,1868-53-7,DIBROMOFLUOROMETHANE,n/a,n/a,n/a,n/a,n/a,n/a,n/a,n/a,n/a,n/a,n/a,n/a,n/a,n/a,n/a,n/a,n/a,n/a,n/a,n/a,n/a,n/a,n/a,n/a,1.00E+00,n/a,
1871574,1871-57-4,2-(CHLOROMETHYL)-3-CHLORO-1-PROPENE,n/a,2.82E+00,2.69E+00,2.54E+04,4.87E-01,8.05E+02,8.05E+02,Interim,n/a,n/a,n/a,n/a,n/a,n/a,n/a,n/a,n/a,n/a,n/a,n/a,n/a,n/a,n/a,n/a,n/a,7.00E+00,
1885489,1885-48-9,HFE-245fa1,n/a,n/a,n/a,n/a,n/a,n/a,n/a,n/a,2.86E+02,n/a,n/a,n/a,n/a,n/a,n/a,n/a,n/a,n/a,n/a,n/a,n/a,n/a,n/a,n/a,n/a,n/a,
1886813,1886-81-3,DODECYL BENZENESULFONATE,n/a,1.33E+01,6.11E+00,8.06E+02,1.04E-02,1.21E-01,1.21E-01,Interim,n/a,n/a,n/a,n/a,n/a,n/a,n/a,n/a,n/a,n/a,n/a,n/a,n/a,n/a,n/a,n/a,n/a,n/a,
1897456,1897-45-6,CHLOROTHALONIL,n/a,8.17E+04,7.63E+04,1.15E+06,1.56E+03,5.78E+04,5.78E+04,Recommended,n/a,6.38E-08,1.92E-06,5.20E-08,1.57E-06,1.18E-07,3.56E-06,2.75E-09,8.28E-08,1.16E-08,3.49E-07,1.53E-08,4.61E-07,Recommended,Recommended,n/a,n/a,n/a,
1910425,1910-42-5,PARAQUAT DICHLORIDE,n/a,1.29E+02,5.92E+01,5.27E+03,9.21E-09,6.93E+00,6.93E+00,Recommended,n/a,n/a,4.15E-06,n/a,2.09E-06,n/a,6.52E-06,n/a,3.25E-09,n/a,8.58E-09,n/a,1.09E-08,n/a,Interim,n/a,n/a,n/a,
1912249,1912-24-9,ATRAZINE,n/a,4.12E+03,3.29E+03,8.77E+04,3.98E-02,1.14E+04,1.14E+04,Recommended,n/a,1.51E-06,1.75E-06,9.03E-07,1.05E-06,3.73E-06,4.32E-06,6.30E-09,7.30E-09,4.86E-07,5.64E-07,1.03E-06,1.19E-06,Recommended,Recommended,n/a,n/a,n/a,
1912261,1912-26-1,TRIETAZINE,n/a,1.73E+02,1.06E+02,1.50E+04,8.24E-01,6.80E+02,6.80E+02,Recommended,n/a,n/a,n/a,n/a,n/a,n/a,n/a,n/a,n/a,n/a,n/a,n/a,n/a,n/a,n/a,n/a,n/a,n/a,
1918009,1918-00-9,DICAMBA,n/a,3.50E+02,3.39E+02,1.89E+03,2.50E-03,4.76E+02,4.76E+02,Interim,n/a,n/a,2.09E-06,n/a,1.58E-06,n/a,2.10E-06,n/a,1.37E-09,n/a,5.31E-07,n/a,1.12E-06,n/a,Interim,n/a,n/a,n/a,
1918021,1918-02-1,PICLORAM,n/a,9.71E+02,9.66E+02,3.20E+03,2.55E-07,1.12E+03,1.12E+03,Interim,n/a,n/a,7.78E-07,n/a,6.47E-07,n/a,7.48E-07,n/a,5.21E-10,n/a,2.61E-07,n/a,4.85E-07,n/a,Interim,n/a,n/a,n/a,
1918134,1918-13-4,CHLORTHIAMID,n/a,5.11E+01,3.99E+01,1.02E+03,3.95E-06,8.91E+01,8.91E+01,Interim,n/a,n/a,n/a,n/a,n/a,n/a,n/a,n/a,n/a,n/a,n/a,n/a,n/a,n/a,n/a,n/a,n/a,n/a,
1918167,1918-16-7,PROPACHLOR,n/a,1.91E+03,1.23E+03,7.45E+04,1.51E+00,4.60E+03,4.60E+03,Recommended,n/a,n/a,6.03E-07,n/a,1.85E-07,n/a,1.63E-06,n/a,3.68E-09,n/a,1.09E-07,n/a,1.83E-07,n/a,Recommended,n/a,n/a,n/a,
1918189,1918-18-9,"METHYL (3,4-DICHLOROPHENYL)CARBAMATE",n/a,5.21E+01,4.74E+01,3.95E+03,1.10E+00,1.22E+02,1.22E+02,Interim,n/a,n/a,n/a,n/a,n/a,n/a,n/a,n/a,n/a,n/a,n/a,n/a,n/a,n/a,n/a,n/a,n/a,n/a,
1928434,1928-43-4,"2,4-D, 2-ETHYLHEXYL ESTER",n/a,4.58E+01,3.69E+01,9.39E+03,2.58E+00,2.70E+01,2.70E+01,Recommended,n/a,n/a,n/a,n/a,n/a,n/a,n/a,n/a,n/a,n/a,n/a,n/a,n/a,n/a,n/a,n/a,n/a,n/a,
1928456,1928-45-6,"2,4-D, BUTOXYPROPYL ESTER",n/a,9.07E+01,4.07E+01,7.24E+03,1.29E-01,1.25E+02,1.25E+02,Interim,n/a,n/a,n/a,n/a,n/a,n/a,n/a,n/a,n/a,n/a,n/a,n/a,n/a,n/a,n/a,n/a,n/a,n/a,
1929733,1929-73-3,"2,4-D, BUTOXYETHYL ESTER",n/a,3.87E+02,2.09E+02,1.58E+04,9.88E-02,4.88E+02,4.88E+02,Recommended,n/a,n/a,n/a,n/a,n/a,n/a,n/a,n/a,n/a,n/a,n/a,n/a,n/a,n/a,n/a,n/a,n/a,n/a,
1929777,1929-77-7,VERNOLATE,n/a,1.41E+01,1.37E+01,4.36E+03,8.96E-01,2.61E+02,2.61E+02,Recommended,n/a,n/a,3.24E-06,n/a,4.98E-07,n/a,5.36E-06,n/a,1.64E-07,n/a,4.29E-07,n/a,5.19E-06,n/a,Recommended,n/a,n/a,n/a,
1929824,1929-82-4,NITRAPYRIN,n/a,5.43E+02,5.39E+02,8.41E+03,7.90E+01,1.10E+03,1.10E+03,Recommended,n/a,n/a,n/a,n/a,n/a,n/a,n/a,n/a,n/a,n/a,n/a,n/a,n/a,n/a,n/a,n/a,n/a,n/a,
1929868,1929-86-8,"MECOPROP, POTASSIUM SALT",n/a,7.54E+01,7.26E+01,3.92E+02,5.15E-12,8.14E+01,8.14E+01,Interim,n/a,n/a,n/a,n/a,n/a,n/a,n/a,n/a,n/a,n/a,n/a,n/a,n/a,n/a,n/a,n/a,n/a,n/a,
1929880,1929-88-0,BENZTHIAZURON,n/a,8.84E-01,2.28E-01,4.92E+01,1.20E-05,1.11E+00,1.11E+00,Interim,n/a,n/a,n/a,n/a,n/a,n/a,n/a,n/a,n/a,n/a,n/a,n/a,n/a,n/a,n/a,n/a,n/a,n/a,
1934210,1934-21-0,TARTRAZINE,n/a,2.55E-01,1.65E-01,6.27E+00,2.23E-25,2.39E-02,2.39E-02,Interim,n/a,n/a,n/a,n/a,n/a,n/a,n/a,n/a,n/a,n/a,n/a,n/a,n/a,n/a,n/a,n/a,n/a,n/a,
1937377,1937-37-7,"C,I, DIRECT BLACK 38",n/a,n/a,n/a,n/a,n/a,n/a,n/a,n/a,n/a,1.30E-04,n/a,1.16E-04,n/a,1.17E-07,n/a,2.66E-09,n/a,4.98E-11,n/a,1.17E-07,n/a,Recommended,n/a,n/a,n/a,n/a,
1945535,1945-53-5,PALUSTRIC ACID,n/a,2.67E+01,3.04E+00,7.51E+03,2.53E-02,7.44E+00,7.44E+00,Interim,n/a,n/a,n/a,n/a,n/a,n/a,n/a,n/a,n/a,n/a,n/a,n/a,n/a,n/a,n/a,n/a,n/a,n/a,
1948330,1948-33-0,"1,4-BENZENEDIOL, 2-(1,1-DIMETHYLETHYL)-",n/a,1.10E+03,4.09E+02,5.50E+04,5.51E-02,6.38E+02,6.38E+02,Interim,n/a,n/a,n/a,n/a,n/a,n/a,n/a,n/a,n/a,n/a,n/a,n/a,n/a,n/a,n/a,n/a,n/a,n/a,
1955459,1955-45-9,"2-OXETANONE, 3,3-DIMETHYL-",n/a,n/a,n/a,n/a,n/a,n/a,n/a,n/a,n/a,1.99E-07,n/a,6.99E-08,n/a,2.01E-07,n/a,2.06E-10,n/a,5.40E-08,n/a,7.46E-08,n/a,Interim,n/a,n/a,n/a,n/a,
1962750,1962-75-0,P-DIBUTYLTEREPHTHALATE,n/a,4.30E+01,4.00E+01,8.68E+03,1.10E+00,3.54E+01,3.54E+01,Interim,n/a,n/a,n/a,n/a,n/a,n/a,n/a,n/a,n/a,n/a,n/a,n/a,n/a,n/a,n/a,n/a,n/a,n/a,
1966581,1966-58-1,"3,4-DICHLOROBENZYL METHYLCARBAMATE",n/a,1.80E+02,1.28E+02,6.82E+03,5.69E-01,2.52E+02,2.52E+02,Interim,n/a,n/a,n/a,n/a,n/a,n/a,n/a,n/a,n/a,n/a,n/a,n/a,n/a,n/a,n/a,n/a,n/a,n/a,
1967164,1967-16-4,CHLORBUFAM,n/a,7.23E+01,4.80E+01,2.32E+03,1.39E-03,2.20E+02,2.20E+02,Interim,n/a,n/a,n/a,n/a,n/a,n/a,n/a,n/a,n/a,n/a,n/a,n/a,n/a,n/a,n/a,n/a,n/a,n/a,
1982474,1982-47-4,CHLOROXURON,n/a,1.07E+03,4.76E+02,4.64E+04,5.90E-04,5.72E+02,5.72E+02,Recommended,n/a,n/a,n/a,n/a,n/a,n/a,n/a,n/a,n/a,n/a,n/a,n/a,n/a,n/a,n/a,n/a,n/a,n/a,
1982496,1982-49-6,SIDURON,n/a,2.85E+02,1.93E+02,8.32E+03,4.36E-05,6.60E+02,6.60E+02,Recommended,n/a,n/a,n/a,n/a,n/a,n/a,n/a,n/a,n/a,n/a,n/a,n/a,n/a,n/a,n/a,n/a,n/a,n/a,
1982690,1982-69-0,DICAMBA SODIUM SALT,n/a,2.43E+02,2.38E+02,1.08E+03,7.20E-11,2.72E+02,2.72E+02,Interim,n/a,n/a,n/a,n/a,n/a,n/a,n/a,n/a,n/a,n/a,n/a,n/a,n/a,n/a,n/a,n/a,n/a,n/a,
1983104,1983-10-4,TRI-N-BUTYLTIN FLUORIDE,n/a,2.75E+05,9.34E+04,1.39E+07,5.85E-01,5.58E+03,5.58E+03,Interim,n/a,n/a,n/a,n/a,n/a,n/a,n/a,n/a,n/a,n/a,n/a,n/a,n/a,n/a,n/a,n/a,n/a,n/a,
1984061,1984-06-1,"OCTANOIC ACID, SODIUM SALT",n/a,1.10E+00,9.59E-01,1.28E+01,9.95E-13,1.28E+00,1.28E+00,Interim,n/a,n/a,n/a,n/a,n/a,n/a,n/a,n/a,n/a,n/a,n/a,n/a,n/a,n/a,n/a,n/a,n/a,n/a,
1984594,1984-59-4,"BENZENE, 1,2-DICHLORO-3-METHOXY-",n/a,1.35E+01,1.35E+01,3.99E+03,2.04E+00,1.55E+02,1.55E+02,Interim,n/a,n/a,n/a,n/a,n/a,n/a,n/a,n/a,n/a,n/a,n/a,n/a,n/a,n/a,n/a,n/a,n/a,n/a,
1984652,1984-65-2,"BENZENE, 1,3-DICHLORO-2-METHOXY-",n/a,2.00E+01,2.00E+01,2.84E+03,2.93E+00,1.20E+02,1.20E+02,Interim,n/a,n/a,n/a,n/a,n/a,n/a,n/a,n/a,n/a,n/a,n/a,n/a,n/a,n/a,n/a,n/a,n/a,n/a,
2004708,2004-70-8,"TRANS-1,3-PENTADIENE",n/a,n/a,n/a,n/a,n/a,n/a,n/a,n/a,n/a,n/a,n/a,n/a,n/a,n/a,n/a,n/a,n/a,n/a,n/a,n/a,n/a,n/a,n/a,n/a,n/a,1.25E+01,
2008391,2008-39-1,"2,4-D, DIMETHYLAMINE SALT",n/a,2.77E+02,2.70E+02,1.28E+03,6.05E-10,3.07E+02,3.07E+02,Interim,n/a,n/a,n/a,n/a,n/a,n/a,n/a,n/a,n/a,n/a,n/a,n/a,n/a,n/a,n/a,n/a,n/a,n/a,
2008415,2008-41-5,BUTYLATE,n/a,2.95E+00,2.94E+00,1.59E+03,3.07E-01,7.45E+01,7.45E+01,Recommended,n/a,n/a,2.26E-07,n/a,2.82E-08,n/a,2.95E-07,n/a,1.46E-08,n/a,2.15E-08,n/a,4.78E-07,n/a,Recommended,n/a,n/a,n/a,
2008584,2008-58-4,"2,6-DICHLOROBENZAMIDE",n/a,2.30E+01,2.20E+01,1.41E+02,3.41E-05,2.99E+01,2.99E+01,Recommended,n/a,n/a,n/a,n/a,n/a,n/a,n/a,n/a,n/a,n/a,n/a,n/a,n/a,n/a,n/a,n/a,n/a,n/a,
2016424,2016-42-4,1-TETRADECANAMINE,n/a,1.12E+03,4.38E+02,3.10E+05,1.69E+01,1.61E+02,1.61E+02,Interim,n/a,n/a,n/a,n/a,n/a,n/a,n/a,n/a,n/a,n/a,n/a,n/a,n/a,n/a,n/a,n/a,n/a,n/a,
2016571,2016-57-1,N-DECYLAMINE,n/a,2.63E+01,2.06E+01,9.58E+03,7.23E-01,4.47E+01,4.47E+01,Interim,n/a,n/a,n/a,n/a,n/a,n/a,n/a,n/a,n/a,n/a,n/a,n/a,n/a,n/a,n/a,n/a,n/a,n/a,
2028639,2028-63-9,3-BUTYN-2-OL,n/a,2.78E+01,2.57E+01,1.32E+03,1.54E-01,2.98E+02,2.98E+02,Interim,n/a,n/a,n/a,n/a,n/a,n/a,n/a,n/a,n/a,n/a,n/a,n/a,n/a,n/a,n/a,n/a,n/a,n/a,
2032599,2032-59-9,AMINOCARB,n/a,5.01E+02,1.88E+02,3.47E+04,9.34E-02,4.45E+03,4.45E+03,Recommended,n/a,n/a,n/a,n/a,n/a,n/a,n/a,n/a,n/a,n/a,n/a,n/a,n/a,n/a,n/a,n/a,n/a,n/a,
2032657,2032-65-7,METHIOCARB,n/a,9.50E+03,7.47E+03,1.81E+05,2.96E-02,1.41E+04,1.41E+04,Recommended,n/a,n/a,1.60E-06,n/a,9.72E-07,n/a,2.89E-06,n/a,9.98E-09,n/a,2.25E-07,n/a,6.14E-07,n/a,Recommended,n/a,n/a,n/a,
2034222,2034-22-2,"2,4,5-TRIBROMOIMIDAZOLE",n/a,4.57E+02,3.90E+02,8.80E+03,2.59E-03,1.79E+03,1.79E+03,Interim,n/a,n/a,n/a,n/a,n/a,n/a,n/a,n/a,n/a,n/a,n/a,n/a,n/a,n/a,n/a,n/a,n/a,n/a,
2039465,2039-46-5,(4-CHLORO-2-METHYLPHENOXY)ACETIC ACID COMPD. WITH N-METHYLMETHANAMINE (1:1),n/a,5.37E+01,4.47E+01,8.57E+02,8.86E-05,8.84E+01,8.84E+01,Interim,n/a,n/a,n/a,n/a,n/a,n/a,n/a,n/a,n/a,n/a,n/a,n/a,n/a,n/a,n/a,n/a,n/a,n/a,
2040962,2040-96-2,PROPYLCYCLOPENTANE,n/a,5.16E-03,1.49E-03,1.31E+03,1.34E-04,8.19E-01,8.19E-01,Interim,n/a,n/a,n/a,n/a,n/a,n/a,n/a,n/a,n/a,n/a,n/a,n/a,n/a,n/a,n/a,n/a,n/a,1.69E+00,
2050013,2050-01-3,ISOAMYL ISOBUTYRATE,n/a,n/a,n/a,n/a,n/a,n/a,n/a,n/a,n/a,n/a,n/a,n/a,n/a,n/a,n/a,n/a,n/a,n/a,n/a,n/a,n/a,n/a,n/a,n/a,n/a,8.19E-01,
2050240,2050-24-0,"1-METHYL-3,5-DIETHYL BENZENE",n/a,n/a,n/a,n/a,n/a,n/a,n/a,n/a,n/a,n/a,n/a,n/a,n/a,n/a,n/a,n/a,n/a,n/a,n/a,n/a,n/a,n/a,n/a,n/a,n/a,8.90E+00,
2050682,2050-68-2,PCB-15,n/a,5.83E+02,5.48E+02,5.59E+04,7.09E+01,1.38E+02,1.38E+02,Interim,n/a,n/a,n/a,n/a,n/a,n/a,n/a,n/a,n/a,n/a,n/a,n/a,n/a,n/a,n/a,n/a,n/a,n/a,
2051301,2051-30-1,"2,6-DIMETHYL OCTANE",n/a,n/a,n/a,n/a,n/a,n/a,n/a,n/a,n/a,n/a,n/a,n/a,n/a,n/a,n/a,n/a,n/a,n/a,n/a,n/a,n/a,n/a,n/a,n/a,n/a,1.08E+00,
2051607,2051-60-7,PCB-1,n/a,1.20E+01,1.15E+01,4.10E+03,1.83E+00,2.33E+01,2.33E+01,Interim,n/a,n/a,n/a,n/a,n/a,n/a,n/a,n/a,n/a,n/a,n/a,n/a,n/a,n/a,n/a,n/a,n/a,n/a,
2051618,2051-61-8,PCB-2,n/a,6.84E+00,6.16E+00,3.09E+03,9.64E-01,7.45E+00,7.45E+00,Interim,n/a,n/a,n/a,n/a,n/a,n/a,n/a,n/a,n/a,n/a,n/a,n/a,n/a,n/a,n/a,n/a,n/a,n/a,
2051629,2051-62-9,PCB-3,n/a,2.01E+01,1.86E+01,6.80E+03,2.89E+00,1.73E+01,1.73E+01,Interim,n/a,n/a,n/a,n/a,n/a,n/a,n/a,n/a,n/a,n/a,n/a,n/a,n/a,n/a,n/a,n/a,n/a,n/a,
2074502,2074-50-2,"1,1'-DIMETHYL-4,4'-BIPYRIDINIUM BIS(METHYL SUL*)",n/a,1.89E+01,8.96E+00,7.57E+02,5.56E-06,1.90E+00,1.90E+00,Interim,n/a,n/a,n/a,n/a,n/a,n/a,n/a,n/a,n/a,n/a,n/a,n/a,n/a,n/a,n/a,n/a,n/a,n/a,
2079007,2079-00-7,BLASTICIDIN-S,n/a,7.78E+02,6.50E+02,1.02E+04,1.73E-16,5.60E+02,5.60E+02,Interim,n/a,n/a,n/a,n/a,n/a,n/a,n/a,n/a,n/a,n/a,n/a,n/a,n/a,n/a,n/a,n/a,n/a,n/a,
2082793,2082-79-3,"OCTADECYL 3,5-BIS(TERT-BUTYL)-4-HYDROXYBENZENEP*",n/a,1.99E-03,1.23E-03,5.23E-02,3.96E-07,7.46E-06,7.46E-06,Recommended,n/a,n/a,n/a,n/a,n/a,n/a,n/a,n/a,n/a,n/a,n/a,n/a,n/a,n/a,n/a,n/a,n/a,n/a,
2104645,2104-64-5,EPN,n/a,1.97E+04,3.96E+03,1.55E+06,5.13E+00,5.12E+03,5.12E+03,Recommended,n/a,n/a,5.34E-04,n/a,1.61E-04,n/a,1.05E-02,n/a,2.53E-04,n/a,3.53E-05,n/a,2.02E-04,n/a,Recommended,n/a,n/a,n/a,
2104963,2104-96-3,BROMOPHOS,n/a,2.53E+02,2.17E+02,4.74E+05,3.59E+01,5.77E+03,5.77E+03,Interim,n/a,n/a,1.93E-06,n/a,4.29E-07,n/a,4.54E-05,n/a,6.46E-06,n/a,6.42E-07,n/a,4.80E-06,n/a,Recommended,n/a,n/a,n/a,
2116656,2116-65-6,4-BENZYLPYRIDINE,n/a,3.59E+01,2.23E+01,1.00E+03,9.40E-03,4.51E+00,4.51E+00,Interim,n/a,n/a,n/a,n/a,n/a,n/a,n/a,n/a,n/a,n/a,n/a,n/a,n/a,n/a,n/a,n/a,n/a,n/a,
2122863,2122-86-3,"5-(5-NITRO-2-FURYL)-1,3,4-OXADIAZOLE-2-OL",n/a,n/a,n/a,n/a,n/a,n/a,n/a,n/a,n/a,6.57E-06,n/a,3.78E-06,n/a,1.07E-05,n/a,2.08E-09,n/a,2.59E-07,n/a,3.69E-07,n/a,Recommended,n/a,n/a,n/a,n/a,
2138229,2138-22-9,4-CHLORCATECHOL,n/a,3.78E+02,2.28E+02,1.18E+04,4.69E-03,2.26E+02,2.26E+02,Interim,n/a,n/a,n/a,n/a,n/a,n/a,n/a,n/a,n/a,n/a,n/a,n/a,n/a,n/a,n/a,n/a,n/a,n/a,
2150472,2150-47-2,"METHYL 2,4-DIHYDROXYBENZOATE",n/a,9.30E+00,3.49E+00,4.63E+02,9.76E-06,2.70E+01,2.70E+01,Interim,n/a,n/a,n/a,n/a,n/a,n/a,n/a,n/a,n/a,n/a,n/a,n/a,n/a,n/a,n/a,n/a,n/a,n/a,
2155706,2155-70-6,TRIBUTYL[(2-METHYL-1-OXO-2-PROPENYL)OXY]STANNANE,n/a,2.45E+02,1.03E+02,8.14E+04,1.47E+00,7.87E+01,7.87E+01,Interim,n/a,n/a,n/a,n/a,n/a,n/a,n/a,n/a,n/a,n/a,n/a,n/a,n/a,n/a,n/a,n/a,n/a,n/a,
2163793,2163-79-3,"3-(HEXAHYDRO-4,7-METHANOINDAN-5-YL)-1,1-DIMETHY*",n/a,1.10E+02,8.21E+01,2.60E+03,2.04E-03,2.08E+02,2.08E+02,Interim,n/a,n/a,n/a,n/a,n/a,n/a,n/a,n/a,n/a,n/a,n/a,n/a,n/a,n/a,n/a,n/a,n/a,n/a,
2163806,2163-80-6,MSMA,n/a,1.91E+01,1.75E+01,1.47E+02,7.76E-10,1.74E+01,1.74E+01,Interim,n/a,n/a,n/a,n/a,n/a,n/a,n/a,n/a,n/a,n/a,n/a,n/a,n/a,n/a,n/a,n/a,n/a,n/a,
2164070,2164-07-0,"7-OXABICYCLO[2,2,1]HEPTANE-2,3-DICARBOXYLIC ACID, DIPOTASSIUM SALT",n/a,6.79E+00,5.91E+00,8.98E+01,1.61E-10,1.14E+01,1.14E+01,Interim,n/a,n/a,n/a,n/a,n/a,n/a,n/a,n/a,n/a,n/a,n/a,n/a,n/a,n/a,n/a,n/a,n/a,n/a,
2164081,2164-08-1,LENACIL,n/a,2.14E+03,1.52E+03,6.00E+04,3.90E-04,6.45E+03,6.45E+03,Interim,n/a,n/a,n/a,n/a,n/a,n/a,n/a,n/a,n/a,n/a,n/a,n/a,n/a,n/a,n/a,n/a,n/a,n/a,
2164172,2164-17-2,FLUOMETURON,n/a,4.88E+03,4.60E+03,3.97E+04,6.00E-02,8.39E+03,8.39E+03,Recommended,n/a,n/a,8.63E-07,n/a,6.60E-07,n/a,1.31E-06,n/a,4.53E-09,n/a,2.79E-07,n/a,5.32E-07,n/a,Recommended,n/a,n/a,n/a,
2176627,2176-62-7,"2,3,4,5,6-PENTACHLORPYRIDINE",n/a,2.90E+02,2.89E+02,8.43E+03,1.04E+02,3.64E+02,3.64E+02,Interim,n/a,n/a,n/a,n/a,n/a,n/a,n/a,n/a,n/a,n/a,n/a,n/a,n/a,n/a,n/a,n/a,n/a,n/a,
2176989,2176-98-9,TETRAPROPYL TIN,n/a,3.03E-03,3.73E-05,1.91E+03,2.10E-06,2.24E-01,2.24E-01,Interim,n/a,n/a,n/a,n/a,n/a,n/a,n/a,n/a,n/a,n/a,n/a,n/a,n/a,n/a,n/a,n/a,n/a,n/a,
2185924,2185-92-4,2-BIPHENYLAMINE HYDROCHLORIDE,n/a,n/a,n/a,n/a,n/a,n/a,n/a,n/a,n/a,3.92E-08,n/a,5.54E-09,n/a,1.55E-07,n/a,8.17E-10,n/a,1.33E-09,n/a,3.15E-09,n/a,Recommended,n/a,n/a,n/a,n/a,
2186927,2186-92-7,"BENZENE, 1-(DIMETHOXYMETHYL)-4-METHOXY-",n/a,1.10E+00,9.30E-01,1.59E+02,1.33E-02,3.13E+01,3.13E+01,Recommended,n/a,n/a,n/a,n/a,n/a,n/a,n/a,n/a,n/a,n/a,n/a,n/a,n/a,n/a,n/a,n/a,n/a,n/a,
2198234,2198-23-4,4-NONENE,n/a,n/a,n/a,n/a,n/a,n/a,n/a,n/a,n/a,n/a,n/a,n/a,n/a,n/a,n/a,n/a,n/a,n/a,n/a,n/a,n/a,n/a,n/a,n/a,n/a,4.54E+00,
2207014,2207-01-4,"1,2-DIMETHYLCYCLOHEXANE (CIS)",n/a,5.09E-03,1.85E-03,8.55E+02,1.67E-04,9.66E-01,9.66E-01,Interim,n/a,n/a,n/a,n/a,n/a,n/a,n/a,n/a,n/a,n/a,n/a,n/a,n/a,n/a,n/a,n/a,n/a,n/a,
2212671,2212-67-1,MOLINATE,n/a,4.40E+01,3.59E+01,6.00E+03,4.84E-01,7.45E+02,7.45E+02,Recommended,n/a,n/a,1.73E-05,n/a,3.77E-06,n/a,4.52E-05,n/a,3.27E-07,n/a,6.29E-06,n/a,2.38E-05,n/a,Recommended,n/a,n/a,1.51E+00,
2213232,2213-23-2,"2,4-DIMETHYL HEPTANE",n/a,n/a,n/a,n/a,n/a,n/a,n/a,n/a,n/a,n/a,n/a,n/a,n/a,n/a,n/a,n/a,n/a,n/a,n/a,n/a,n/a,n/a,n/a,n/a,n/a,1.38E+00,
2213323,2213-32-3,"2,4-DIMETHYL-1-PENTENE",n/a,n/a,n/a,n/a,n/a,n/a,n/a,n/a,n/a,n/a,n/a,n/a,n/a,n/a,n/a,n/a,n/a,n/a,n/a,n/a,n/a,n/a,n/a,n/a,n/a,6.01E+00,
2215352,2215-35-2,"ZINC, BIS[O,O-BIS(1,3-DIMETHYLBUTYL) PHOSPHORODITHIOATO-S,S']-, (T-4)-",n/a,4.05E-02,1.03E-02,7.49E+02,1.13E-03,2.00E+00,2.00E+00,Interim,n/a,n/a,n/a,n/a,n/a,n/a,n/a,n/a,n/a,n/a,n/a,n/a,n/a,n/a,n/a,n/a,n/a,n/a,
2216300,2216-30-0,"2,5-DIMETHYL HEPTANE",n/a,n/a,n/a,n/a,n/a,n/a,n/a,n/a,n/a,n/a,n/a,n/a,n/a,n/a,n/a,n/a,n/a,n/a,n/a,n/a,n/a,n/a,n/a,n/a,n/a,1.35E+00,
2216322,2216-32-2,4-ETHYL HEPTANE,n/a,n/a,n/a,n/a,n/a,n/a,n/a,n/a,n/a,n/a,n/a,n/a,n/a,n/a,n/a,n/a,n/a,n/a,n/a,n/a,n/a,n/a,n/a,n/a,n/a,1.22E+00,
2216333,2216-33-3,3-METHYL OCTANE,n/a,n/a,n/a,n/a,n/a,n/a,n/a,n/a,n/a,n/a,n/a,n/a,n/a,n/a,n/a,n/a,n/a,n/a,n/a,n/a,n/a,n/a,n/a,n/a,n/a,9.89E-01,
2216344,2216-34-4,4-METHYL OCTANE,n/a,n/a,n/a,n/a,n/a,n/a,n/a,n/a,n/a,n/a,n/a,n/a,n/a,n/a,n/a,n/a,n/a,n/a,n/a,n/a,n/a,n/a,n/a,n/a,n/a,9.54E-01,
2216515,2216-51-5,MENTHOL (L),n/a,2.16E+00,2.10E+00,4.80E+02,6.01E-02,2.74E+01,2.74E+01,Interim,n/a,n/a,n/a,n/a,n/a,n/a,n/a,n/a,n/a,n/a,n/a,n/a,n/a,n/a,n/a,n/a,n/a,n/a,
2223930,2223-93-0,CADMIUM STEARATE,n/a,2.85E+02,1.51E+02,3.96E+05,7.66E+00,3.45E+02,3.45E+02,Interim,n/a,n/a,n/a,n/a,n/a,n/a,n/a,n/a,n/a,n/a,n/a,n/a,n/a,n/a,n/a,n/a,n/a,n/a,
2227136,2227-13-6,TETRASUL,n/a,3.97E+00,2.90E+00,2.32E+02,3.35E-01,4.14E-01,4.14E-01,Interim,n/a,n/a,n/a,n/a,n/a,n/a,n/a,n/a,n/a,n/a,n/a,n/a,n/a,n/a,n/a,n/a,n/a,n/a,
2227170,2227-17-0,DIENOCHLOR,n/a,2.70E+02,2.41E+02,9.11E+03,1.73E+01,6.01E+01,6.01E+01,Recommended,n/a,n/a,n/a,n/a,n/a,n/a,n/a,n/a,n/a,n/a,n/a,n/a,n/a,n/a,n/a,n/a,n/a,n/a,
2234131,2234-13-1,OCTACHLORONAPHTHALENE,n/a,8.08E-02,7.54E-02,5.15E+00,1.08E-02,1.68E-02,1.68E-02,Recommended,n/a,n/a,n/a,n/a,n/a,n/a,n/a,n/a,n/a,n/a,n/a,n/a,n/a,n/a,n/a,n/a,n/a,n/a,
2234164,2234-16-4,"ETHANONE, 1-(2,4-DICHLOROPHENYL)-",n/a,3.50E+01,3.49E+01,9.60E+02,2.56E+00,8.57E+01,8.57E+01,Interim,n/a,n/a,n/a,n/a,n/a,n/a,n/a,n/a,n/a,n/a,n/a,n/a,n/a,n/a,n/a,n/a,n/a,n/a,
2235258,2235-25-8,ETHYL MERCURIC PHOSPHATE,n/a,1.58E+03,1.48E+03,2.75E+04,1.85E-05,9.65E+03,9.65E+03,Interim,n/a,n/a,n/a,n/a,n/a,n/a,n/a,n/a,n/a,n/a,n/a,n/a,n/a,n/a,n/a,n/a,n/a,n/a,
2235543,2235-54-3,"SULFURIC ACID, MONODODECYL ESTER, AMMONIUM SALT",n/a,1.74E+01,9.04E+00,6.22E+02,8.29E-07,1.57E+00,1.57E+00,Interim,n/a,n/a,n/a,n/a,n/a,n/a,n/a,n/a,n/a,n/a,n/a,n/a,n/a,n/a,n/a,n/a,n/a,n/a,
2243278,2243-27-8,NONANONITRILE,n/a,2.39E+00,2.35E+00,7.10E+02,1.70E-01,1.24E+01,1.24E+01,Interim,n/a,n/a,n/a,n/a,n/a,n/a,n/a,n/a,n/a,n/a,n/a,n/a,n/a,n/a,n/a,n/a,n/a,n/a,
2243621,2243-62-1,"1,5-DIAMINONAPHTHALENE",n/a,4.76E+01,8.71E+00,2.69E+03,6.71E-05,1.31E+01,1.31E+01,Recommended,n/a,2.73E-07,n/a,5.04E-08,n/a,1.29E-06,n/a,1.26E-09,n/a,6.27E-09,n/a,1.04E-08,n/a,Recommended,n/a,n/a,n/a,n/a,
2245387,2245-38-7,"2,3,5-TRIMETHYLNAPHTHALENE",n/a,4.07E+00,2.13E+00,4.96E+03,2.53E-01,1.38E+01,1.38E+01,Interim,n/a,n/a,n/a,n/a,n/a,n/a,n/a,n/a,n/a,n/a,n/a,n/a,n/a,n/a,n/a,n/a,n/a,n/a,
2252780,2252-78-0,"1-BROMO-1,1,2,3,3,3-HEXAFLUOROPROPANE ",n/a,n/a,n/a,n/a,n/a,n/a,n/a,n/a,n/a,n/a,n/a,n/a,n/a,n/a,n/a,n/a,n/a,n/a,n/a,n/a,n/a,n/a,n/a,n/a,3.30E+00,n/a,
2255176,2255-17-6,3-METHYL-DIMETHYL PARA-OXON,n/a,1.89E+04,1.75E+04,1.70E+05,1.03E+00,3.00E+04,3.00E+04,Interim,n/a,n/a,n/a,n/a,n/a,n/a,n/a,n/a,n/a,n/a,n/a,n/a,n/a,n/a,n/a,n/a,n/a,n/a,
2257092,2257-09-2,2-PHENETHYLISOTHIOCYANATE,n/a,1.01E+03,9.56E+02,7.50E+04,2.37E+01,8.15E+02,8.15E+02,Interim,n/a,n/a,n/a,n/a,n/a,n/a,n/a,n/a,n/a,n/a,n/a,n/a,n/a,n/a,n/a,n/a,n/a,n/a,
2270204,2270-20-4,5-PHENYLPENTANOIC ACID,n/a,6.17E+00,4.38E+00,1.59E+02,1.32E-03,6.23E+00,6.23E+00,Interim,n/a,n/a,n/a,n/a,n/a,n/a,n/a,n/a,n/a,n/a,n/a,n/a,n/a,n/a,n/a,n/a,n/a,n/a,
2274671,2274-67-1,"PHOSPHORIC ACID,2-CHLORO-(2,4-DICHLOROPHENYL)VIN",n/a,1.48E+02,1.02E+02,4.15E+03,1.48E-02,2.91E+02,2.91E+02,Interim,n/a,n/a,n/a,n/a,n/a,n/a,n/a,n/a,n/a,n/a,n/a,n/a,n/a,n/a,n/a,n/a,n/a,n/a,
2275141,2275-14-1,PHENKAPTON,n/a,2.43E+01,3.70E+00,8.34E+03,1.09E-01,1.99E+01,1.99E+01,Interim,n/a,n/a,n/a,n/a,n/a,n/a,n/a,n/a,n/a,n/a,n/a,n/a,n/a,n/a,n/a,n/a,n/a,n/a,
2275232,2275-23-2,VAMIDOTHION,n/a,9.21E+00,7.34E+00,2.32E+02,1.18E-08,4.37E+01,4.37E+01,Recommended,n/a,n/a,1.19E-05,n/a,4.80E-06,n/a,3.17E-05,n/a,6.08E-09,n/a,5.96E-06,n/a,8.46E-06,n/a,Recommended,n/a,n/a,n/a,
2279767,2279-76-7,CHLOROTRIPROPYL STANNANE,n/a,1.70E+03,1.12E+03,1.53E+07,1.71E+02,8.65E+04,8.65E+04,Interim,n/a,n/a,n/a,n/a,n/a,n/a,n/a,n/a,n/a,n/a,n/a,n/a,n/a,n/a,n/a,n/a,n/a,n/a,
2303164,2303-16-4,DIALLATE,n/a,3.11E+01,1.68E+01,4.48E+03,2.79E-01,6.84E+01,6.84E+01,Interim,n/a,3.06E-06,n/a,1.55E-06,n/a,1.87E-05,n/a,5.08E-07,n/a,4.07E-07,n/a,2.63E-06,n/a,Recommended,n/a,n/a,n/a,n/a,
2303175,2303-17-5,TRIALLATE,n/a,8.23E+01,5.88E+01,1.85E+04,2.56E+00,2.37E+02,2.37E+02,Recommended,n/a,n/a,2.71E-06,n/a,1.28E-06,n/a,1.61E-05,n/a,7.46E-07,n/a,3.38E-07,n/a,2.44E-06,n/a,Recommended,n/a,n/a,n/a,
2303255,2303-25-5,3-ME-4'-NO2-DIPHENYL ETHER,n/a,7.43E+01,4.19E+01,3.34E+03,1.25E-01,1.44E+01,1.44E+01,Interim,n/a,n/a,n/a,n/a,n/a,n/a,n/a,n/a,n/a,n/a,n/a,n/a,n/a,n/a,n/a,n/a,n/a,n/a,
2307688,2307-68-8,PENTANOCHLOR,n/a,4.77E+01,2.73E+01,1.95E+03,2.84E-02,6.15E+01,6.15E+01,Interim,n/a,n/a,n/a,n/a,n/a,n/a,n/a,n/a,n/a,n/a,n/a,n/a,n/a,n/a,n/a,n/a,n/a,n/a,
2310170,2310-17-0,PHOSALONE,n/a,1.32E+03,3.48E+02,7.39E+04,1.83E-02,3.11E+03,3.11E+03,Recommended,n/a,n/a,1.57E-06,n/a,4.58E-07,n/a,2.78E-05,n/a,5.21E-07,n/a,1.17E-06,n/a,5.96E-06,n/a,Recommended,n/a,n/a,n/a,
2312358,2312-35-8,PROPARGITE,n/a,1.79E+03,3.97E+02,1.44E+05,1.07E+00,3.10E+02,3.10E+02,Recommended,n/a,n/a,1.83E-06,n/a,7.19E-07,n/a,4.19E-05,n/a,1.36E-06,n/a,9.30E-08,n/a,4.73E-07,n/a,Recommended,n/a,n/a,n/a,
2314092,2314-09-2,FLURENOL-BUTYL,n/a,5.22E+01,2.88E+01,1.71E+03,1.50E-05,6.86E+00,6.86E+00,Interim,n/a,n/a,n/a,n/a,n/a,n/a,n/a,n/a,n/a,n/a,n/a,n/a,n/a,n/a,n/a,n/a,n/a,n/a,
2314978,2314-97-8,"METHANE, IODOTRIFLUORO-",n/a,n/a,n/a,n/a,n/a,n/a,n/a,n/a,4.00E-01,n/a,n/a,n/a,n/a,n/a,n/a,n/a,n/a,n/a,n/a,n/a,n/a,n/a,n/a,n/a,n/a,n/a,
2338127,2338-12-7,5-NITROBENZOTRIAZOLE,n/a,2.10E+02,1.98E+02,1.34E+03,2.02E-04,2.06E+02,2.06E+02,Interim,n/a,n/a,n/a,n/a,n/a,n/a,n/a,n/a,n/a,n/a,n/a,n/a,n/a,n/a,n/a,n/a,n/a,n/a,
2354065,2354-06-5,CFC-213,n/a,n/a,n/a,n/a,n/a,n/a,n/a,n/a,n/a,n/a,n/a,n/a,n/a,n/a,n/a,n/a,n/a,n/a,n/a,n/a,n/a,n/a,n/a,n/a,1.00E+00,n/a,
2370630,2370-63-0,2-ETHOXYETHYL METHACRYLATE,n/a,8.81E-01,8.98E-01,2.78E+02,3.43E-02,3.92E+01,3.92E+01,Interim,n/a,n/a,n/a,n/a,n/a,n/a,n/a,n/a,n/a,n/a,n/a,n/a,n/a,n/a,n/a,n/a,n/a,n/a,
2385855,2385-85-5,MIREX,n/a,2.18E+01,1.71E+01,1.72E+03,3.16E+00,2.75E+00,2.75E+00,Recommended,n/a,1.88E-03,2.43E-03,1.86E-03,2.40E-03,1.88E-03,2.42E-03,8.62E-04,1.11E-03,2.13E-04,2.75E-04,2.18E-04,2.81E-04,Recommended,Recommended,n/a,n/a,n/a,
2386530,2386-53-0,"DODECYL SULFONATE, SODIUM SALT",n/a,2.75E+01,2.04E+01,5.12E+02,4.17E-12,1.10E+01,1.10E+01,Interim,n/a,n/a,n/a,n/a,n/a,n/a,n/a,n/a,n/a,n/a,n/a,n/a,n/a,n/a,n/a,n/a,n/a,n/a,
2402791,2402-79-1,"2,3,5,6-TETRACHLORPYRIDINE",n/a,2.54E+02,2.53E+02,4.37E+03,5.02E+01,3.07E+02,3.07E+02,Recommended,n/a,n/a,n/a,n/a,n/a,n/a,n/a,n/a,n/a,n/a,n/a,n/a,n/a,n/a,n/a,n/a,n/a,n/a,
2403885,2403-88-5,"4-PIPERIDINOL, 2,2,6,6-TETRAMETHYL-",n/a,3.51E+00,3.05E+00,8.36E+01,6.78E-05,2.35E+01,2.35E+01,Interim,n/a,n/a,n/a,n/a,n/a,n/a,n/a,n/a,n/a,n/a,n/a,n/a,n/a,n/a,n/a,n/a,n/a,n/a,
2416946,2416-94-6,"2,3,6-TRIMETHYLPHENOL",n/a,6.81E+00,2.76E+00,2.09E+03,3.98E-02,4.41E+01,4.41E+01,Recommended,n/a,n/a,n/a,n/a,n/a,n/a,n/a,n/a,n/a,n/a,n/a,n/a,n/a,n/a,n/a,n/a,n/a,1.90E+00,
2425061,2425-06-1,CAPTAFOL,n/a,3.93E+03,1.62E+03,1.88E+05,8.10E-02,7.92E+03,7.92E+03,Recommended,n/a,n/a,4.77E-06,n/a,2.34E-06,n/a,9.67E-05,n/a,2.62E-06,n/a,4.08E-06,n/a,6.41E-06,n/a,Recommended,n/a,n/a,n/a,
2425107,2425-10-7,"3,4-DIMEPHENYL N-METHYLCARBAMATE",n/a,6.04E+02,5.35E+02,8.05E+03,2.03E-01,1.17E+03,1.17E+03,Interim,n/a,n/a,n/a,n/a,n/a,n/a,n/a,n/a,n/a,n/a,n/a,n/a,n/a,n/a,n/a,n/a,n/a,n/a,
2425663,2425-66-3,1-CHLORO-2-NITRO-PROPANE,n/a,1.90E+03,1.89E+03,3.27E+04,5.98E+01,2.85E+03,2.85E+03,Interim,n/a,n/a,n/a,n/a,n/a,n/a,n/a,n/a,n/a,n/a,n/a,n/a,n/a,n/a,n/a,n/a,n/a,n/a,
2425856,2425-85-6,"2-NAPHTHALENOL, 1- (4-METHYL-2-NITROPHENYL)AZO -",n/a,n/a,n/a,n/a,n/a,n/a,n/a,n/a,n/a,1.15E-07,n/a,9.03E-08,n/a,4.16E-07,n/a,3.45E-08,n/a,1.58E-10,n/a,2.81E-09,n/a,Recommended,n/a,n/a,n/a,n/a,
2429745,2429-74-5,DIRECT BLUE 15,n/a,n/a,n/a,n/a,n/a,n/a,n/a,n/a,n/a,6.47E-06,n/a,5.78E-06,n/a,1.25E-09,n/a,2.91E-11,n/a,5.33E-13,n/a,7.53E-11,n/a,Interim,n/a,n/a,n/a,n/a,
2432124,2432-12-4,"4-METHYL-2,6-DICHLOROPHENOL",n/a,2.56E+01,2.09E+01,5.35E+02,6.14E-02,1.29E+01,1.29E+01,Interim,n/a,n/a,n/a,n/a,n/a,n/a,n/a,n/a,n/a,n/a,n/a,n/a,n/a,n/a,n/a,n/a,n/a,n/a,
2432997,2432-99-7,11-AMINOUNDECANOIC ACID,n/a,n/a,n/a,n/a,n/a,n/a,n/a,n/a,n/a,2.71E-08,n/a,6.56E-09,n/a,4.14E-08,n/a,2.43E-11,n/a,1.51E-09,n/a,2.40E-09,n/a,Interim,n/a,n/a,n/a,n/a,
2436933,2436-93-3,"6,8-DIMETHYLQUINOLINE",n/a,5.13E+01,2.90E+01,7.91E+03,7.24E-01,3.86E+01,3.86E+01,Interim,n/a,n/a,n/a,n/a,n/a,n/a,n/a,n/a,n/a,n/a,n/a,n/a,n/a,n/a,n/a,n/a,n/a,n/a,
2437561,2437-56-1,1-TRIDECENE,n/a,n/a,n/a,n/a,n/a,n/a,n/a,n/a,n/a,n/a,n/a,n/a,n/a,n/a,n/a,n/a,n/a,n/a,n/a,n/a,n/a,n/a,n/a,n/a,n/a,1.48E+00,
2437798,2437-79-8,PCB-47,n/a,1.21E+02,1.11E+02,7.73E+03,3.30E+01,2.81E+01,2.81E+01,Recommended,n/a,n/a,n/a,n/a,n/a,n/a,n/a,n/a,n/a,n/a,n/a,n/a,n/a,n/a,n/a,n/a,n/a,n/a,
2439001,2439-00-1,"2,3,6-TRICHLOROPHENYLACETIC ACID, SODIUM SALT",n/a,4.99E+02,4.76E+02,2.83E+03,5.94E-10,5.11E+02,5.11E+02,Interim,n/a,n/a,n/a,n/a,n/a,n/a,n/a,n/a,n/a,n/a,n/a,n/a,n/a,n/a,n/a,n/a,n/a,n/a,
2439012,2439-01-2,OXYTHIOQUINOX,n/a,1.05E+05,7.11E+04,2.39E+06,1.45E+01,2.07E+04,2.07E+04,Recommended,n/a,n/a,1.49E-05,n/a,1.01E-05,n/a,3.01E-05,n/a,3.34E-07,n/a,2.79E-07,n/a,1.32E-06,n/a,Recommended,n/a,n/a,n/a,
2439103,2439-10-3,DODINE,n/a,3.01E+02,6.54E+01,1.70E+04,7.75E-06,1.42E+01,1.42E+01,Interim,n/a,n/a,8.78E-08,n/a,1.24E-08,n/a,1.63E-07,n/a,8.92E-11,n/a,1.36E-10,n/a,2.88E-10,n/a,Interim,n/a,n/a,n/a,
2439352,2439-35-2,"2-PROPENOIC ACID, 2-(DIMETHYLAMINO)ETHYL ESTER",n/a,2.29E+01,1.30E+01,2.52E+03,1.94E-02,4.60E+02,4.60E+02,Interim,n/a,n/a,n/a,n/a,n/a,n/a,n/a,n/a,n/a,n/a,n/a,n/a,n/a,n/a,n/a,n/a,n/a,n/a,
2445070,2445-07-0,URBACID,n/a,6.35E+01,1.50E+01,3.52E+03,4.62E-06,3.86E+01,3.86E+01,Interim,n/a,n/a,n/a,n/a,n/a,n/a,n/a,n/a,n/a,n/a,n/a,n/a,n/a,n/a,n/a,n/a,n/a,n/a,
2452995,2452-99-5,"1,2-DIMETHYL CYCLOPENTANE",n/a,n/a,n/a,n/a,n/a,n/a,n/a,n/a,n/a,n/a,n/a,n/a,n/a,n/a,n/a,n/a,n/a,n/a,n/a,n/a,n/a,n/a,n/a,n/a,n/a,1.99E+00,
2453001,2453-00-1,"1,3-DIMETHYL CYCLOPENTANE",n/a,n/a,n/a,n/a,n/a,n/a,n/a,n/a,n/a,n/a,n/a,n/a,n/a,n/a,n/a,n/a,n/a,n/a,n/a,n/a,n/a,n/a,n/a,n/a,n/a,1.94E+00,
2455245,2455-24-5,TETRAHYDROFURFURYL METHACRYLATE,n/a,9.20E-01,8.95E-01,2.92E+02,2.05E-02,3.52E+01,3.52E+01,Interim,n/a,n/a,n/a,n/a,n/a,n/a,n/a,n/a,n/a,n/a,n/a,n/a,n/a,n/a,n/a,n/a,n/a,n/a,
2457478,2457-47-8,"3,5-DICHLOROPYRIDINE",n/a,1.03E+01,1.03E+01,2.79E+02,1.86E+00,2.51E+01,2.51E+01,Interim,n/a,n/a,n/a,n/a,n/a,n/a,n/a,n/a,n/a,n/a,n/a,n/a,n/a,n/a,n/a,n/a,n/a,n/a,
2459098,2459-09-8,"I-NICOTINIC ACID, METHYL ESTER",n/a,1.53E+00,1.48E+00,1.83E+01,6.66E-03,2.38E+00,2.38E+00,Interim,n/a,n/a,n/a,n/a,n/a,n/a,n/a,n/a,n/a,n/a,n/a,n/a,n/a,n/a,n/a,n/a,n/a,n/a,
2460493,2460-49-3,"4,5-DICHLORO-2-METHOXYPHENOL",n/a,1.84E+02,1.78E+02,1.23E+04,6.98E+00,5.85E+02,5.85E+02,Recommended,n/a,n/a,n/a,n/a,n/a,n/a,n/a,n/a,n/a,n/a,n/a,n/a,n/a,n/a,n/a,n/a,n/a,n/a,
2461156,2461-15-6,"OXIRANE,   (2-ETHYLHEXYL)OXY METHYL -",n/a,3.00E-01,2.94E-01,3.67E+02,2.00E-02,1.08E+01,1.08E+01,Interim,n/a,n/a,n/a,n/a,n/a,n/a,n/a,n/a,n/a,n/a,n/a,n/a,n/a,n/a,n/a,n/a,n/a,n/a,
2463845,2463-84-5,DICAPTHON,n/a,2.93E+03,9.80E+02,1.63E+05,2.87E-01,2.62E+03,2.62E+03,Recommended,n/a,n/a,n/a,n/a,n/a,n/a,n/a,n/a,n/a,n/a,n/a,n/a,n/a,n/a,n/a,n/a,n/a,n/a,
2464371,2464-37-1,"9H-FLUORENE-9-CARBOXYLIC AICD, 2-CHLORO-9-HYDROX",n/a,3.78E+03,3.37E+03,3.95E+04,2.84E-04,4.45E+03,4.45E+03,Interim,n/a,n/a,n/a,n/a,n/a,n/a,n/a,n/a,n/a,n/a,n/a,n/a,n/a,n/a,n/a,n/a,n/a,n/a,
2465272,2465-27-2,BASIC YELLOW 2,n/a,2.33E+02,4.33E+01,1.31E+04,2.12E-04,9.45E+01,9.45E+01,Interim,n/a,1.92E-06,n/a,4.65E-07,n/a,1.55E-05,n/a,1.31E-07,n/a,1.11E-07,n/a,2.47E-07,n/a,Recommended,n/a,n/a,n/a,n/a,
2475458,2475-45-8,"1,4,5,8-TETRAAMINOANTHRAQUINONE",n/a,n/a,n/a,n/a,n/a,n/a,n/a,n/a,n/a,1.49E-07,n/a,3.56E-08,n/a,7.76E-07,n/a,8.39E-10,n/a,7.79E-09,n/a,2.02E-08,n/a,Recommended,n/a,n/a,n/a,n/a,
2475469,2475-46-9,"C,I, DISPERSE BLUE 3",n/a,1.17E+03,7.25E+02,3.90E+04,2.59E-04,2.50E+03,2.50E+03,Interim,n/a,n/a,n/a,n/a,n/a,n/a,n/a,n/a,n/a,n/a,n/a,n/a,n/a,n/a,n/a,n/a,n/a,n/a,
2489772,2489-77-2,TRIMETHYL THIOUREA,n/a,3.76E-02,2.81E-02,1.81E+01,2.69E-04,3.10E+00,3.10E+00,Interim,n/a,7.43E-07,n/a,1.00E-08,n/a,1.29E-06,n/a,4.05E-10,n/a,2.23E-07,n/a,3.70E-07,n/a,Recommended,n/a,n/a,n/a,n/a,
2492264,2492-26-4,"2(3H)-BENZOTHIAZOLETHIONE, SODIUM SALT",n/a,4.43E+02,2.91E+02,1.05E+04,1.16E-11,6.08E+01,6.08E+01,Interim,n/a,n/a,n/a,n/a,n/a,n/a,n/a,n/a,n/a,n/a,n/a,n/a,n/a,n/a,n/a,n/a,n/a,n/a,
2495376,2495-37-6,BENZYL METHACRYLATE,n/a,1.08E+01,9.79E+00,2.19E+03,2.18E-01,4.35E+01,4.35E+01,Interim,n/a,n/a,n/a,n/a,n/a,n/a,n/a,n/a,n/a,n/a,n/a,n/a,n/a,n/a,n/a,n/a,n/a,n/a,
2495398,2495-39-8,"2-PROPENE-1-SULFONIC ACID, SODIUM SALT",n/a,1.42E+00,1.34E+00,1.70E+01,9.08E-13,5.39E+00,5.39E+00,Interim,n/a,n/a,n/a,n/a,n/a,n/a,n/a,n/a,n/a,n/a,n/a,n/a,n/a,n/a,n/a,n/a,n/a,n/a,
2497076,2497-07-6,DISULFOTON SULFOXIDE,n/a,3.08E+04,1.81E+04,1.31E+06,1.95E-01,1.92E+05,1.92E+05,Interim,n/a,n/a,n/a,n/a,n/a,n/a,n/a,n/a,n/a,n/a,n/a,n/a,n/a,n/a,n/a,n/a,n/a,n/a,
2499958,2499-95-8,"2-PROPENOIC ACID, HEXYL ESTER",n/a,1.93E+00,1.83E+00,3.53E+03,8.84E-02,6.32E+01,6.32E+01,Interim,n/a,n/a,n/a,n/a,n/a,n/a,n/a,n/a,n/a,n/a,n/a,n/a,n/a,n/a,n/a,n/a,n/a,n/a,
2508863,2508-86-3,4-AMINOQUINOLINE-1-OXIDE,n/a,2.59E+02,4.79E+01,1.46E+04,4.32E-06,7.08E+01,7.08E+01,Interim,n/a,n/a,n/a,n/a,n/a,n/a,n/a,n/a,n/a,n/a,n/a,n/a,n/a,n/a,n/a,n/a,n/a,n/a,
2517433,2517-43-3,3-METHOXY-1-BUTANOL,n/a,n/a,n/a,n/a,n/a,n/a,n/a,n/a,n/a,n/a,n/a,n/a,n/a,n/a,n/a,n/a,n/a,n/a,n/a,n/a,n/a,n/a,n/a,n/a,n/a,3.87E+00,
2528361,2528-36-1,DIBUTYL PHENYL PHOSPHATE,n/a,7.48E+02,2.28E+02,4.11E+04,9.71E-03,2.00E+02,2.00E+02,Interim,n/a,n/a,n/a,n/a,n/a,n/a,n/a,n/a,n/a,n/a,n/a,n/a,n/a,n/a,n/a,n/a,n/a,n/a,
2539175,2539-17-5,TETRACHLOROGUAIACOL,n/a,1.87E+03,1.79E+03,5.61E+04,5.09E+01,2.24E+03,2.24E+03,Interim,n/a,n/a,n/a,n/a,n/a,n/a,n/a,n/a,n/a,n/a,n/a,n/a,n/a,n/a,n/a,n/a,n/a,n/a,
2539266,2539-26-6,"3,4,5-TRICL-2,6-MEO PHENOL",n/a,3.94E+02,2.58E+02,1.45E+04,6.87E-01,5.23E+02,5.23E+02,Interim,n/a,n/a,n/a,n/a,n/a,n/a,n/a,n/a,n/a,n/a,n/a,n/a,n/a,n/a,n/a,n/a,n/a,n/a,
2540821,2540-82-1,FORMOTHION,n/a,2.72E+01,2.22E+01,7.43E+02,3.36E-06,1.76E+02,1.76E+02,Recommended,n/a,n/a,3.41E-06,n/a,7.64E-07,n/a,6.23E-06,n/a,4.11E-09,n/a,1.48E-06,n/a,3.25E-06,n/a,Recommended,n/a,n/a,n/a,
2545597,2545-59-7,"2,4,5-T, BUTOXYETHYL ESTER",n/a,4.55E+02,2.15E+02,3.58E+04,1.25E+00,5.08E+02,5.08E+02,Interim,n/a,n/a,n/a,n/a,n/a,n/a,n/a,n/a,n/a,n/a,n/a,n/a,n/a,n/a,n/a,n/a,n/a,n/a,
2545600,2545-60-0,"PICLORAM, POTASSIUM SALT",n/a,2.81E+02,2.77E+02,1.09E+03,2.35E-12,3.14E+02,3.14E+02,Interim,n/a,n/a,n/a,n/a,n/a,n/a,n/a,n/a,n/a,n/a,n/a,n/a,n/a,n/a,n/a,n/a,n/a,n/a,
2550212,2550-21-2,3-METHYL-2-HEXANONE,n/a,n/a,n/a,n/a,n/a,n/a,n/a,n/a,n/a,n/a,n/a,n/a,n/a,n/a,n/a,n/a,n/a,n/a,n/a,n/a,n/a,n/a,n/a,n/a,n/a,2.55E+00,
2551624,2551-62-4,SULFUR HEXAFLUORIDE,n/a,n/a,n/a,n/a,n/a,n/a,n/a,n/a,2.28E+04,n/a,n/a,n/a,n/a,n/a,n/a,n/a,n/a,n/a,n/a,n/a,n/a,n/a,n/a,n/a,n/a,n/a,
2570265,2570-26-5,PENTADECYLAMINE,n/a,2.01E+03,5.80E+02,9.53E+05,3.05E+01,2.83E+02,2.83E+02,Interim,n/a,n/a,n/a,n/a,n/a,n/a,n/a,n/a,n/a,n/a,n/a,n/a,n/a,n/a,n/a,n/a,n/a,n/a,
2578758,2578-75-8,"N-[5-(5-NITRO-2-FURYL)-1,3,4-THIADIAZOL-2-YL]ACETAMIDE",n/a,n/a,n/a,n/a,n/a,n/a,n/a,n/a,n/a,1.72E-05,n/a,1.09E-05,n/a,2.47E-05,n/a,4.76E-09,n/a,2.54E-06,n/a,3.64E-06,n/a,Interim,n/a,n/a,n/a,n/a,
2581342,2581-34-2,3-METHYL-4-NITROPHENOL,n/a,1.55E+02,1.11E+02,3.56E+03,6.79E-03,1.36E+02,1.36E+02,Interim,n/a,n/a,n/a,n/a,n/a,n/a,n/a,n/a,n/a,n/a,n/a,n/a,n/a,n/a,n/a,n/a,n/a,n/a,
2593159,2593-15-9,ETRIDAZOLE,n/a,1.93E+03,1.35E+03,4.85E+04,1.82E+00,1.45E+03,1.45E+03,Recommended,n/a,n/a,n/a,n/a,n/a,n/a,n/a,n/a,n/a,n/a,n/a,n/a,n/a,n/a,n/a,n/a,n/a,n/a,
2595542,2595-54-2,MECARBAM,n/a,4.71E+02,3.19E+02,1.68E+04,1.33E-03,2.73E+03,2.73E+03,Interim,n/a,n/a,1.40E-05,n/a,4.53E-06,n/a,5.72E-05,n/a,1.90E-07,n/a,9.28E-06,n/a,1.88E-05,n/a,Recommended,n/a,n/a,n/a,
2597037,2597-03-7,FENTHOATE,n/a,4.89E+03,1.41E+03,2.64E+05,9.86E-03,2.06E+03,2.06E+03,Interim,n/a,n/a,5.64E-06,n/a,1.03E-06,n/a,1.40E-05,n/a,9.13E-08,n/a,1.10E-07,n/a,1.09E-06,n/a,Recommended,n/a,n/a,n/a,
2602462,2602-46-2,DIRECT BLUE 6,n/a,n/a,n/a,n/a,n/a,n/a,n/a,n/a,n/a,1.03E-04,n/a,9.18E-05,n/a,7.65E-09,n/a,1.65E-10,n/a,3.26E-12,n/a,1.17E-09,n/a,Interim,n/a,n/a,n/a,n/a,
2611827,2611-82-7,ACID RED 18,n/a,n/a,n/a,n/a,n/a,n/a,n/a,n/a,n/a,4.75E-09,n/a,3.84E-09,n/a,1.32E-10,n/a,1.53E-12,n/a,2.09E-14,n/a,1.18E-13,n/a,Interim,n/a,n/a,n/a,n/a,
2613618,2613-61-8,"2,4,6-TRIMETHYL HEPTANE",n/a,n/a,n/a,n/a,n/a,n/a,n/a,n/a,n/a,n/a,n/a,n/a,n/a,n/a,n/a,n/a,n/a,n/a,n/a,n/a,n/a,n/a,n/a,n/a,n/a,1.28E+00,
2628173,2628-17-3,4-VINYL PHENOL,n/a,n/a,n/a,n/a,n/a,n/a,n/a,n/a,n/a,n/a,n/a,n/a,n/a,n/a,n/a,n/a,n/a,n/a,n/a,n/a,n/a,n/a,n/a,n/a,n/a,1.50E+00,
2631370,2631-37-0,3-I-PR-5-MEPHENYL-N-ME CARBAMATE,n/a,4.98E+01,3.47E+01,1.38E+03,1.06E-02,7.80E+01,7.80E+01,Interim,n/a,n/a,n/a,n/a,n/a,n/a,n/a,n/a,n/a,n/a,n/a,n/a,n/a,n/a,n/a,n/a,n/a,n/a,
2631405,2631-40-5,ISOPROCARB,n/a,8.34E+02,7.02E+02,1.23E+04,3.32E-02,1.18E+03,1.18E+03,Interim,n/a,n/a,n/a,n/a,n/a,n/a,n/a,n/a,n/a,n/a,n/a,n/a,n/a,n/a,n/a,n/a,n/a,n/a,
2634335,2634-33-5,"1,2-BENZISOTHIAZOL-3(2H)-ONE",n/a,5.00E+02,4.26E+02,7.91E+03,1.67E-04,1.09E+03,1.09E+03,Recommended,n/a,n/a,n/a,n/a,n/a,n/a,n/a,n/a,n/a,n/a,n/a,n/a,n/a,n/a,n/a,n/a,n/a,n/a,
2636262,2636-26-2,CYANOPHOS,n/a,2.57E+00,1.71E+00,7.02E+02,2.76E-02,3.44E+01,3.44E+01,Interim,n/a,n/a,1.29E-06,n/a,7.97E-08,n/a,4.30E-06,n/a,3.87E-08,n/a,2.20E-07,n/a,5.26E-07,n/a,Recommended,n/a,n/a,n/a,
2642719,2642-71-9,AZINPHOS ETHYL,n/a,2.92E+04,9.86E+03,1.85E+06,2.85E+00,1.64E+05,1.64E+05,Recommended,n/a,n/a,n/a,n/a,n/a,n/a,n/a,n/a,n/a,n/a,n/a,n/a,n/a,n/a,n/a,n/a,n/a,n/a,
2655198,2655-19-8,"3,5-BIS(TERT-BUTYL)PHENOL METHYLCARBAMATE",n/a,2.73E+03,1.66E+03,8.41E+04,3.61E-01,1.67E+03,1.67E+03,Interim,n/a,n/a,n/a,n/a,n/a,n/a,n/a,n/a,n/a,n/a,n/a,n/a,n/a,n/a,n/a,n/a,n/a,n/a,
2668248,2668-24-8,"4,5,6-TRICHLOROGUAIACOL",n/a,3.36E+02,3.31E+02,1.59E+04,2.79E+01,6.51E+02,6.51E+02,Interim,n/a,n/a,n/a,n/a,n/a,n/a,n/a,n/a,n/a,n/a,n/a,n/a,n/a,n/a,n/a,n/a,n/a,n/a,
2682204,2682-20-4,"3(2H)-ISOTHIAZOLONE,2-METHYL-",n/a,1.20E+04,1.07E+04,1.85E+05,1.69E-01,4.10E+04,4.10E+04,Recommended,n/a,n/a,n/a,n/a,n/a,n/a,n/a,n/a,n/a,n/a,n/a,n/a,n/a,n/a,n/a,n/a,n/a,n/a,
2686999,2686-99-9,"N-ME-3,4,5-TRIMEPHENYL CARBAMATE",n/a,1.13E+01,1.04E+01,5.99E+04,1.71E+00,1.05E+03,1.05E+03,Interim,n/a,n/a,n/a,n/a,n/a,n/a,n/a,n/a,n/a,n/a,n/a,n/a,n/a,n/a,n/a,n/a,n/a,n/a,
2687969,2687-96-9,LAURYL PYRROLIDONE,n/a,n/a,n/a,n/a,n/a,n/a,n/a,n/a,n/a,n/a,n/a,n/a,n/a,n/a,n/a,n/a,n/a,n/a,n/a,n/a,n/a,n/a,n/a,n/a,n/a,9.43E-01,
2691410,2691-41-0,"OCTAHYDRO-1,3,5,7-TETRANITRO-1,3,5,7-TETRAZOC*",n/a,4.54E+01,2.08E+01,2.00E+03,1.65E-10,6.92E+01,6.92E+01,Interim,n/a,n/a,1.51E-07,n/a,5.13E-08,n/a,4.11E-07,n/a,8.19E-11,n/a,1.42E-08,n/a,2.02E-08,n/a,Recommended,n/a,n/a,n/a,
2698411,2698-41-1,O-CHLOROBENZYLIDENEMALONONITRILE,n/a,4.22E+02,3.44E+02,6.35E+03,8.70E-02,3.25E+02,3.25E+02,Interim,n/a,n/a,n/a,n/a,n/a,n/a,n/a,n/a,n/a,n/a,n/a,n/a,n/a,n/a,n/a,n/a,n/a,n/a,
2702729,2702-72-9,"2,4-D, SODIUM SALT",n/a,8.05E+01,7.88E+01,3.47E+02,1.08E-11,8.96E+01,8.96E+01,Interim,n/a,n/a,n/a,n/a,n/a,n/a,n/a,n/a,n/a,n/a,n/a,n/a,n/a,n/a,n/a,n/a,n/a,n/a,
2703131,2703-13-1,O-ETHYL O-(P-(METHYLTHIO)PHENYL) METHYL PHOSPHO*,n/a,1.17E+04,7.11E+03,5.24E+06,2.34E+02,6.92E+04,6.92E+04,Interim,n/a,n/a,n/a,n/a,n/a,n/a,n/a,n/a,n/a,n/a,n/a,n/a,n/a,n/a,n/a,n/a,n/a,n/a,
2703379,2703-37-9,"PHOSPHORODITHIOIC ACID, S-[2-(ETHYLSULFINYL)ETHY",n/a,2.11E+02,1.35E+02,8.31E+03,2.61E-04,1.32E+03,1.32E+03,Interim,n/a,n/a,n/a,n/a,n/a,n/a,n/a,n/a,n/a,n/a,n/a,n/a,n/a,n/a,n/a,n/a,n/a,n/a,
2720732,2720-73-2,"CARBONODITHIOIC ACID, O-PENTYL ESTER, POTASSIUM SALT",n/a,3.53E+02,3.31E+02,2.56E+03,2.33E-10,4.26E+02,4.26E+02,Interim,n/a,n/a,n/a,n/a,n/a,n/a,n/a,n/a,n/a,n/a,n/a,n/a,n/a,n/a,n/a,n/a,n/a,n/a,
2738194,2738-19-4,2-METHYL-2-HEXENE,n/a,n/a,n/a,n/a,n/a,n/a,n/a,n/a,n/a,n/a,n/a,n/a,n/a,n/a,n/a,n/a,n/a,n/a,n/a,n/a,n/a,n/a,n/a,n/a,n/a,9.47E+00,
2741062,2741-06-2,1-PHENYL-3-ETHYL THIOUREA,n/a,4.58E+00,1.60E+00,2.33E+02,1.02E-05,7.82E+00,7.82E+00,Interim,n/a,n/a,n/a,n/a,n/a,n/a,n/a,n/a,n/a,n/a,n/a,n/a,n/a,n/a,n/a,n/a,n/a,n/a,
2764729,2764-72-9,DIQUAT,n/a,3.01E+03,1.93E+03,7.37E+04,1.04E-04,1.47E+02,1.47E+02,Interim,n/a,n/a,2.89E-05,n/a,1.40E-05,n/a,2.85E-05,n/a,8.27E-08,n/a,5.70E-08,n/a,1.64E-07,n/a,Interim,n/a,n/a,n/a,
2767546,2767-54-6,TRIETHYLTIN BROMIDE,n/a,1.64E+02,1.63E+02,1.37E+05,1.93E+01,5.06E+03,5.06E+03,Interim,n/a,n/a,n/a,n/a,n/a,n/a,n/a,n/a,n/a,n/a,n/a,n/a,n/a,n/a,n/a,n/a,n/a,n/a,
2782914,2782-91-4,TETRAMETHYLTHIOUREA,n/a,1.38E+00,1.06E+00,4.59E+01,9.54E-06,1.06E+01,1.06E+01,Recommended,n/a,n/a,n/a,n/a,n/a,n/a,n/a,n/a,n/a,n/a,n/a,n/a,n/a,n/a,n/a,n/a,n/a,n/a,
2784943,2784-94-3,"ETHANOL, 2,2'-  4-(METHYLAMINO)-3-NITROPHENYL IMINO BIS-",n/a,n/a,n/a,n/a,n/a,n/a,n/a,n/a,n/a,1.16E-06,n/a,6.87E-07,n/a,1.94E-06,n/a,3.93E-10,n/a,6.71E-07,n/a,1.05E-06,n/a,Recommended,n/a,n/a,n/a,n/a,
2797515,2797-51-5,"2-AMINO-3-CHLORO-1,4-NAPHTHOQUINONE",n/a,1.21E+03,6.96E+02,4.09E+04,4.70E-05,1.01E+03,1.01E+03,Interim,n/a,n/a,n/a,n/a,n/a,n/a,n/a,n/a,n/a,n/a,n/a,n/a,n/a,n/a,n/a,n/a,n/a,n/a,
2807309,2807-30-9,2-PROPOXY-ETHANOL,n/a,n/a,n/a,n/a,n/a,n/a,n/a,n/a,n/a,n/a,n/a,n/a,n/a,n/a,n/a,n/a,n/a,n/a,n/a,n/a,n/a,n/a,n/a,n/a,n/a,3.30E+00,
2809214,2809-21-4,"PHOSPHONIC ACID, (1-HYDROXYETHYLIDENE)BIS-",n/a,1.49E+02,1.50E+02,4.31E+02,2.54E-11,1.76E+02,1.76E+02,Interim,n/a,n/a,n/a,n/a,n/a,n/a,n/a,n/a,n/a,n/a,n/a,n/a,n/a,n/a,n/a,n/a,n/a,n/a,
2813958,2813-95-8,DINOSEB ACETATE,n/a,3.78E+04,2.61E+04,8.57E+05,8.18E+00,1.16E+04,1.16E+04,Recommended,n/a,n/a,n/a,n/a,n/a,n/a,n/a,n/a,n/a,n/a,n/a,n/a,n/a,n/a,n/a,n/a,n/a,n/a,
2814202,2814-20-2,"4(1H)-PYRIMIDINONE, 6-METHYL-2-(1-METHYLETHYL)-",n/a,3.95E-01,2.09E-01,1.55E+01,1.97E-05,3.19E-01,3.19E-01,Interim,n/a,n/a,n/a,n/a,n/a,n/a,n/a,n/a,n/a,n/a,n/a,n/a,n/a,n/a,n/a,n/a,n/a,n/a,
2832408,2832-40-8,4'-((6-HYDROXY-M-TOLYL)AZO)ACETANILIDE,n/a,n/a,n/a,n/a,n/a,n/a,n/a,n/a,n/a,2.36E-07,n/a,1.68E-07,n/a,5.41E-07,n/a,5.67E-09,n/a,8.82E-09,n/a,4.85E-08,n/a,Recommended,n/a,n/a,n/a,n/a,
2835394,2835-39-4,"BUTANOIC ACID, 3-METHYL-, 2-PROPENYL ESTER",n/a,n/a,n/a,n/a,n/a,n/a,n/a,n/a,n/a,7.31E-07,n/a,2.04E-08,n/a,3.53E-07,n/a,5.01E-09,n/a,2.60E-08,n/a,1.31E-07,n/a,Recommended,n/a,n/a,n/a,n/a,
2837890,2837-89-0,HCFC-124,n/a,n/a,n/a,n/a,n/a,n/a,n/a,n/a,6.09E+02,n/a,n/a,n/a,n/a,n/a,n/a,n/a,n/a,n/a,n/a,n/a,n/a,n/a,n/a,n/a,2.20E-02,n/a,
2845898,2845-89-8,M-CHLOROANISOLE,n/a,1.01E+00,1.01E+00,8.45E+02,1.63E-01,4.22E+01,4.22E+01,Interim,n/a,n/a,n/a,n/a,n/a,n/a,n/a,n/a,n/a,n/a,n/a,n/a,n/a,n/a,n/a,n/a,n/a,n/a,
2847725,2847-72-5,4-METHYL DECANE,n/a,n/a,n/a,n/a,n/a,n/a,n/a,n/a,n/a,n/a,n/a,n/a,n/a,n/a,n/a,n/a,n/a,n/a,n/a,n/a,n/a,n/a,n/a,n/a,n/a,6.79E-01,
2855132,2855-13-2,ISOPHORONE DIAMINE,n/a,1.15E+01,4.83E+00,7.27E+02,4.03E-03,5.38E+01,5.38E+01,Interim,n/a,n/a,n/a,n/a,n/a,n/a,n/a,n/a,n/a,n/a,n/a,n/a,n/a,n/a,n/a,n/a,n/a,n/a,
2859678,2859-67-8,3-PYRIDINEPROPANOL,n/a,7.23E+00,6.47E+00,7.90E+01,4.45E-07,1.07E+01,1.07E+01,Interim,n/a,n/a,n/a,n/a,n/a,n/a,n/a,n/a,n/a,n/a,n/a,n/a,n/a,n/a,n/a,n/a,n/a,n/a,
2866435,2866-43-5,DISPERSE BRIGHTENER,n/a,1.34E-02,4.53E-03,6.77E-01,3.98E-08,6.42E-05,6.42E-05,Interim,n/a,n/a,n/a,n/a,n/a,n/a,n/a,n/a,n/a,n/a,n/a,n/a,n/a,n/a,n/a,n/a,n/a,n/a,
2867472,2867-47-2,2-(DIMETHYLAMINO)ETHYL 2-METHYL-2-PROPENOATE,n/a,1.50E+00,9.18E-01,2.24E+02,4.76E-03,5.15E+01,5.15E+01,Interim,n/a,n/a,n/a,n/a,n/a,n/a,n/a,n/a,n/a,n/a,n/a,n/a,n/a,n/a,n/a,n/a,n/a,n/a,
2869343,2869-34-3,1-TRIDECANAMINE,n/a,2.68E+02,1.37E+02,1.41E+05,7.39E+00,1.21E+02,1.21E+02,Interim,n/a,n/a,n/a,n/a,n/a,n/a,n/a,n/a,n/a,n/a,n/a,n/a,n/a,n/a,n/a,n/a,n/a,n/a,
2870044,2870-04-4,"1,3-DIMETHYL-2-ETHYL BENZENE ",n/a,n/a,n/a,n/a,n/a,n/a,n/a,n/a,n/a,n/a,n/a,n/a,n/a,n/a,n/a,n/a,n/a,n/a,n/a,n/a,n/a,n/a,n/a,n/a,n/a,1.01E+01,
2882964,2882-96-4,3-METHYL PENTADECANE,n/a,n/a,n/a,n/a,n/a,n/a,n/a,n/a,n/a,n/a,n/a,n/a,n/a,n/a,n/a,n/a,n/a,n/a,n/a,n/a,n/a,n/a,n/a,n/a,n/a,4.55E-01,
2883025,2883-02-5,NONYL CYCLOHEXANE,n/a,n/a,n/a,n/a,n/a,n/a,n/a,n/a,n/a,n/a,n/a,n/a,n/a,n/a,n/a,n/a,n/a,n/a,n/a,n/a,n/a,n/a,n/a,n/a,n/a,4.69E-01,
2893789,2893-78-9,SODIUM DICHLOROCYANURATE,n/a,1.25E+04,1.19E+04,6.88E+04,1.91E-12,1.37E+04,1.37E+04,Interim,n/a,n/a,n/a,n/a,n/a,n/a,n/a,n/a,n/a,n/a,n/a,n/a,n/a,n/a,n/a,n/a,n/a,n/a,
2896700,2896-70-0,"1-PIPERIDINYLOXY, 2,2,6,6-TETRAMETHYL-4-OXO-",n/a,1.09E+04,8.46E+03,3.03E+05,5.45E-04,5.57E+04,5.57E+04,Interim,n/a,n/a,n/a,n/a,n/a,n/a,n/a,n/a,n/a,n/a,n/a,n/a,n/a,n/a,n/a,n/a,n/a,n/a,
2905693,2905-69-3,"METHYL 2,5-DICHLOROBENZOATE",n/a,3.25E+01,3.24E+01,7.47E+02,2.62E+00,5.75E+01,5.75E+01,Interim,n/a,n/a,n/a,n/a,n/a,n/a,n/a,n/a,n/a,n/a,n/a,n/a,n/a,n/a,n/a,n/a,n/a,n/a,
2918232,2918-23-2,HYDROXYPROPYL ACRYLATE,n/a,n/a,n/a,n/a,n/a,n/a,n/a,n/a,n/a,n/a,n/a,n/a,n/a,n/a,n/a,n/a,n/a,n/a,n/a,n/a,n/a,n/a,n/a,n/a,n/a,4.90E+00,
2921882,2921-88-2,CHLOROPYRIFOS,n/a,3.31E+04,9.53E+03,6.21E+06,2.61E+02,1.06E+05,1.06E+05,Recommended,n/a,n/a,1.19E-05,n/a,5.53E-06,n/a,5.06E-04,n/a,2.52E-05,n/a,9.11E-06,n/a,3.21E-05,n/a,Recommended,n/a,n/a,n/a,
2961628,2961-62-8,IOXYNIL-SODIUM,n/a,1.89E+02,1.58E+02,2.49E+03,4.57E-14,1.32E+02,1.32E+02,Interim,n/a,n/a,n/a,n/a,n/a,n/a,n/a,n/a,n/a,n/a,n/a,n/a,n/a,n/a,n/a,n/a,n/a,n/a,
3031514,3031-51-4,L-5-MORPHOLINOMETHYL-3-[(5-NITROFURFURYLIDENE)AMINO]-2-OXAZOLIDINONE.HCL,n/a,n/a,n/a,n/a,n/a,n/a,n/a,n/a,n/a,3.40E-06,n/a,8.84E-07,n/a,1.97E-05,n/a,4.24E-09,n/a,3.64E-07,n/a,5.05E-07,n/a,Recommended,n/a,n/a,n/a,n/a,
3033770,3033-77-0,GLYCYDYLTRIMETHYLAMMONIUM CHLORIDE,n/a,4.03E+00,3.80E+00,3.95E+01,5.13E-09,1.01E+01,1.01E+01,Interim,n/a,n/a,n/a,n/a,n/a,n/a,n/a,n/a,n/a,n/a,n/a,n/a,n/a,n/a,n/a,n/a,n/a,n/a,
3060897,3060-89-7,METOBROMURON,n/a,8.46E+01,7.10E+01,1.35E+03,7.05E-04,1.55E+02,1.55E+02,Recommended,n/a,n/a,n/a,n/a,n/a,n/a,n/a,n/a,n/a,n/a,n/a,n/a,n/a,n/a,n/a,n/a,n/a,n/a,
3064708,3064-70-8,"METHANE, SULFONYLBIS TRICHLORO-",n/a,1.51E+04,1.50E+04,2.03E+05,1.69E+03,5.97E+04,5.97E+04,Recommended,n/a,n/a,n/a,n/a,n/a,n/a,n/a,n/a,n/a,n/a,n/a,n/a,n/a,n/a,n/a,n/a,n/a,n/a,
3068880,3068-88-0,4-METHYL-2-OXETANONE,n/a,n/a,n/a,n/a,n/a,n/a,n/a,n/a,n/a,2.61E-06,n/a,6.07E-07,n/a,2.15E-06,n/a,1.22E-08,n/a,5.91E-07,n/a,8.83E-07,n/a,Interim,n/a,n/a,n/a,n/a,
3073663,3073-66-3,"1,1,3-TRIMETHYLCYCLOHEXANE",n/a,1.29E-02,4.58E-03,4.71E+03,8.42E-04,4.18E+00,4.18E+00,Interim,n/a,n/a,n/a,n/a,n/a,n/a,n/a,n/a,n/a,n/a,n/a,n/a,n/a,n/a,n/a,n/a,n/a,1.19E+00,
3074713,3074-71-3,"2,3-DIMETHYL HEPTANE",n/a,n/a,n/a,n/a,n/a,n/a,n/a,n/a,n/a,n/a,n/a,n/a,n/a,n/a,n/a,n/a,n/a,n/a,n/a,n/a,n/a,n/a,n/a,n/a,n/a,1.09E+00,
3096502,3096-50-2,N-(9-OXO-2-FLUORENYL)ACETAMIDE,n/a,n/a,n/a,n/a,n/a,n/a,n/a,n/a,n/a,1.15E-05,n/a,7.53E-06,n/a,1.73E-05,n/a,5.47E-08,n/a,1.08E-06,n/a,2.53E-06,n/a,Recommended,n/a,n/a,n/a,n/a,
3165933,3165-93-3,4-CHLORO-2-METHYLBENZENAMINE HYDROCHLORIDE,n/a,n/a,n/a,n/a,n/a,n/a,n/a,n/a,n/a,1.78E-06,n/a,9.65E-08,n/a,4.91E-06,n/a,4.77E-08,n/a,3.67E-07,n/a,6.92E-07,n/a,Recommended,n/a,n/a,n/a,n/a,
3178298,3178-29-8,4-PROPYL HEPTANE,n/a,n/a,n/a,n/a,n/a,n/a,n/a,n/a,n/a,n/a,n/a,n/a,n/a,n/a,n/a,n/a,n/a,n/a,n/a,n/a,n/a,n/a,n/a,n/a,n/a,1.02E+00,
3182261,3182-26-1,CFC-212,n/a,n/a,n/a,n/a,n/a,n/a,n/a,n/a,n/a,n/a,n/a,n/a,n/a,n/a,n/a,n/a,n/a,n/a,n/a,n/a,n/a,n/a,n/a,n/a,1.00E+00,n/a,
3208160,3208-16-0,2-ETHYL FURAN,n/a,n/a,n/a,n/a,n/a,n/a,n/a,n/a,n/a,n/a,n/a,n/a,n/a,n/a,n/a,n/a,n/a,n/a,n/a,n/a,n/a,n/a,n/a,n/a,n/a,7.09E+00,
3209221,3209-22-1,"2,3-DICHLORONITROBENZENE",n/a,1.64E+02,1.63E+02,2.98E+03,1.64E+01,1.45E+02,1.45E+02,Recommended,n/a,n/a,n/a,n/a,n/a,n/a,n/a,n/a,n/a,n/a,n/a,n/a,n/a,n/a,n/a,n/a,n/a,n/a,
3218028,3218-02-8,CYCLOHEXYLMETHYLAMINE,n/a,8.32E-01,7.56E-01,2.59E+02,2.12E-02,6.08E+00,6.08E+00,Interim,n/a,n/a,n/a,n/a,n/a,n/a,n/a,n/a,n/a,n/a,n/a,n/a,n/a,n/a,n/a,n/a,n/a,n/a,
3221612,3221-61-2,2-METHYL OCTANE,n/a,n/a,n/a,n/a,n/a,n/a,n/a,n/a,n/a,n/a,n/a,n/a,n/a,n/a,n/a,n/a,n/a,n/a,n/a,n/a,n/a,n/a,n/a,n/a,n/a,8.28E-01,
3244904,3244-90-4,TETRAPROPYL THIOPYROPHOSPHORATE,n/a,1.32E+04,1.57E+03,1.05E+06,7.34E-01,7.09E+03,7.09E+03,Recommended,n/a,n/a,n/a,n/a,n/a,n/a,n/a,n/a,n/a,n/a,n/a,n/a,n/a,n/a,n/a,n/a,n/a,n/a,
3252435,3252-43-5,DIBROMOACETONITRILE,n/a,3.04E+03,3.01E+03,3.56E+04,7.34E+01,9.21E+03,9.21E+03,Interim,n/a,n/a,n/a,n/a,n/a,n/a,n/a,n/a,n/a,n/a,n/a,n/a,n/a,n/a,n/a,n/a,n/a,n/a,
3254668,3254-66-8,DIISOPROPYL PARAOXON,n/a,5.37E+02,2.17E+02,2.97E+04,7.41E-02,1.63E+03,1.63E+03,Interim,n/a,n/a,n/a,n/a,n/a,n/a,n/a,n/a,n/a,n/a,n/a,n/a,n/a,n/a,n/a,n/a,n/a,n/a,
3268493,3268-49-3,"PROPANAL, 3-(METHYLTHIO)-",n/a,5.81E+00,5.03E+00,1.17E+03,4.54E-02,2.53E+02,2.53E+02,Recommended,n/a,n/a,n/a,n/a,n/a,n/a,n/a,n/a,n/a,n/a,n/a,n/a,n/a,n/a,n/a,n/a,n/a,n/a,
3276413,3276-41-3,"3,6-DIHYDRO-2-NITROSO-2H-1,2-OXAZINE",n/a,n/a,n/a,n/a,n/a,n/a,n/a,n/a,n/a,2.64E-07,n/a,2.14E-08,n/a,4.87E-07,n/a,1.02E-10,n/a,1.32E-08,n/a,2.05E-08,n/a,Recommended,n/a,n/a,n/a,n/a,
3296502,3296-50-2,"TRANS-BICYLCO[4,3,0]NONANE",n/a,5.08E-02,2.82E-02,1.12E+03,2.47E-03,3.00E+00,3.00E+00,Interim,n/a,n/a,n/a,n/a,n/a,n/a,n/a,n/a,n/a,n/a,n/a,n/a,n/a,n/a,n/a,n/a,n/a,n/a,
3296900,3296-90-0,"1,3-PROPANEDIOL, 2,2-BIS(BRME)-",n/a,n/a,n/a,n/a,n/a,n/a,n/a,n/a,n/a,6.76E-07,n/a,3.59E-07,n/a,6.04E-07,n/a,5.27E-10,n/a,1.92E-07,n/a,3.80E-07,n/a,Recommended,n/a,n/a,n/a,n/a,
3323533,3323-53-3,"ADIPIC ACID, COMPOUND WITH HEXANE-1,6-DIAMINE (1:1)",n/a,3.06E+00,2.86E+00,2.11E+01,9.68E-17,3.21E+00,3.21E+00,Interim,n/a,n/a,n/a,n/a,n/a,n/a,n/a,n/a,n/a,n/a,n/a,n/a,n/a,n/a,n/a,n/a,n/a,n/a,
3337711,3337-71-1,ASULAM,n/a,1.45E+01,1.30E+01,2.16E+02,3.67E-06,4.93E+01,4.93E+01,Recommended,n/a,n/a,4.30E-07,n/a,2.30E-07,n/a,8.31E-07,n/a,1.59E-10,n/a,1.90E-07,n/a,2.51E-07,n/a,Recommended,n/a,n/a,n/a,
3347226,3347-22-6,DITHIANONE,n/a,1.12E+03,5.80E+02,4.10E+04,1.00E-04,3.66E+02,3.66E+02,Recommended,n/a,n/a,2.03E-06,n/a,1.06E-06,n/a,5.24E-06,n/a,4.06E-08,n/a,4.67E-08,n/a,1.07E-07,n/a,Recommended,n/a,n/a,n/a,
3351051,3351-05-1,ACID BLUE 113,n/a,1.04E+00,6.44E-01,2.72E+01,2.40E-23,1.17E-02,1.17E-02,Interim,n/a,n/a,n/a,n/a,n/a,n/a,n/a,n/a,n/a,n/a,n/a,n/a,n/a,n/a,n/a,n/a,n/a,n/a,
3380345,3380-34-5,"5-CHLORO-2-(2,4-DICHLOROPHENOXY)PHENOL",n/a,2.40E+03,1.12E+03,9.92E+04,9.04E-01,1.50E+02,1.50E+02,Interim,n/a,n/a,n/a,n/a,n/a,n/a,n/a,n/a,n/a,n/a,n/a,n/a,n/a,n/a,n/a,n/a,n/a,n/a,
3383968,3383-96-8,ABATE,n/a,2.23E+03,2.98E+02,1.65E+05,1.24E-01,4.75E+01,4.75E+01,Recommended,n/a,n/a,n/a,n/a,n/a,n/a,n/a,n/a,n/a,n/a,n/a,n/a,n/a,n/a,n/a,n/a,n/a,n/a,
3387415,3387-41-5,SABINENE,n/a,n/a,n/a,n/a,n/a,n/a,n/a,n/a,n/a,n/a,n/a,n/a,n/a,n/a,n/a,n/a,n/a,n/a,n/a,n/a,n/a,n/a,n/a,n/a,n/a,4.19E+00,
3389717,3389-71-7,"1,2,3,4,7,7-HEXACHLORO-2,5-NORBORNADIENE",n/a,2.09E+00,1.34E+00,4.10E+04,5.18E-01,4.03E+02,4.03E+02,Interim,n/a,n/a,n/a,n/a,n/a,n/a,n/a,n/a,n/a,n/a,n/a,n/a,n/a,n/a,n/a,n/a,n/a,n/a,
3397624,3397-62-4,"2-CHLORO-4,6-DIAMINO-S-TRIAZINE",n/a,8.26E+02,8.15E+02,3.18E+03,3.72E-01,9.65E+02,9.65E+02,Interim,n/a,n/a,n/a,n/a,n/a,n/a,n/a,n/a,n/a,n/a,n/a,n/a,n/a,n/a,n/a,n/a,n/a,n/a,
3404613,3404-61-3,3-METHYL-1-HEXENE,n/a,n/a,n/a,n/a,n/a,n/a,n/a,n/a,n/a,n/a,n/a,n/a,n/a,n/a,n/a,n/a,n/a,n/a,n/a,n/a,n/a,n/a,n/a,n/a,n/a,4.41E+00,
3404726,3404-72-6,"2,3-DIMETHYL-1-PENTENE",n/a,n/a,n/a,n/a,n/a,n/a,n/a,n/a,n/a,n/a,n/a,n/a,n/a,n/a,n/a,n/a,n/a,n/a,n/a,n/a,n/a,n/a,n/a,n/a,n/a,5.15E+00,
3404737,3404-73-7,"3,3-DIMETHYL-1-PENTENE",n/a,n/a,n/a,n/a,n/a,n/a,n/a,n/a,n/a,n/a,n/a,n/a,n/a,n/a,n/a,n/a,n/a,n/a,n/a,n/a,n/a,n/a,n/a,n/a,n/a,4.91E+00,
3452979,3452-97-9,ISONONYL ALCOHOL,n/a,2.02E+00,2.04E+00,4.04E+02,1.15E-01,3.22E+01,3.22E+01,Interim,n/a,n/a,n/a,n/a,n/a,n/a,n/a,n/a,n/a,n/a,n/a,n/a,n/a,n/a,n/a,n/a,n/a,n/a,
3478942,3478-94-2,PIPERALIN,n/a,2.25E+02,3.55E+01,1.99E+04,6.59E-02,1.27E+02,1.27E+02,Interim,n/a,n/a,n/a,n/a,n/a,n/a,n/a,n/a,n/a,n/a,n/a,n/a,n/a,n/a,n/a,n/a,n/a,n/a,
3481207,3481-20-7,"2,3,5,6-TETRACHLOROANILINE",n/a,3.28E+03,2.91E+03,1.57E+05,2.83E+02,1.90E+03,1.90E+03,Interim,n/a,n/a,n/a,n/a,n/a,n/a,n/a,n/a,n/a,n/a,n/a,n/a,n/a,n/a,n/a,n/a,n/a,n/a,
3483123,3483-12-3,"1,4-DITHIOTHREITOL",n/a,2.82E+01,2.53E+01,6.96E+02,2.34E-06,2.25E+02,2.25E+02,Interim,n/a,n/a,n/a,n/a,n/a,n/a,n/a,n/a,n/a,n/a,n/a,n/a,n/a,n/a,n/a,n/a,n/a,n/a,
3522949,3522-94-9,"2,2,5-TRIMETHYL HEXANE",n/a,n/a,n/a,n/a,n/a,n/a,n/a,n/a,n/a,n/a,n/a,n/a,n/a,n/a,n/a,n/a,n/a,n/a,n/a,n/a,n/a,n/a,n/a,n/a,n/a,1.13E+00,
3544238,3544-23-8,3-METHOXY-4-AMINOAZOBENZENE,n/a,n/a,n/a,n/a,n/a,n/a,n/a,n/a,n/a,1.33E-06,n/a,6.50E-07,n/a,6.06E-06,n/a,6.30E-08,n/a,1.60E-07,n/a,3.85E-07,n/a,Recommended,n/a,n/a,n/a,n/a,
3547044,3547-04-4,DDE,n/a,9.55E+02,7.64E+02,1.79E+05,1.35E+02,2.33E+02,2.33E+02,Interim,n/a,n/a,n/a,n/a,n/a,n/a,n/a,n/a,n/a,n/a,n/a,n/a,n/a,n/a,n/a,n/a,n/a,n/a,
3558698,3558-69-8,"2,6-DIPHENYLPYRIDINE",n/a,2.07E+03,1.15E+03,7.16E+04,1.33E+00,2.28E+01,2.28E+01,Interim,n/a,n/a,n/a,n/a,n/a,n/a,n/a,n/a,n/a,n/a,n/a,n/a,n/a,n/a,n/a,n/a,n/a,n/a,
3567257,3567-25-7,SULCOFURON-SODIUM,n/a,5.09E+02,3.63E+02,1.03E+04,2.66E-08,1.60E+02,1.60E+02,Interim,n/a,n/a,n/a,n/a,n/a,n/a,n/a,n/a,n/a,n/a,n/a,n/a,n/a,n/a,n/a,n/a,n/a,n/a,
3570750,3570-75-0,NIFURTHIAZOLE,n/a,n/a,n/a,n/a,n/a,n/a,n/a,n/a,n/a,1.11E-05,n/a,6.37E-06,n/a,1.85E-05,n/a,4.69E-09,n/a,1.61E-06,n/a,2.72E-06,n/a,Recommended,n/a,n/a,n/a,n/a,
3638355,3638-35-5,ISOPROPYL CYCLOPROPANE,n/a,n/a,n/a,n/a,n/a,n/a,n/a,n/a,n/a,n/a,n/a,n/a,n/a,n/a,n/a,n/a,n/a,n/a,n/a,n/a,n/a,n/a,n/a,n/a,n/a,1.22E+00,
3648202,3648-20-2,DIUNDECYL PHTHALATE,n/a,4.00E+00,2.47E+00,1.05E+02,2.91E-07,3.91E-03,3.91E-03,Recommended,n/a,n/a,n/a,n/a,n/a,n/a,n/a,n/a,n/a,n/a,n/a,n/a,n/a,n/a,n/a,n/a,n/a,n/a,
3653483,3653-48-3,MCPA - SODIUM SALT,n/a,1.32E+01,1.23E+01,9.33E+01,1.40E-12,1.40E+01,1.40E+01,Interim,n/a,n/a,n/a,n/a,n/a,n/a,n/a,n/a,n/a,n/a,n/a,n/a,n/a,n/a,n/a,n/a,n/a,n/a,
3687465,3687-46-5,"9-OCTADECENOIC ACID (Z)-, DECYL ESTER",n/a,5.77E-03,5.28E-04,1.11E+00,3.84E-06,6.98E-05,6.98E-05,Recommended,n/a,n/a,n/a,n/a,n/a,n/a,n/a,n/a,n/a,n/a,n/a,n/a,n/a,n/a,n/a,n/a,n/a,n/a,
3688537,3688-53-7,2-(2-FURYL)-3-(5-NO2FURYL)ACRYLAMIDE,n/a,n/a,n/a,n/a,n/a,n/a,n/a,n/a,n/a,9.87E-07,n/a,2.99E-07,n/a,2.99E-06,n/a,6.18E-10,n/a,1.67E-08,n/a,2.40E-08,n/a,Recommended,n/a,n/a,n/a,n/a,
3689245,3689-24-5,SULFOTEPP,n/a,2.86E+03,1.02E+03,1.38E+06,5.32E+00,3.53E+04,3.53E+04,Interim,n/a,n/a,8.12E-06,n/a,7.91E-07,n/a,8.82E-05,n/a,1.80E-06,n/a,2.30E-06,n/a,1.29E-05,n/a,Recommended,n/a,n/a,n/a,
3693229,3693-22-9,2-DIBENZOFURANAMINE,n/a,n/a,n/a,n/a,n/a,n/a,n/a,n/a,n/a,7.82E-06,n/a,1.08E-06,n/a,4.27E-05,n/a,2.42E-07,n/a,2.04E-07,n/a,6.43E-07,n/a,Recommended,n/a,n/a,n/a,n/a,
3698837,3698-83-7,"BENZENE, 1,5-DICHLORO-2,4-DINITRO-",n/a,4.78E+04,3.95E+04,6.89E+05,6.75E+01,2.24E+04,2.24E+04,Recommended,n/a,n/a,n/a,n/a,n/a,n/a,n/a,n/a,n/a,n/a,n/a,n/a,n/a,n/a,n/a,n/a,n/a,n/a,
3728561,3728-56-1,1-ETHYL-4-METHYL CYCLOHEXANE,n/a,n/a,n/a,n/a,n/a,n/a,n/a,n/a,n/a,n/a,n/a,n/a,n/a,n/a,n/a,n/a,n/a,n/a,n/a,n/a,n/a,n/a,n/a,n/a,n/a,1.44E+00,
3734483,3734-48-3,CHLORDENE,n/a,6.48E+00,3.37E+00,1.83E+04,1.18E+00,6.01E+01,6.01E+01,Interim,n/a,n/a,n/a,n/a,n/a,n/a,n/a,n/a,n/a,n/a,n/a,n/a,n/a,n/a,n/a,n/a,n/a,n/a,
3735011,3735-01-1,PARATHION-AMINO,n/a,2.54E+01,5.68E+00,1.55E+03,9.23E-04,3.86E+01,3.86E+01,Interim,n/a,n/a,n/a,n/a,n/a,n/a,n/a,n/a,n/a,n/a,n/a,n/a,n/a,n/a,n/a,n/a,n/a,n/a,
3739386,3739-38-6,M-PHENOXYBENZOIC ACID,n/a,2.21E+01,1.63E+01,4.60E+02,1.26E-03,1.52E+01,1.52E+01,Interim,n/a,n/a,n/a,n/a,n/a,n/a,n/a,n/a,n/a,n/a,n/a,n/a,n/a,n/a,n/a,n/a,n/a,n/a,
3757764,3757-76-4,"PHENOL, 2,4-DICHLORO-, SODIUM SALT",n/a,2.83E+03,2.57E+03,2.45E+04,7.92E-08,2.59E+03,2.59E+03,Interim,n/a,n/a,n/a,n/a,n/a,n/a,n/a,n/a,n/a,n/a,n/a,n/a,n/a,n/a,n/a,n/a,n/a,n/a,
3761533,3761-53-3,"C,I, ACID RED 26",n/a,n/a,n/a,n/a,n/a,n/a,n/a,n/a,n/a,2.94E-07,n/a,2.37E-07,n/a,1.37E-07,n/a,2.17E-10,n/a,8.46E-11,n/a,1.32E-10,n/a,Interim,n/a,n/a,n/a,n/a,
3766812,3766-81-2,N-METHYL O-SEC-BUTYL PHENYL CARBAMATE,n/a,9.23E+02,8.51E+02,9.81E+03,1.73E-01,1.94E+03,1.94E+03,Interim,n/a,n/a,n/a,n/a,n/a,n/a,n/a,n/a,n/a,n/a,n/a,n/a,n/a,n/a,n/a,n/a,n/a,n/a,
3771195,3771-19-5,NAFENOIC ACID,n/a,n/a,n/a,n/a,n/a,n/a,n/a,n/a,n/a,3.68E-06,n/a,1.64E-06,n/a,7.47E-06,n/a,1.74E-08,n/a,1.51E-08,n/a,9.16E-07,n/a,Interim,n/a,n/a,n/a,n/a,
3772949,3772-94-9,"DODECANOIC ACID, PENTACHLOROPHENYL ESTER",n/a,3.40E-01,8.58E-02,8.84E+01,1.01E-02,5.50E-02,5.50E-02,Interim,n/a,n/a,n/a,n/a,n/a,n/a,n/a,n/a,n/a,n/a,n/a,n/a,n/a,n/a,n/a,n/a,n/a,n/a,
3775551,3775-55-1,"2-AMINO-5-(5-NITRO-2-FURYL)-1,3,4-OXADIAZOLE",n/a,n/a,n/a,n/a,n/a,n/a,n/a,n/a,n/a,1.58E-05,n/a,9.25E-06,n/a,2.54E-05,n/a,4.78E-09,n/a,1.49E-06,n/a,1.94E-06,n/a,Recommended,n/a,n/a,n/a,n/a,
3811492,3811-49-2,SALITHION,n/a,6.33E+00,4.08E+00,2.63E+03,5.38E-02,3.79E+01,3.79E+01,Interim,n/a,n/a,n/a,n/a,n/a,n/a,n/a,n/a,n/a,n/a,n/a,n/a,n/a,n/a,n/a,n/a,n/a,n/a,
3813056,3813-05-6,BENAZOLIN,n/a,1.77E+01,1.63E+01,1.50E+02,9.11E-09,2.11E+01,2.11E+01,Interim,n/a,n/a,n/a,n/a,n/a,n/a,n/a,n/a,n/a,n/a,n/a,n/a,n/a,n/a,n/a,n/a,n/a,n/a,
3822682,3822-68-2,HFE-125,n/a,n/a,n/a,n/a,n/a,n/a,n/a,n/a,1.49E+04,n/a,n/a,n/a,n/a,n/a,n/a,n/a,n/a,n/a,n/a,n/a,n/a,n/a,n/a,n/a,n/a,n/a,
3844459,3844-45-9,BRILLIANT BLUE FCF,n/a,1.84E-05,1.14E-05,4.83E-04,1.36E-50,2.06E-07,2.06E-07,Interim,n/a,n/a,n/a,n/a,n/a,n/a,n/a,n/a,n/a,n/a,n/a,n/a,n/a,n/a,n/a,n/a,n/a,n/a,
3878191,3878-19-1,FUBERIDAZOLE,n/a,9.74E+01,2.18E+01,5.51E+03,7.67E-07,1.07E+01,1.07E+01,Recommended,n/a,n/a,n/a,n/a,n/a,n/a,n/a,n/a,n/a,n/a,n/a,n/a,n/a,n/a,n/a,n/a,n/a,n/a,
3899363,3899-36-3,3-METHYL-TRANS-3-HEXENE,n/a,n/a,n/a,n/a,n/a,n/a,n/a,n/a,n/a,n/a,n/a,n/a,n/a,n/a,n/a,n/a,n/a,n/a,n/a,n/a,n/a,n/a,n/a,n/a,n/a,9.72E+00,
3926623,3926-62-3,"CHLOROACETIC ACID, SODIUM SALT",n/a,3.84E+00,3.80E+00,1.40E+01,3.31E-11,4.45E+00,4.45E+00,Interim,n/a,n/a,n/a,n/a,n/a,n/a,n/a,n/a,n/a,n/a,n/a,n/a,n/a,n/a,n/a,n/a,n/a,n/a,
3942549,3942-54-9,N-ME-2-CHLOROPHENYLCARBAMATE,n/a,3.88E+02,3.54E+02,6.58E+03,1.23E+00,1.14E+03,1.14E+03,Interim,n/a,n/a,n/a,n/a,n/a,n/a,n/a,n/a,n/a,n/a,n/a,n/a,n/a,n/a,n/a,n/a,n/a,n/a,
3978812,3978-81-2,4-(TERT-BUTYL)PYRIDINE,n/a,1.04E+00,1.03E+00,6.59E+01,1.50E-01,1.99E+00,1.99E+00,Interim,n/a,n/a,n/a,n/a,n/a,n/a,n/a,n/a,n/a,n/a,n/a,n/a,n/a,n/a,n/a,n/a,n/a,n/a,
4005510,4005-51-0,"2-AMINO-1,3,4-THIADIAZOLE",n/a,3.43E+00,3.03E+00,6.12E+01,8.55E-07,1.46E+01,1.46E+01,Interim,n/a,n/a,n/a,n/a,n/a,n/a,n/a,n/a,n/a,n/a,n/a,n/a,n/a,n/a,n/a,n/a,n/a,n/a,
4032864,4032-86-4,"3,3-DIMETHYL HEPTANE",n/a,n/a,n/a,n/a,n/a,n/a,n/a,n/a,n/a,n/a,n/a,n/a,n/a,n/a,n/a,n/a,n/a,n/a,n/a,n/a,n/a,n/a,n/a,n/a,n/a,1.13E+00,
4032933,4032-93-3,"2,3,6-TRIMETHYL HEPTANE",n/a,n/a,n/a,n/a,n/a,n/a,n/a,n/a,n/a,n/a,n/a,n/a,n/a,n/a,n/a,n/a,n/a,n/a,n/a,n/a,n/a,n/a,n/a,n/a,n/a,9.01E-01,
4032944,4032-94-4,"2,4-DIMETHYL OCTANE",n/a,n/a,n/a,n/a,n/a,n/a,n/a,n/a,n/a,n/a,n/a,n/a,n/a,n/a,n/a,n/a,n/a,n/a,n/a,n/a,n/a,n/a,n/a,n/a,n/a,1.03E+00,
4044659,4044-65-9,"BENZENE, 1,4-DIISOTHIOCYANATO-",n/a,8.48E+03,7.56E+03,2.04E+05,3.41E+01,1.55E+03,1.55E+03,Interim,n/a,n/a,n/a,n/a,n/a,n/a,n/a,n/a,n/a,n/a,n/a,n/a,n/a,n/a,n/a,n/a,n/a,n/a,
4050457,4050-45-7,TRANS-2-HEXENE,n/a,n/a,n/a,n/a,n/a,n/a,n/a,n/a,n/a,n/a,n/a,n/a,n/a,n/a,n/a,n/a,n/a,n/a,n/a,n/a,n/a,n/a,n/a,n/a,n/a,8.62E+00,
4075790,4075-79-0,"ACETAMIDE, N- 1,1'-BIPHENYL -4-YL-",n/a,n/a,n/a,n/a,n/a,n/a,n/a,n/a,n/a,5.00E-05,n/a,2.91E-05,n/a,1.16E-04,n/a,9.33E-07,n/a,1.82E-06,n/a,4.14E-06,n/a,Recommended,n/a,n/a,n/a,n/a,
4075814,4075-81-4,CALCIUM PROPIONATE,n/a,5.17E+00,5.01E+00,2.53E+01,1.10E-05,6.00E+00,6.00E+00,Interim,n/a,n/a,n/a,n/a,n/a,n/a,n/a,n/a,n/a,n/a,n/a,n/a,n/a,n/a,n/a,n/a,n/a,n/a,
4080313,4080-31-3,N-(3-CHLORALLYL) HEXAMINIUM CHLORIDE,n/a,3.99E+01,4.00E+01,1.51E+03,2.08E-09,6.20E+02,6.20E+02,Recommended,n/a,n/a,n/a,n/a,n/a,n/a,n/a,n/a,n/a,n/a,n/a,n/a,n/a,n/a,n/a,n/a,n/a,n/a,
4098719,4098-71-9,"CYCLOHEXANE, 5-ISOCYANATO-1-(ISOCYANATOMETHYL)-1,3,3-TRIMETHYL-",n/a,1.55E+00,1.15E+00,2.50E+02,1.29E-01,2.66E-01,2.66E-01,Recommended,n/a,n/a,n/a,n/a,n/a,n/a,n/a,n/a,n/a,n/a,n/a,n/a,n/a,n/a,n/a,n/a,n/a,n/a,
4104147,4104-14-7,"ACETIMIDOYLPHOSPHORAMIDOTHIOIC ACID, O,O-BIS(P-CHLOROPHENYL) ESTER",n/a,9.78E+02,1.37E+02,5.77E+04,6.66E-03,5.15E+01,5.15E+01,Interim,n/a,n/a,n/a,n/a,n/a,n/a,n/a,n/a,n/a,n/a,n/a,n/a,n/a,n/a,n/a,n/a,n/a,n/a,
4104750,4104-75-0,"UREA,1-METHYL-1-PHENYL-2-THIO",n/a,3.96E+00,1.57E+00,1.94E+02,7.69E-06,1.22E+01,1.22E+01,Interim,n/a,n/a,n/a,n/a,n/a,n/a,n/a,n/a,n/a,n/a,n/a,n/a,n/a,n/a,n/a,n/a,n/a,n/a,
4106665,4106-66-5,3-DIBENZOFURANAMINE,n/a,n/a,n/a,n/a,n/a,n/a,n/a,n/a,n/a,7.38E-06,n/a,9.97E-07,n/a,4.10E-05,n/a,2.32E-07,n/a,1.96E-07,n/a,6.17E-07,n/a,Recommended,n/a,n/a,n/a,n/a,
4110445,4110-44-5,"3,3-DIMETHYL OCTANE",n/a,n/a,n/a,n/a,n/a,n/a,n/a,n/a,n/a,n/a,n/a,n/a,n/a,n/a,n/a,n/a,n/a,n/a,n/a,n/a,n/a,n/a,n/a,n/a,n/a,1.09E+00,
4164287,4164-28-7,DIMETHYLNITRAMINE,n/a,n/a,n/a,n/a,n/a,n/a,n/a,n/a,n/a,8.13E-05,n/a,3.39E-05,n/a,8.16E-05,n/a,2.23E-08,n/a,1.97E-05,n/a,2.82E-05,n/a,Recommended,n/a,n/a,n/a,n/a,
4170303,4170-30-3,CROTONALDEHYDE,n/a,1.23E+01,1.25E+01,2.79E+03,3.65E-01,5.76E+02,5.76E+02,Recommended,n/a,n/a,n/a,n/a,n/a,n/a,n/a,n/a,n/a,n/a,n/a,n/a,n/a,n/a,n/a,n/a,n/a,9.39E+00,
4200957,4200-95-7,1-HEPTADECANAMINE,n/a,8.50E+00,1.15E+00,3.40E+03,3.24E-02,4.03E-01,4.03E-01,Interim,n/a,n/a,n/a,n/a,n/a,n/a,n/a,n/a,n/a,n/a,n/a,n/a,n/a,n/a,n/a,n/a,n/a,n/a,
4214760,4214-76-0,"2-PYRIDINAMINE, 5-NITRO-",n/a,7.47E+01,7.11E+01,4.71E+02,2.54E-04,9.29E+01,9.29E+01,Interim,n/a,n/a,n/a,n/a,n/a,n/a,n/a,n/a,n/a,n/a,n/a,n/a,n/a,n/a,n/a,n/a,n/a,n/a,
4238715,4238-71-5,"1H-IMIDAZOLE, 1-(PHENYLMETHYL)-",n/a,2.58E+00,9.94E-01,1.26E+02,5.05E-05,7.77E-01,7.77E-01,Interim,n/a,n/a,n/a,n/a,n/a,n/a,n/a,n/a,n/a,n/a,n/a,n/a,n/a,n/a,n/a,n/a,n/a,n/a,
4253898,4253-89-8,ISOPROPYL DISULFIDE,n/a,1.09E-02,4.42E-03,5.24E+02,3.68E-04,4.67E+00,4.67E+00,Interim,n/a,n/a,n/a,n/a,n/a,n/a,n/a,n/a,n/a,n/a,n/a,n/a,n/a,n/a,n/a,n/a,n/a,n/a,
4259001,4259-00-1,"1,1,2-TRIMETHYL CYCLOPENTANE",n/a,n/a,n/a,n/a,n/a,n/a,n/a,n/a,n/a,n/a,n/a,n/a,n/a,n/a,n/a,n/a,n/a,n/a,n/a,n/a,n/a,n/a,n/a,n/a,n/a,1.12E+00,
4259158,4259-15-8,"ZINC, BIS[O,O-BIS(2-ETHYLHEXYL) PHOSPHORODITHIOATO-S,S']-, (T-4)-",n/a,2.06E-01,8.50E-03,7.11E+02,1.64E-04,8.27E-02,8.27E-02,Interim,n/a,n/a,n/a,n/a,n/a,n/a,n/a,n/a,n/a,n/a,n/a,n/a,n/a,n/a,n/a,n/a,n/a,n/a,
4292755,4292-75-5,HEXYL CYCLOHEXANE,n/a,n/a,n/a,n/a,n/a,n/a,n/a,n/a,n/a,n/a,n/a,n/a,n/a,n/a,n/a,n/a,n/a,n/a,n/a,n/a,n/a,n/a,n/a,n/a,n/a,6.45E-01,
4292926,4292-92-6,PENTYL CYCLOHEXANE,n/a,n/a,n/a,n/a,n/a,n/a,n/a,n/a,n/a,n/a,n/a,n/a,n/a,n/a,n/a,n/a,n/a,n/a,n/a,n/a,n/a,n/a,n/a,n/a,n/a,8.39E-01,
4301502,4301-50-2,FULENETIL,n/a,7.00E+02,4.07E+02,3.00E+04,1.39E+00,4.73E+01,4.73E+01,Interim,n/a,n/a,n/a,n/a,n/a,n/a,n/a,n/a,n/a,n/a,n/a,n/a,n/a,n/a,n/a,n/a,n/a,n/a,
4329037,4329-03-7,ETHOXYCHLOR,n/a,1.17E+02,3.02E+01,2.33E+04,3.34E+00,3.45E+01,3.45E+01,Interim,n/a,n/a,n/a,n/a,n/a,n/a,n/a,n/a,n/a,n/a,n/a,n/a,n/a,n/a,n/a,n/a,n/a,n/a,
4342363,4342-36-3,"STANNANE,(BENZOYLOXY)TRIBUTYL",n/a,8.54E+03,2.33E+03,9.23E+05,8.02E+00,2.42E+02,2.42E+02,Interim,n/a,n/a,n/a,n/a,n/a,n/a,n/a,n/a,n/a,n/a,n/a,n/a,n/a,n/a,n/a,n/a,n/a,n/a,
4403901,4403-90-1,ALIZARIN CYANINE GREEN F,n/a,1.54E+02,9.66E+01,3.98E+03,9.21E-20,4.91E+00,4.91E+00,Interim,n/a,n/a,n/a,n/a,n/a,n/a,n/a,n/a,n/a,n/a,n/a,n/a,n/a,n/a,n/a,n/a,n/a,n/a,
4412913,4412-91-3,3-HYDROXYMETHYLFURAN,n/a,4.28E-01,2.56E-01,2.52E+01,1.26E-04,5.05E+00,5.05E+00,Interim,n/a,n/a,n/a,n/a,n/a,n/a,n/a,n/a,n/a,n/a,n/a,n/a,n/a,n/a,n/a,n/a,n/a,n/a,
4455269,4455-26-9,"1-OCTANAMINE, N-METHYL-N-OCTYL-",n/a,5.41E+00,6.05E-01,1.37E+04,2.69E-02,3.28E+00,3.28E+00,Interim,n/a,n/a,n/a,n/a,n/a,n/a,n/a,n/a,n/a,n/a,n/a,n/a,n/a,n/a,n/a,n/a,n/a,n/a,
4516692,4516-69-2,"1,1,3-TRIMETHYL CYCLOPENTANE",n/a,n/a,n/a,n/a,n/a,n/a,n/a,n/a,n/a,n/a,n/a,n/a,n/a,n/a,n/a,n/a,n/a,n/a,n/a,n/a,n/a,n/a,n/a,n/a,n/a,1.01E+00,
4548532,4548-53-2,PONCEAU SX,n/a,n/a,n/a,n/a,n/a,n/a,n/a,n/a,n/a,1.46E-08,n/a,1.18E-08,n/a,6.73E-09,n/a,1.07E-11,n/a,4.08E-12,n/a,6.37E-12,n/a,Interim,n/a,n/a,n/a,n/a,
4593902,4593-90-2,3-PHENYL-N-BUTYRIC ACID,n/a,1.23E+00,9.61E-01,3.47E+01,1.03E-03,2.24E+00,2.24E+00,Interim,n/a,n/a,n/a,n/a,n/a,n/a,n/a,n/a,n/a,n/a,n/a,n/a,n/a,n/a,n/a,n/a,n/a,n/a,
4655349,4655-34-9,ISOPROPYL METHACRYLATE,n/a,2.48E-02,2.46E-02,1.13E+02,2.09E-03,4.98E+00,4.98E+00,Interim,n/a,n/a,n/a,n/a,n/a,n/a,n/a,n/a,n/a,n/a,n/a,n/a,n/a,n/a,n/a,n/a,n/a,n/a,
4658280,4658-28-0,AZIPROTRYNE,n/a,9.02E+01,7.58E+01,1.14E+03,1.71E-07,6.79E+01,6.79E+01,Interim,n/a,n/a,n/a,n/a,n/a,n/a,n/a,n/a,n/a,n/a,n/a,n/a,n/a,n/a,n/a,n/a,n/a,n/a,
4680788,4680-78-8,GUINEA GREEN B,n/a,4.42E-05,2.73E-05,1.16E-03,1.68E-45,1.65E-07,1.65E-07,Interim,n/a,1.92E-08,n/a,1.55E-08,n/a,6.39E-13,n/a,8.90E-15,n/a,9.09E-17,n/a,1.11E-13,n/a,Interim,n/a,n/a,n/a,n/a,
4684940,4684-94-0,6-CHLOROPICOLINIC ACID,n/a,9.86E+02,9.67E+02,4.22E+03,2.48E-01,1.17E+03,1.17E+03,Interim,n/a,n/a,n/a,n/a,n/a,n/a,n/a,n/a,n/a,n/a,n/a,n/a,n/a,n/a,n/a,n/a,n/a,n/a,
4685147,4685-14-7,PARAQUAT,n/a,2.90E+03,1.33E+03,1.19E+05,2.34E-07,1.56E+02,1.56E+02,Interim,n/a,n/a,3.25E-06,n/a,1.63E-06,n/a,5.11E-06,n/a,2.55E-09,n/a,6.72E-09,n/a,8.53E-09,n/a,Interim,n/a,n/a,n/a,
4719044,4719-04-4,"1,3,5-TRIAZINE-1,3,5(2H,4H,6H)-TRIETHANOL",n/a,3.64E+01,3.28E+01,1.42E+03,4.44E-08,4.94E+02,4.94E+02,Interim,n/a,n/a,n/a,n/a,n/a,n/a,n/a,n/a,n/a,n/a,n/a,n/a,n/a,n/a,n/a,n/a,n/a,n/a,
4726141,4726-14-1,NITRALIN,n/a,7.90E+02,4.65E+02,2.67E+04,1.43E-02,9.46E+02,9.46E+02,Interim,n/a,n/a,n/a,n/a,n/a,n/a,n/a,n/a,n/a,n/a,n/a,n/a,n/a,n/a,n/a,n/a,n/a,n/a,
4780794,4780-79-4,1-NAPHTHALENEMETHANOL,n/a,8.57E+00,4.34E+00,3.56E+02,2.32E-05,1.66E+01,1.66E+01,Interim,n/a,n/a,n/a,n/a,n/a,n/a,n/a,n/a,n/a,n/a,n/a,n/a,n/a,n/a,n/a,n/a,n/a,n/a,
4798441,4798-44-1,1-HEXEN-3-OL,n/a,1.32E+00,1.31E+00,3.27E+02,3.14E-02,5.37E+01,5.37E+01,Interim,n/a,n/a,n/a,n/a,n/a,n/a,n/a,n/a,n/a,n/a,n/a,n/a,n/a,n/a,n/a,n/a,n/a,n/a,
4812220,4812-22-0,3-NITRO-3-HEXENE,n/a,n/a,n/a,n/a,n/a,n/a,n/a,n/a,n/a,1.39E-04,n/a,5.74E-06,n/a,7.03E-05,n/a,1.10E-06,n/a,3.71E-06,n/a,1.08E-05,n/a,Interim,n/a,n/a,n/a,n/a,
4824786,4824-78-6,BROMOPHOS ETHYL,n/a,2.39E+02,6.68E+01,5.51E+04,1.45E+00,2.55E+02,2.55E+02,Recommended,n/a,n/a,3.52E-05,n/a,1.18E-05,n/a,6.74E-03,n/a,3.71E-04,n/a,3.15E-05,n/a,3.51E-05,n/a,Recommended,n/a,n/a,n/a,
4839467,4839-46-7,"PENTANEDIOIC ACID, 3,3-DIMETHYL-",n/a,7.77E-02,6.85E-02,8.15E-01,5.17E-08,7.81E-02,7.81E-02,Interim,n/a,n/a,n/a,n/a,n/a,n/a,n/a,n/a,n/a,n/a,n/a,n/a,n/a,n/a,n/a,n/a,n/a,n/a,
4901513,4901-51-3,"2,3,4,5-TETRACHLOROPHENOL",n/a,1.71E+03,1.35E+03,4.39E+04,1.10E+01,1.30E+02,1.30E+02,Interim,n/a,n/a,n/a,n/a,n/a,n/a,n/a,n/a,n/a,n/a,n/a,n/a,n/a,n/a,n/a,n/a,n/a,n/a,
4904614,4904-61-4,"1,5,9-CYCLODODECATRIENE",n/a,1.43E-02,7.47E-04,5.95E+02,6.02E-05,3.93E-01,3.93E-01,Recommended,n/a,n/a,n/a,n/a,n/a,n/a,n/a,n/a,n/a,n/a,n/a,n/a,n/a,n/a,n/a,n/a,n/a,n/a,
4914890,4914-89-0,3-METHYL-CIS-3-HEXENE,n/a,n/a,n/a,n/a,n/a,n/a,n/a,n/a,n/a,n/a,n/a,n/a,n/a,n/a,n/a,n/a,n/a,n/a,n/a,n/a,n/a,n/a,n/a,n/a,n/a,9.72E+00,
4914914,4914-91-4,"3,4-DIMETHYL-CIS-2-PENTENE",n/a,n/a,n/a,n/a,n/a,n/a,n/a,n/a,n/a,n/a,n/a,n/a,n/a,n/a,n/a,n/a,n/a,n/a,n/a,n/a,n/a,n/a,n/a,n/a,n/a,9.15E+00,
4920778,4920-77-8,3-METHYL-2-NITROPHENOL,n/a,1.61E+01,1.32E+01,9.76E+02,1.45E-01,3.42E+01,3.42E+01,Interim,n/a,n/a,n/a,n/a,n/a,n/a,n/a,n/a,n/a,n/a,n/a,n/a,n/a,n/a,n/a,n/a,n/a,n/a,
5064313,5064-31-3,TRISODIUM NITRILOTRIACETATE,n/a,7.85E-01,4.91E-01,2.82E+01,1.09E-13,3.02E+00,3.02E+00,Interim,n/a,n/a,n/a,n/a,n/a,n/a,n/a,n/a,n/a,n/a,n/a,n/a,n/a,n/a,n/a,n/a,n/a,n/a,
5103719,5103-71-9,CIS-CHLORDANE,n/a,1.05E+04,8.18E+03,8.62E+05,1.52E+03,2.47E+03,2.47E+03,Interim,n/a,n/a,n/a,n/a,n/a,n/a,n/a,n/a,n/a,n/a,n/a,n/a,n/a,n/a,n/a,n/a,n/a,n/a,
5103742,5103-74-2,TRANS-CHLORDANE,n/a,1.39E+03,1.09E+03,1.14E+05,1.97E+02,3.27E+02,3.27E+02,Interim,n/a,n/a,n/a,n/a,n/a,n/a,n/a,n/a,n/a,n/a,n/a,n/a,n/a,n/a,n/a,n/a,n/a,n/a,
5123637,5123-63-7,"3-(DIETHYLAMINO)BENZENESULFONIC ACID, SODIUM SAL",n/a,1.14E+01,1.13E+01,4.55E+01,2.10E-14,1.35E+01,1.35E+01,Interim,n/a,n/a,n/a,n/a,n/a,n/a,n/a,n/a,n/a,n/a,n/a,n/a,n/a,n/a,n/a,n/a,n/a,n/a,
5131602,5131-60-2,"1,3-BENZENEDIAMINE, 4-CHLORO-",n/a,n/a,n/a,n/a,n/a,n/a,n/a,n/a,n/a,6.09E-08,n/a,1.20E-08,n/a,2.97E-07,n/a,8.26E-11,n/a,5.68E-08,n/a,8.51E-08,n/a,Recommended,n/a,n/a,n/a,n/a,
5131668,5131-66-8,N-BUTOXY-2-PROPANOL (PROPYLENE GLYCOL N-BUTYL ETHER),n/a,n/a,n/a,n/a,n/a,n/a,n/a,n/a,n/a,n/a,n/a,n/a,n/a,n/a,n/a,n/a,n/a,n/a,n/a,n/a,n/a,n/a,n/a,n/a,n/a,2.72E+00,
5141208,5141-20-8,LIGHT GREEN SF YELLOWISH,n/a,9.26E-06,5.74E-06,2.42E-04,5.37E-49,1.03E-07,1.03E-07,Interim,n/a,3.15E-08,n/a,2.82E-08,n/a,3.73E-13,n/a,2.57E-15,n/a,1.59E-16,n/a,3.59E-13,n/a,Interim,n/a,n/a,n/a,n/a,
5161046,5161-04-6,P-ISOBUTYL TOLUENE; 1-METHYL-4-(2-METHYLPROPYL) BENZENE,n/a,n/a,n/a,n/a,n/a,n/a,n/a,n/a,n/a,n/a,n/a,n/a,n/a,n/a,n/a,n/a,n/a,n/a,n/a,n/a,n/a,n/a,n/a,n/a,n/a,3.88E+00,
5192030,5192-03-0,5-AMINOINDOLE,n/a,2.14E+00,4.07E-01,1.20E+02,5.89E-07,7.00E-01,7.00E-01,Interim,n/a,n/a,n/a,n/a,n/a,n/a,n/a,n/a,n/a,n/a,n/a,n/a,n/a,n/a,n/a,n/a,n/a,n/a,
5194514,5194-51-4,"TRANS,TRANS-2,4-HEXADIENE",n/a,n/a,n/a,n/a,n/a,n/a,n/a,n/a,n/a,n/a,n/a,n/a,n/a,n/a,n/a,n/a,n/a,n/a,n/a,n/a,n/a,n/a,n/a,n/a,n/a,8.83E+00,
5208877,5208-87-7,1'-HYDROXYSAFROLE,n/a,n/a,n/a,n/a,n/a,n/a,n/a,n/a,n/a,1.41E-06,n/a,3.20E-07,n/a,2.58E-06,n/a,3.50E-09,n/a,5.15E-07,n/a,1.25E-06,n/a,Recommended,n/a,n/a,n/a,n/a,
5208935,5208-93-5,"1,4-PENTADIEN-3-OL, 3-METHYL-1-(2,6,6-TRIMETHYL-1-CYCLOHEXEN-1-YL)-",n/a,7.95E+00,2.88E+00,6.43E+03,7.09E-02,9.39E+01,9.39E+01,Recommended,n/a,n/a,n/a,n/a,n/a,n/a,n/a,n/a,n/a,n/a,n/a,n/a,n/a,n/a,n/a,n/a,n/a,n/a,
5221498,5221-49-8,PYRIMITHATE,n/a,3.08E+01,5.75E+00,7.59E+03,1.97E-02,3.58E+02,3.58E+02,Interim,n/a,n/a,n/a,n/a,n/a,n/a,n/a,n/a,n/a,n/a,n/a,n/a,n/a,n/a,n/a,n/a,n/a,n/a,
5221534,5221-53-4,DIMETHIRIMOL,n/a,9.29E+00,3.93E+00,4.49E+02,3.41E-05,3.62E+01,3.62E+01,Interim,n/a,n/a,n/a,n/a,n/a,n/a,n/a,n/a,n/a,n/a,n/a,n/a,n/a,n/a,n/a,n/a,n/a,n/a,
5234684,5234-68-4,CARBOXIN,n/a,5.30E+02,2.34E+02,2.47E+04,2.48E-04,1.62E+03,1.62E+03,Recommended,n/a,n/a,2.68E-07,n/a,7.10E-08,n/a,1.09E-06,n/a,1.54E-09,n/a,7.16E-08,n/a,1.47E-07,n/a,Recommended,n/a,n/a,n/a,
5259881,5259-88-1,OXYCARBOXIN,n/a,4.75E+01,2.98E+01,1.82E+03,1.00E-06,2.54E+02,2.54E+02,Recommended,n/a,n/a,n/a,n/a,n/a,n/a,n/a,n/a,n/a,n/a,n/a,n/a,n/a,n/a,n/a,n/a,n/a,n/a,
5307142,5307-14-2,"1,4-BENZENEDIAMINE, 2-NITRO-",n/a,n/a,n/a,n/a,n/a,n/a,n/a,n/a,n/a,1.50E-07,n/a,8.35E-08,n/a,2.72E-07,n/a,5.63E-11,n/a,5.36E-08,n/a,8.19E-08,n/a,Recommended,n/a,n/a,n/a,n/a,
5324845,5324-84-5,SODIUM 1-OCTANESULFONATE,n/a,3.93E-01,3.52E-01,3.59E+00,9.11E-15,3.42E-01,3.42E-01,Interim,n/a,n/a,n/a,n/a,n/a,n/a,n/a,n/a,n/a,n/a,n/a,n/a,n/a,n/a,n/a,n/a,n/a,n/a,
5328018,5328-01-8,1-ETHOXY-NAPHTHALIN,n/a,3.34E+00,1.63E+00,3.43E+03,5.11E-02,1.38E+01,1.38E+01,Interim,n/a,n/a,n/a,n/a,n/a,n/a,n/a,n/a,n/a,n/a,n/a,n/a,n/a,n/a,n/a,n/a,n/a,n/a,
5329146,5329-14-6,SULFAMIC ACID,n/a,1.57E+02,1.55E+02,5.95E+02,3.88E-16,1.83E+02,1.83E+02,Interim,n/a,n/a,n/a,n/a,n/a,n/a,n/a,n/a,n/a,n/a,n/a,n/a,n/a,n/a,n/a,n/a,n/a,n/a,
5367282,5367-28-2,4-CHLORO-2-METHYL-1-NITRO-BENZENE,n/a,1.22E+01,1.22E+01,3.59E+02,1.25E+00,1.14E+01,1.14E+01,Interim,n/a,n/a,n/a,n/a,n/a,n/a,n/a,n/a,n/a,n/a,n/a,n/a,n/a,n/a,n/a,n/a,n/a,n/a,
5377208,5377-20-8,METOMIDATE,n/a,1.98E+02,1.03E+02,7.25E+03,8.08E-04,5.68E+01,5.68E+01,Interim,n/a,n/a,n/a,n/a,n/a,n/a,n/a,n/a,n/a,n/a,n/a,n/a,n/a,n/a,n/a,n/a,n/a,n/a,
5392405,5392-40-5,CITRAL,n/a,1.50E+00,1.25E+00,1.21E+03,2.22E-02,1.05E+02,1.05E+02,Recommended,n/a,n/a,n/a,n/a,n/a,n/a,n/a,n/a,n/a,n/a,n/a,n/a,n/a,n/a,n/a,n/a,n/a,n/a,
5395755,5395-75-5,"3,6-DITHIAOCTANE",n/a,4.73E+00,2.22E+00,4.15E+02,4.23E-03,7.00E+00,7.00E+00,Interim,n/a,n/a,n/a,n/a,n/a,n/a,n/a,n/a,n/a,n/a,n/a,n/a,n/a,n/a,n/a,n/a,n/a,n/a,
5401945,5401-94-5,"1H-INDAZOLE, 5-NITRO-",n/a,5.56E+01,4.49E+01,8.51E+02,9.27E-04,4.46E+01,4.46E+01,Interim,n/a,n/a,n/a,n/a,n/a,n/a,n/a,n/a,n/a,n/a,n/a,n/a,n/a,n/a,n/a,n/a,n/a,n/a,
5444757,5444-75-7,2-ETHYL-HEXYL BENZOATE,n/a,n/a,n/a,n/a,n/a,n/a,n/a,n/a,n/a,n/a,n/a,n/a,n/a,n/a,n/a,n/a,n/a,n/a,n/a,n/a,n/a,n/a,n/a,n/a,n/a,9.81E-01,
5456280,5456-28-0,ETHYL SELENAC,n/a,n/a,n/a,n/a,n/a,n/a,n/a,n/a,n/a,2.13E-04,n/a,1.90E-04,n/a,1.51E-06,n/a,7.06E-07,n/a,6.52E-10,n/a,9.11E-09,n/a,Interim,n/a,n/a,n/a,n/a,
5464711,5464-71-1,"PROPANOIC ACID, 2-HYDROXY-, OCTYL ESTER",n/a,3.30E+01,2.73E+01,5.45E+02,2.39E-04,5.42E+01,5.42E+01,Recommended,n/a,n/a,n/a,n/a,n/a,n/a,n/a,n/a,n/a,n/a,n/a,n/a,n/a,n/a,n/a,n/a,n/a,n/a,
5522430,5522-43-0,"PYRENE, 1-NITRO-",n/a,n/a,n/a,n/a,n/a,n/a,n/a,n/a,n/a,5.63E-05,n/a,5.03E-05,n/a,4.30E-05,n/a,2.84E-06,n/a,5.43E-07,n/a,2.30E-06,n/a,Recommended,n/a,n/a,n/a,n/a,
5567157,5567-15-7,"BUTANAMIDE,2,2'-((3,3'-DICL(1,1'-BIPH)-4,4'-DIYL)BIS(AZO)BIS(N-4-CL-2,5-DIMEOPH)-3-OXO",n/a,1.24E+00,7.68E-01,3.24E+01,2.77E-16,1.53E-02,1.53E-02,Interim,n/a,n/a,n/a,n/a,n/a,n/a,n/a,n/a,n/a,n/a,n/a,n/a,n/a,n/a,n/a,n/a,n/a,n/a,
5581759,5581-75-9,6-PHENYLCAPROIC ACID,n/a,1.05E+01,6.65E+00,3.40E+02,2.59E-03,7.75E+00,7.75E+00,Interim,n/a,n/a,n/a,n/a,n/a,n/a,n/a,n/a,n/a,n/a,n/a,n/a,n/a,n/a,n/a,n/a,n/a,n/a,
5598130,5598-13-0,CHLORPYRIFOS METHYL,n/a,4.27E+03,1.59E+03,7.26E+05,2.47E+01,6.61E+03,6.61E+03,Recommended,n/a,n/a,3.99E-05,n/a,1.54E-05,n/a,4.81E-04,n/a,1.48E-05,n/a,5.30E-06,n/a,2.14E-05,n/a,Recommended,n/a,n/a,n/a,
5598527,5598-52-7,FOSPIRATE,n/a,2.35E+06,2.18E+06,2.08E+07,3.35E+02,3.46E+06,3.46E+06,Interim,n/a,n/a,n/a,n/a,n/a,n/a,n/a,n/a,n/a,n/a,n/a,n/a,n/a,n/a,n/a,n/a,n/a,n/a,
5610640,5610-64-0,ACID BLACK 52,n/a,1.17E+02,7.26E+01,3.05E+03,3.59E-21,1.62E+00,1.62E+00,Interim,n/a,n/a,n/a,n/a,n/a,n/a,n/a,n/a,n/a,n/a,n/a,n/a,n/a,n/a,n/a,n/a,n/a,n/a,
5617414,5617-41-4,HEPTYL CYCLOHEXANE,n/a,n/a,n/a,n/a,n/a,n/a,n/a,n/a,n/a,n/a,n/a,n/a,n/a,n/a,n/a,n/a,n/a,n/a,n/a,n/a,n/a,n/a,n/a,n/a,n/a,5.53E-01,
5632473,5632-47-3,N-NITROSOPIPERAZINE,n/a,n/a,n/a,n/a,n/a,n/a,n/a,n/a,n/a,3.01E-06,n/a,9.17E-07,n/a,1.09E-05,n/a,7.03E-09,n/a,1.96E-06,n/a,2.75E-06,n/a,Interim,n/a,n/a,n/a,n/a,
5634399,5634-39-9,IODINATED GLYCEROL,n/a,n/a,n/a,n/a,n/a,n/a,n/a,n/a,n/a,4.66E-07,n/a,1.64E-07,n/a,5.82E-07,n/a,1.64E-10,n/a,1.38E-07,n/a,2.77E-07,n/a,Recommended,n/a,n/a,n/a,n/a,
5663967,5663-96-7,OCT-2-YNOIC ACID,n/a,1.02E+00,8.09E-01,5.33E+01,1.19E-03,4.79E+00,4.79E+00,Interim,n/a,n/a,n/a,n/a,n/a,n/a,n/a,n/a,n/a,n/a,n/a,n/a,n/a,n/a,n/a,n/a,n/a,n/a,
5673074,5673-07-4,"1,3-DIMETHOXY-2-METHYLBENZENE",n/a,8.90E-02,1.01E-01,3.52E+02,1.23E-02,2.92E+01,2.92E+01,Interim,n/a,n/a,n/a,n/a,n/a,n/a,n/a,n/a,n/a,n/a,n/a,n/a,n/a,n/a,n/a,n/a,n/a,n/a,
5683330,5683-33-0,2-DIMETHYLAMINOPYRIDINE,n/a,5.04E+00,3.25E+00,2.94E+02,5.18E-03,5.87E+01,5.87E+01,Interim,n/a,n/a,n/a,n/a,n/a,n/a,n/a,n/a,n/a,n/a,n/a,n/a,n/a,n/a,n/a,n/a,n/a,n/a,
5742176,5742-17-6,"2,4-D, ISOPROPYLAMINE SALT",n/a,1.06E+01,1.01E+01,8.38E+01,1.20E-03,1.77E+01,1.77E+01,Interim,n/a,n/a,n/a,n/a,n/a,n/a,n/a,n/a,n/a,n/a,n/a,n/a,n/a,n/a,n/a,n/a,n/a,n/a,
5742198,5742-19-8,"(2,4-DICHLOROPHENOXY)ACETIC ACID COMPD. WITH 2,2-IMINOBIS[ETHANOL] (1:1)",n/a,1.04E+02,9.83E+01,8.20E+02,1.17E-02,1.73E+02,1.73E+02,Interim,n/a,n/a,n/a,n/a,n/a,n/a,n/a,n/a,n/a,n/a,n/a,n/a,n/a,n/a,n/a,n/a,n/a,n/a,
5813649,5813-64-9,"2,2-DIMETHYL-1-PROPYLAMIN",n/a,2.82E-02,2.89E-02,1.21E+01,1.70E-03,8.16E-01,8.16E-01,Interim,n/a,n/a,n/a,n/a,n/a,n/a,n/a,n/a,n/a,n/a,n/a,n/a,n/a,n/a,n/a,n/a,n/a,n/a,
5827054,5827-05-4,APHIDAN,n/a,4.92E+04,2.17E+04,2.47E+06,7.34E-01,3.05E+05,3.05E+05,Interim,n/a,n/a,n/a,n/a,n/a,n/a,n/a,n/a,n/a,n/a,n/a,n/a,n/a,n/a,n/a,n/a,n/a,n/a,
5834173,5834-17-3,2-METHOXY-3-AMINODIBENZOFURAN,n/a,n/a,n/a,n/a,n/a,n/a,n/a,n/a,n/a,7.00E-07,n/a,1.31E-07,n/a,3.61E-06,n/a,1.58E-08,n/a,2.54E-08,n/a,8.85E-08,n/a,Recommended,n/a,n/a,n/a,n/a,
5835267,5835-26-7,ISOPIMARIC ACID,n/a,2.23E+02,3.47E+01,3.30E+04,1.99E-01,3.45E+01,3.45E+01,Interim,n/a,n/a,n/a,n/a,n/a,n/a,n/a,n/a,n/a,n/a,n/a,n/a,n/a,n/a,n/a,n/a,n/a,n/a,
5836293,5836-29-3,ENDROCIDE (ENDOX) (COUMATETRALYL),n/a,1.73E+01,1.10E+01,4.35E+02,2.08E-07,2.24E+00,2.24E+00,Interim,n/a,n/a,n/a,n/a,n/a,n/a,n/a,n/a,n/a,n/a,n/a,n/a,n/a,n/a,n/a,n/a,n/a,n/a,
5878193,5878-19-3,METHOXY-ACETONE,n/a,n/a,n/a,n/a,n/a,n/a,n/a,n/a,n/a,n/a,n/a,n/a,n/a,n/a,n/a,n/a,n/a,n/a,n/a,n/a,n/a,n/a,n/a,n/a,n/a,2.03E+00,
5902512,5902-51-2,TERBACIL,n/a,1.48E+03,1.39E+03,1.18E+04,5.69E-04,2.53E+03,2.53E+03,Interim,n/a,n/a,2.48E-06,n/a,1.72E-06,n/a,3.18E-06,n/a,5.10E-09,n/a,6.81E-07,n/a,1.32E-06,n/a,Interim,n/a,n/a,n/a,
5902954,5902-95-4,CMA,n/a,2.26E+01,2.07E+01,1.76E+02,3.10E-06,2.08E+01,2.08E+01,Interim,n/a,n/a,n/a,n/a,n/a,n/a,n/a,n/a,n/a,n/a,n/a,n/a,n/a,n/a,n/a,n/a,n/a,n/a,
5911046,5911-04-6,3-METHYL NONANE,n/a,n/a,n/a,n/a,n/a,n/a,n/a,n/a,n/a,n/a,n/a,n/a,n/a,n/a,n/a,n/a,n/a,n/a,n/a,n/a,n/a,n/a,n/a,n/a,n/a,7.54E-01,
5915413,5915-41-3,TERBUTHYLAZINE,n/a,3.21E+04,2.74E+04,4.74E+05,5.10E+00,5.36E+04,5.36E+04,Recommended,n/a,n/a,n/a,n/a,n/a,n/a,n/a,n/a,n/a,n/a,n/a,n/a,n/a,n/a,n/a,n/a,n/a,n/a,
5922601,5922-60-1,"BENZONITRILE, 2-AMINO-5-CHLORO-",n/a,1.34E+02,1.23E+02,1.35E+03,6.86E-02,2.12E+02,2.12E+02,Interim,n/a,n/a,n/a,n/a,n/a,n/a,n/a,n/a,n/a,n/a,n/a,n/a,n/a,n/a,n/a,n/a,n/a,n/a,
5989275,5989-27-5,D-LIMONENE,n/a,4.05E-03,4.99E-04,2.91E+02,4.28E-05,5.63E-01,5.63E-01,Interim,n/a,8.59E-08,n/a,6.68E-10,n/a,4.62E-07,n/a,3.53E-08,n/a,1.37E-09,n/a,1.88E-08,n/a,Recommended,n/a,n/a,n/a,4.55E+00,
6032297,6032-29-7,2-PENTANOL,n/a,n/a,n/a,n/a,n/a,n/a,n/a,n/a,n/a,n/a,n/a,n/a,n/a,n/a,n/a,n/a,n/a,n/a,n/a,n/a,n/a,n/a,n/a,n/a,n/a,1.61E+00,
6062266,6062-26-6,MCPB-SODIUM,n/a,7.19E+02,6.69E+02,5.20E+03,2.29E-10,7.11E+02,7.11E+02,Interim,n/a,n/a,n/a,n/a,n/a,n/a,n/a,n/a,n/a,n/a,n/a,n/a,n/a,n/a,n/a,n/a,n/a,n/a,
6089094,6089-09-4,4-PENTYNOIC ACID,n/a,2.70E-01,2.41E-01,4.33E+00,1.17E-04,8.24E-01,8.24E-01,Interim,n/a,n/a,n/a,n/a,n/a,n/a,n/a,n/a,n/a,n/a,n/a,n/a,n/a,n/a,n/a,n/a,n/a,n/a,
6094026,6094-02-6,2-METHYL-1-HEXENE,n/a,n/a,n/a,n/a,n/a,n/a,n/a,n/a,n/a,n/a,n/a,n/a,n/a,n/a,n/a,n/a,n/a,n/a,n/a,n/a,n/a,n/a,n/a,n/a,n/a,5.10E+00,
6104309,6104-30-9,"UREA, N,N''-(2-METHYLPROPYLIDENE)BIS-",n/a,1.41E+00,1.22E+00,2.83E+01,3.25E-08,6.72E+00,6.72E+00,Recommended,n/a,n/a,n/a,n/a,n/a,n/a,n/a,n/a,n/a,n/a,n/a,n/a,n/a,n/a,n/a,n/a,n/a,n/a,
6109973,6109-97-3,"3-AMINO-9-ETHYLCARBAZOLE, HYDROCHLORIDE",n/a,n/a,n/a,n/a,n/a,n/a,n/a,n/a,n/a,8.32E-07,n/a,1.25E-07,n/a,4.78E-06,n/a,2.62E-08,n/a,3.83E-08,n/a,1.62E-07,n/a,Recommended,n/a,n/a,n/a,n/a,
6146527,6146-52-7,"INDOLE, 5-NITRO",n/a,7.98E+01,4.44E+01,2.82E+03,7.20E-03,4.16E+01,4.16E+01,Interim,n/a,n/a,n/a,n/a,n/a,n/a,n/a,n/a,n/a,n/a,n/a,n/a,n/a,n/a,n/a,n/a,n/a,n/a,
6153566,6153-56-6,OXALIC ACID DIHYDRATE,n/a,1.57E+00,1.52E+00,7.66E+00,2.50E-07,1.84E+00,1.84E+00,Interim,n/a,n/a,n/a,n/a,n/a,n/a,n/a,n/a,n/a,n/a,n/a,n/a,n/a,n/a,n/a,n/a,n/a,n/a,
6164983,6164-98-3,CHLORDIMEFORM,n/a,1.06E+01,2.74E+00,8.35E+02,3.29E-03,1.90E+01,1.90E+01,Interim,n/a,n/a,2.87E-05,n/a,6.24E-06,n/a,1.31E-04,n/a,8.16E-07,n/a,3.13E-06,n/a,7.43E-06,n/a,Interim,n/a,n/a,n/a,
6165408,6165-40-8,7-METHYL PENTADECANE,n/a,n/a,n/a,n/a,n/a,n/a,n/a,n/a,n/a,n/a,n/a,n/a,n/a,n/a,n/a,n/a,n/a,n/a,n/a,n/a,n/a,n/a,n/a,n/a,n/a,4.53E-01,
6175491,6175-49-1,METHYL DECYL KETONE,n/a,5.67E+00,5.35E+00,4.23E+03,3.75E-01,4.46E+01,4.46E+01,Interim,n/a,n/a,n/a,n/a,n/a,n/a,n/a,n/a,n/a,n/a,n/a,n/a,n/a,n/a,n/a,n/a,n/a,n/a,
6190654,6190-65-4,DESETHYLATRAZINE,n/a,3.97E+03,3.51E+03,5.65E+04,1.36E-01,1.02E+04,1.02E+04,Interim,n/a,n/a,n/a,n/a,n/a,n/a,n/a,n/a,n/a,n/a,n/a,n/a,n/a,n/a,n/a,n/a,n/a,n/a,
6224528,6224-52-8,"3,8-DIETHYL DECANE",n/a,n/a,n/a,n/a,n/a,n/a,n/a,n/a,n/a,n/a,n/a,n/a,n/a,n/a,n/a,n/a,n/a,n/a,n/a,n/a,n/a,n/a,n/a,n/a,n/a,5.98E-01,
6317186,6317-18-6,METHYLENE BISTHIOCYANATE,n/a,9.31E+03,7.81E+03,2.18E+05,1.68E-01,4.98E+04,4.98E+04,Recommended,n/a,n/a,n/a,n/a,n/a,n/a,n/a,n/a,n/a,n/a,n/a,n/a,n/a,n/a,n/a,n/a,n/a,n/a,
6373746,6373-74-6,"C,I, ACID ORANGE ",n/a,n/a,n/a,n/a,n/a,n/a,n/a,n/a,n/a,7.05E-08,n/a,5.67E-08,n/a,6.49E-08,n/a,5.32E-11,n/a,2.39E-10,n/a,4.12E-10,n/a,Interim,n/a,n/a,n/a,n/a,
6382065,6382-06-5,AMYL LACTATE,n/a,4.85E+00,4.29E+00,7.12E+01,1.26E-03,1.14E+01,1.14E+01,Interim,n/a,n/a,n/a,n/a,n/a,n/a,n/a,n/a,n/a,n/a,n/a,n/a,n/a,n/a,n/a,n/a,n/a,n/a,
6408782,6408-78-2,"2-ANTHRACENESULFONIC ACID, 1-AMINO-9,10-DIHYDRO-9,10-DIOXO-4-(PHENYLAMINO)-, MONOSODIUM SALT",n/a,1.84E+02,1.26E+02,4.12E+03,6.49E-11,3.93E+01,3.93E+01,Interim,n/a,n/a,n/a,n/a,n/a,n/a,n/a,n/a,n/a,n/a,n/a,n/a,n/a,n/a,n/a,n/a,n/a,n/a,
6416688,6416-68-8,"BENZENESULFONIC ACID, 5-(2H-NAPHTHO[1,2-D]TRIAZOL-2-YL)-2-(2-PHENYLETHENYL)-, SODIUM SALT",n/a,7.62E-02,4.70E-02,2.01E+00,1.40E-20,2.39E-04,2.39E-04,Interim,n/a,n/a,n/a,n/a,n/a,n/a,n/a,n/a,n/a,n/a,n/a,n/a,n/a,n/a,n/a,n/a,n/a,n/a,
6418413,6418-41-3,3-METHYL TRIDECANE,n/a,n/a,n/a,n/a,n/a,n/a,n/a,n/a,n/a,n/a,n/a,n/a,n/a,n/a,n/a,n/a,n/a,n/a,n/a,n/a,n/a,n/a,n/a,n/a,n/a,5.06E-01,
6419198,6419-19-8,"PHOSPHONIC ACID,  NITRILOTRIS(METHYLENE) TRIS-",n/a,1.54E+01,1.15E+01,4.07E+02,9.54E-14,5.47E+01,5.47E+01,Interim,n/a,n/a,n/a,n/a,n/a,n/a,n/a,n/a,n/a,n/a,n/a,n/a,n/a,n/a,n/a,n/a,n/a,n/a,
6443921,6443-92-1,CIS-2-HEPTENE,n/a,n/a,n/a,n/a,n/a,n/a,n/a,n/a,n/a,n/a,n/a,n/a,n/a,n/a,n/a,n/a,n/a,n/a,n/a,n/a,n/a,n/a,n/a,n/a,n/a,7.16E+00,
6459945,6459-94-5,ACID RED 114,n/a,n/a,n/a,n/a,n/a,n/a,n/a,n/a,n/a,4.57E-05,n/a,4.08E-05,n/a,3.11E-09,n/a,8.98E-10,n/a,1.33E-12,n/a,5.23E-10,n/a,Interim,n/a,n/a,n/a,n/a,
6482344,6482-34-4,DIISOPROPYL CARBONATE,n/a,n/a,n/a,n/a,n/a,n/a,n/a,n/a,n/a,n/a,n/a,n/a,n/a,n/a,n/a,n/a,n/a,n/a,n/a,n/a,n/a,n/a,n/a,n/a,n/a,9.82E-01,
6485558,6485-55-8,"CIS-2,6-DIMETHYLMORPHOLINE",n/a,6.57E-01,3.34E-01,9.71E+01,6.77E-04,1.51E+01,1.51E+01,Interim,n/a,n/a,n/a,n/a,n/a,n/a,n/a,n/a,n/a,n/a,n/a,n/a,n/a,n/a,n/a,n/a,n/a,n/a,
6515384,6515-38-4,"3,5,6-TRICHLORO-2-PYRIDINOL",n/a,7.01E+02,6.67E+02,1.09E+04,1.08E+01,4.02E+02,4.02E+02,Interim,n/a,n/a,n/a,n/a,n/a,n/a,n/a,n/a,n/a,n/a,n/a,n/a,n/a,n/a,n/a,n/a,n/a,n/a,
6683198,6683-19-8,"PENTAERYTHRITOL TETRAKIS(3-(3,5-DI-TERT-BUTYL-4-HYDROXYPHENYL)PROPIONATE)",n/a,3.15E-12,1.95E-12,8.23E-11,2.65E-32,3.51E-14,3.51E-14,Recommended,n/a,n/a,n/a,n/a,n/a,n/a,n/a,n/a,n/a,n/a,n/a,n/a,n/a,n/a,n/a,n/a,n/a,n/a,
6846500,6846-50-0,"2,2,4-TRIMETHYL-1,3-PENTANEDIOL DIISOBUTYRATE",n/a,n/a,n/a,n/a,n/a,n/a,n/a,n/a,n/a,n/a,n/a,n/a,n/a,n/a,n/a,n/a,n/a,n/a,n/a,n/a,n/a,n/a,n/a,n/a,n/a,3.77E-01,
6864375,6864-37-5,"CYCLOHEXANAMINE, 4,4'-METHYLENEBIS 2-METHYL-",n/a,5.68E-03,1.37E-03,5.01E+02,2.20E-04,2.00E+00,2.00E+00,Interim,n/a,n/a,n/a,n/a,n/a,n/a,n/a,n/a,n/a,n/a,n/a,n/a,n/a,n/a,n/a,n/a,n/a,n/a,
6876239,6876-23-9,"1,2-DIMETHYLCYCLOHEXANE (TRANS)",n/a,4.98E-03,1.81E-03,8.36E+02,1.63E-04,9.45E-01,9.45E-01,Interim,n/a,n/a,n/a,n/a,n/a,n/a,n/a,n/a,n/a,n/a,n/a,n/a,n/a,n/a,n/a,n/a,n/a,n/a,
6881943,6881-94-3,2-(2-PROPOXYETHOXY) ETHANOL,n/a,n/a,n/a,n/a,n/a,n/a,n/a,n/a,n/a,n/a,n/a,n/a,n/a,n/a,n/a,n/a,n/a,n/a,n/a,n/a,n/a,n/a,n/a,n/a,n/a,2.85E+00,
6915157,6915-15-7,MALIC ACID,n/a,n/a,n/a,n/a,n/a,n/a,n/a,n/a,n/a,n/a,n/a,n/a,n/a,n/a,n/a,n/a,n/a,n/a,n/a,n/a,n/a,n/a,n/a,n/a,n/a,6.94E+00,
6920225,6920-22-5,"1,2-DIHYDROXYHEXANE",n/a,n/a,n/a,n/a,n/a,n/a,n/a,n/a,n/a,n/a,n/a,n/a,n/a,n/a,n/a,n/a,n/a,n/a,n/a,n/a,n/a,n/a,n/a,n/a,n/a,2.55E+00,
6921295,6921-29-5,TRIPROPYNYL-AMINE,n/a,5.91E-01,2.26E-01,1.09E+02,1.43E-03,5.54E+00,5.54E+00,Interim,n/a,n/a,n/a,n/a,n/a,n/a,n/a,n/a,n/a,n/a,n/a,n/a,n/a,n/a,n/a,n/a,n/a,n/a,
6923224,6923-22-4,AZODRIN,n/a,3.06E+02,2.55E+02,6.50E+03,2.39E-07,1.27E+03,1.27E+03,Recommended,n/a,n/a,1.42E-04,n/a,4.06E-05,n/a,2.03E-04,n/a,3.46E-08,n/a,3.95E-05,n/a,6.27E-05,n/a,Recommended,n/a,n/a,n/a,
6938949,6938-94-9,DIISOPROPYL ADIPATE,n/a,n/a,n/a,n/a,n/a,n/a,n/a,n/a,n/a,n/a,n/a,n/a,n/a,n/a,n/a,n/a,n/a,n/a,n/a,n/a,n/a,n/a,n/a,n/a,n/a,1.28E+00,
6959484,6959-48-4,3-(CHLOROMETHYL)PYRIDINE HYDROCHLORIDE,n/a,n/a,n/a,n/a,n/a,n/a,n/a,n/a,n/a,3.75E-07,n/a,1.63E-07,n/a,6.75E-07,n/a,1.22E-09,n/a,6.20E-08,n/a,8.16E-08,n/a,Interim,n/a,n/a,n/a,n/a,
6972050,6972-05-0,"THIOUREA, N,N-DIMETHYL-",n/a,2.18E+00,1.41E+00,3.94E+02,5.25E-03,7.38E+01,7.38E+01,Interim,n/a,n/a,n/a,n/a,n/a,n/a,n/a,n/a,n/a,n/a,n/a,n/a,n/a,n/a,n/a,n/a,n/a,n/a,
6983795,6983-79-5,BIXIN,n/a,5.26E-01,1.18E-01,3.37E+01,6.51E-06,5.08E-03,5.08E-03,Interim,n/a,n/a,n/a,n/a,n/a,n/a,n/a,n/a,n/a,n/a,n/a,n/a,n/a,n/a,n/a,n/a,n/a,n/a,
6988212,6988-21-2,DIOXACARB,n/a,1.34E+02,1.22E+02,1.72E+03,6.05E-06,3.93E+02,3.93E+02,Interim,n/a,n/a,n/a,n/a,n/a,n/a,n/a,n/a,n/a,n/a,n/a,n/a,n/a,n/a,n/a,n/a,n/a,n/a,
7003896,7003-89-6,CHLORMEQUAT,n/a,n/a,n/a,n/a,n/a,n/a,n/a,n/a,n/a,n/a,4.15E-07,n/a,2.04E-07,n/a,3.80E-07,n/a,6.40E-11,n/a,6.63E-08,n/a,9.74E-08,n/a,Interim,n/a,n/a,n/a,
7005723,7005-72-3,4-CHLOROPHENYL PHENYL ETHER,n/a,3.23E+01,3.10E+01,6.58E+03,4.22E+00,4.06E+01,4.06E+01,Interim,n/a,n/a,n/a,n/a,n/a,n/a,n/a,n/a,n/a,n/a,n/a,n/a,n/a,n/a,n/a,n/a,n/a,n/a,
7058017,7058-01-7,SEC-BUTYL CYCLOHEXANE,n/a,n/a,n/a,n/a,n/a,n/a,n/a,n/a,n/a,n/a,n/a,n/a,n/a,n/a,n/a,n/a,n/a,n/a,n/a,n/a,n/a,n/a,n/a,n/a,n/a,9.86E-01,
7085190,7085-19-0,MECOPROP,n/a,3.16E+01,3.01E+01,3.02E+02,9.20E-05,8.91E+01,8.91E+01,Interim,n/a,n/a,n/a,n/a,n/a,n/a,n/a,n/a,n/a,n/a,n/a,n/a,n/a,n/a,n/a,n/a,n/a,n/a,
7125840,7125-84-0,HCFC-233,n/a,n/a,n/a,n/a,n/a,n/a,n/a,n/a,n/a,n/a,n/a,n/a,n/a,n/a,n/a,n/a,n/a,n/a,n/a,n/a,n/a,n/a,n/a,n/a,1.19E-01,n/a,
7132641,7132-64-1,METHYL PENTADECANOATE,n/a,n/a,n/a,n/a,n/a,n/a,n/a,n/a,n/a,n/a,n/a,n/a,n/a,n/a,n/a,n/a,n/a,n/a,n/a,n/a,n/a,n/a,n/a,n/a,n/a,4.67E-01,
7145202,7145-20-2,"2,3-DIMETHYL-2-HEXENE",n/a,n/a,n/a,n/a,n/a,n/a,n/a,n/a,n/a,n/a,n/a,n/a,n/a,n/a,n/a,n/a,n/a,n/a,n/a,n/a,n/a,n/a,n/a,n/a,n/a,8.53E+00,
7146603,7146-60-3,"2,3-DIMETHYL OCTANE",n/a,n/a,n/a,n/a,n/a,n/a,n/a,n/a,n/a,n/a,n/a,n/a,n/a,n/a,n/a,n/a,n/a,n/a,n/a,n/a,n/a,n/a,n/a,n/a,n/a,8.63E-01,
7149793,7149-79-3,3-CHLORO-4-METHYLACETANILIDE,n/a,6.05E+01,5.34E+01,7.77E+02,6.38E-03,1.10E+02,1.10E+02,Interim,n/a,n/a,n/a,n/a,n/a,n/a,n/a,n/a,n/a,n/a,n/a,n/a,n/a,n/a,n/a,n/a,n/a,n/a,
7166190,7166-19-0,"BENZENE, (2-BROMO-2-NITROETHENYL)-",n/a,1.62E+04,1.21E+04,6.54E+05,6.23E+01,1.06E+04,1.06E+04,Recommended,n/a,n/a,n/a,n/a,n/a,n/a,n/a,n/a,n/a,n/a,n/a,n/a,n/a,n/a,n/a,n/a,n/a,n/a,
7173515,7173-51-5,DIDECYLDIMETHYLAMMONIUM CHLORIDE,n/a,3.51E+02,2.09E+02,9.65E+03,4.02E-06,5.02E-01,5.02E-01,Interim,n/a,n/a,n/a,n/a,n/a,n/a,n/a,n/a,n/a,n/a,n/a,n/a,n/a,n/a,n/a,n/a,n/a,n/a,
7173628,7173-62-8,"1,3-PROPANEDIAMINE, N-9-OCTADECENYL-, (Z)-",n/a,5.74E+00,6.43E-01,9.63E+02,1.08E-03,4.38E-02,4.38E-02,Interim,n/a,n/a,n/a,n/a,n/a,n/a,n/a,n/a,n/a,n/a,n/a,n/a,n/a,n/a,n/a,n/a,n/a,n/a,
7206168,7206-16-8,TRANS-5-DODECENE,n/a,n/a,n/a,n/a,n/a,n/a,n/a,n/a,n/a,n/a,n/a,n/a,n/a,n/a,n/a,n/a,n/a,n/a,n/a,n/a,n/a,n/a,n/a,n/a,n/a,3.14E+00,
7209383,7209-38-3,"1,4-PIPERAZINEDIPROPANAMINE",n/a,2.47E-01,8.30E-02,1.26E+01,7.64E-08,7.25E-01,7.25E-01,Interim,n/a,n/a,n/a,n/a,n/a,n/a,n/a,n/a,n/a,n/a,n/a,n/a,n/a,n/a,n/a,n/a,n/a,n/a,
7212444,7212-44-4,NEROLIDOL,n/a,1.54E+00,1.16E+00,5.06E+03,1.28E-01,6.03E+01,6.03E+01,Interim,n/a,n/a,n/a,n/a,n/a,n/a,n/a,n/a,n/a,n/a,n/a,n/a,n/a,n/a,n/a,n/a,n/a,n/a,
7212535,7212-53-5,5-METHYL-1-HEPTANOL,n/a,n/a,n/a,n/a,n/a,n/a,n/a,n/a,n/a,n/a,n/a,n/a,n/a,n/a,n/a,n/a,n/a,n/a,n/a,n/a,n/a,n/a,n/a,n/a,n/a,1.79E+00,
7227910,7227-91-0,"N,N-DIMETHYLTRIAZENOBENZENE",n/a,n/a,n/a,n/a,n/a,n/a,n/a,n/a,n/a,1.44E-05,n/a,2.53E-06,n/a,1.12E-05,n/a,2.25E-07,n/a,8.48E-07,n/a,2.10E-06,n/a,Recommended,n/a,n/a,n/a,n/a,
7286842,7286-84-2,"CHLORAMBEN, METHYL ESTER",n/a,7.53E+02,5.64E+02,1.90E+04,1.03E+00,6.34E+02,6.34E+02,Interim,n/a,n/a,n/a,n/a,n/a,n/a,n/a,n/a,n/a,n/a,n/a,n/a,n/a,n/a,n/a,n/a,n/a,n/a,
7287196,7287-19-6,PROMETRYNE,n/a,1.54E+04,8.38E+03,5.88E+05,4.93E-01,2.41E+04,2.41E+04,Recommended,n/a,n/a,4.98E-07,n/a,2.60E-07,n/a,1.98E-06,n/a,1.65E-08,n/a,8.18E-08,n/a,2.70E-07,n/a,Recommended,n/a,n/a,n/a,
7292162,7292-16-2,PROPAPHOS,n/a,6.08E+01,2.40E+01,2.91E+03,2.10E-04,6.42E+01,6.42E+01,Interim,n/a,n/a,n/a,n/a,n/a,n/a,n/a,n/a,n/a,n/a,n/a,n/a,n/a,n/a,n/a,n/a,n/a,n/a,
7307553,7307-55-3,N-UNDECYLAMIN,n/a,3.36E+01,2.44E+01,1.59E+04,1.13E+00,4.18E+01,4.18E+01,Interim,n/a,n/a,n/a,n/a,n/a,n/a,n/a,n/a,n/a,n/a,n/a,n/a,n/a,n/a,n/a,n/a,n/a,n/a,
7319008,7319-00-8,"TRANS-1,4-HEXADIENE",n/a,n/a,n/a,n/a,n/a,n/a,n/a,n/a,n/a,n/a,n/a,n/a,n/a,n/a,n/a,n/a,n/a,n/a,n/a,n/a,n/a,n/a,n/a,n/a,n/a,8.64E+00,
7347491,7347-49-1,"N,N-DIETHYL-4-(4'-[PYRIDYL-1'-OXIDE]AZO)ANILINE",n/a,n/a,n/a,n/a,n/a,n/a,n/a,n/a,n/a,2.04E-05,n/a,7.59E-06,n/a,1.21E-04,n/a,1.42E-06,n/a,6.71E-07,n/a,1.35E-06,n/a,Recommended,n/a,n/a,n/a,n/a,
7377039,7377-03-9,OCTANOHYDROXAMIC ACID,n/a,5.06E+01,3.32E+01,1.41E+03,1.06E-05,4.64E+01,4.64E+01,Interim,n/a,n/a,n/a,n/a,n/a,n/a,n/a,n/a,n/a,n/a,n/a,n/a,n/a,n/a,n/a,n/a,n/a,n/a,
7378996,7378-99-6,"1-OCTANAMINE, N,N-DIMETHYL-",n/a,2.55E-01,2.21E-01,4.57E+02,1.38E-02,5.44E+00,5.44E+00,Interim,n/a,n/a,n/a,n/a,n/a,n/a,n/a,n/a,n/a,n/a,n/a,n/a,n/a,n/a,n/a,n/a,n/a,n/a,
7379126,7379-12-6,2-METHYL-3-HEXANONE,n/a,n/a,n/a,n/a,n/a,n/a,n/a,n/a,n/a,n/a,n/a,n/a,n/a,n/a,n/a,n/a,n/a,n/a,n/a,n/a,n/a,n/a,n/a,n/a,n/a,1.53E+00,
7385786,7385-78-6,"3,4-DIMETHYL-1-PENTENE",n/a,n/a,n/a,n/a,n/a,n/a,n/a,n/a,n/a,n/a,n/a,n/a,n/a,n/a,n/a,n/a,n/a,n/a,n/a,n/a,n/a,n/a,n/a,n/a,n/a,4.84E+00,
7398698,7398-69-8,DIMETHYLDIALLYLAMMONIUM CHLORIDE,n/a,4.07E+02,2.09E+02,1.70E+04,2.52E-07,1.02E+03,1.02E+03,Interim,n/a,n/a,n/a,n/a,n/a,n/a,n/a,n/a,n/a,n/a,n/a,n/a,n/a,n/a,n/a,n/a,n/a,n/a,
7411496,7411-49-6,"3,3'-DIAMINOBENZIDINE TETRACHLORIDE",n/a,n/a,n/a,n/a,n/a,n/a,n/a,n/a,n/a,1.35E-07,n/a,3.45E-08,n/a,7.47E-07,n/a,1.65E-10,n/a,7.41E-09,n/a,1.00E-08,n/a,Interim,n/a,n/a,n/a,n/a,
7414837,7414-83-7,DISODIUM ETHYDRONATE,n/a,1.28E+02,1.28E+02,4.02E+02,2.83E-12,1.64E+02,1.64E+02,Interim,n/a,n/a,n/a,n/a,n/a,n/a,n/a,n/a,n/a,n/a,n/a,n/a,n/a,n/a,n/a,n/a,n/a,n/a,
7422802,7422-80-2,"HYDRAZINE, 1,1-DIBUTYL-",n/a,n/a,n/a,n/a,n/a,n/a,n/a,n/a,n/a,1.03E-06,n/a,3.66E-08,n/a,6.76E-07,n/a,1.97E-09,n/a,9.11E-09,n/a,2.19E-08,n/a,Interim,n/a,n/a,n/a,n/a,
7433785,7433-78-5,CIS-5-DECENE,n/a,n/a,n/a,n/a,n/a,n/a,n/a,n/a,n/a,n/a,n/a,n/a,n/a,n/a,n/a,n/a,n/a,n/a,n/a,n/a,n/a,n/a,n/a,n/a,n/a,3.66E+00,
7446095,7446-09-5,SULFUR DIOXIDE,1.00E+00,n/a,n/a,n/a,n/a,n/a,n/a,n/a,n/a,n/a,n/a,n/a,n/a,n/a,n/a,n/a,n/a,n/a,n/a,n/a,n/a,n/a,n/a,6.11E-02,n/a,n/a,
7446119,7446-11-9,SULFUR TRIOXIDE,8.00E-01,n/a,n/a,n/a,n/a,n/a,n/a,n/a,n/a,n/a,n/a,n/a,n/a,n/a,n/a,n/a,n/a,n/a,n/a,n/a,n/a,n/a,n/a,n/a,n/a,n/a,
7534943,7534-94-3,ISOBORNYL METHACRYLATE,n/a,n/a,n/a,n/a,n/a,n/a,n/a,n/a,n/a,n/a,n/a,n/a,n/a,n/a,n/a,n/a,n/a,n/a,n/a,n/a,n/a,n/a,n/a,n/a,n/a,5.51E+00,
7542372,7542-37-2,PAROMOMYCIN,n/a,2.29E+04,2.22E+04,1.10E+05,2.04E-27,2.61E+04,2.61E+04,Interim,n/a,n/a,n/a,n/a,n/a,n/a,n/a,n/a,n/a,n/a,n/a,n/a,n/a,n/a,n/a,n/a,n/a,n/a,
7572294,7572-29-4,DICHLOROACETYLENE,n/a,n/a,n/a,n/a,n/a,n/a,n/a,n/a,n/a,1.15E-04,n/a,2.96E-05,n/a,5.99E-05,n/a,5.80E-06,n/a,2.69E-05,n/a,3.00E-05,n/a,Recommended,n/a,n/a,n/a,n/a,
7642093,7642-09-3,CIS-3-HEXENE,n/a,n/a,n/a,n/a,n/a,n/a,n/a,n/a,n/a,n/a,n/a,n/a,n/a,n/a,n/a,n/a,n/a,n/a,n/a,n/a,n/a,n/a,n/a,n/a,n/a,7.61E+00,
7642106,7642-10-6,CIS-3-HEPTENE,n/a,n/a,n/a,n/a,n/a,n/a,n/a,n/a,n/a,n/a,n/a,n/a,n/a,n/a,n/a,n/a,n/a,n/a,n/a,n/a,n/a,n/a,n/a,n/a,n/a,6.33E+00,
7642151,7642-15-1,CIS-4-OCTENE,n/a,n/a,n/a,n/a,n/a,n/a,n/a,n/a,n/a,n/a,n/a,n/a,n/a,n/a,n/a,n/a,n/a,n/a,n/a,n/a,n/a,n/a,n/a,n/a,n/a,4.73E+00,
7646788,7646-78-8,"STANNANE, TETRACHLORO-",n/a,2.35E+02,2.27E+02,1.14E+03,6.89E-11,2.49E+02,2.49E+02,Interim,n/a,n/a,n/a,n/a,n/a,n/a,n/a,n/a,n/a,n/a,n/a,n/a,n/a,n/a,n/a,n/a,n/a,n/a,
7647010,7647-01-0,HYDROCHLORIC ACID,8.80E-01,n/a,n/a,n/a,n/a,n/a,n/a,n/a,n/a,n/a,n/a,n/a,n/a,n/a,n/a,n/a,n/a,n/a,n/a,n/a,n/a,n/a,n/a,n/a,n/a,n/a,
7664382,7664-38-2,PHOSPHORIC ACID,9.80E-01,n/a,n/a,n/a,n/a,n/a,n/a,n/a,n/a,n/a,n/a,n/a,n/a,n/a,n/a,n/a,n/a,n/a,n/a,n/a,n/a,n/a,n/a,n/a,n/a,n/a,
7664393,7664-39-3,HYDROFLUORIC ACID,1.60E+00,n/a,n/a,n/a,n/a,n/a,n/a,n/a,n/a,n/a,n/a,n/a,n/a,n/a,n/a,n/a,n/a,n/a,n/a,n/a,n/a,n/a,n/a,n/a,n/a,n/a,
7664417,7664-41-7,AMMONIA,1.88E+00,n/a,n/a,n/a,n/a,n/a,n/a,n/a,n/a,n/a,n/a,n/a,n/a,n/a,n/a,n/a,n/a,n/a,n/a,n/a,n/a,n/a,n/a,6.67E-02,n/a,n/a,
7664939,7664-93-9,SULFURIC ACID,6.50E-01,7.90E+01,7.80E+01,3.00E+02,1.13E-06,9.25E+01,9.25E+01,Interim,n/a,n/a,n/a,n/a,n/a,n/a,n/a,n/a,n/a,n/a,n/a,n/a,n/a,n/a,n/a,n/a,n/a,n/a,
7688213,7688-21-3,CIS-2-HEXENE,n/a,n/a,n/a,n/a,n/a,n/a,n/a,n/a,n/a,n/a,n/a,n/a,n/a,n/a,n/a,n/a,n/a,n/a,n/a,n/a,n/a,n/a,n/a,n/a,n/a,8.31E+00,
7696120,7696-12-0,PHTHALTHRIN,n/a,2.19E+02,5.46E+01,4.23E+04,2.62E-01,9.48E+02,9.48E+02,Interim,n/a,n/a,n/a,n/a,n/a,n/a,n/a,n/a,n/a,n/a,n/a,n/a,n/a,n/a,n/a,n/a,n/a,n/a,
7697372,7697-37-2,NITRIC ACID,5.10E-01,n/a,n/a,n/a,n/a,n/a,n/a,n/a,n/a,n/a,n/a,n/a,n/a,n/a,n/a,n/a,n/a,n/a,n/a,n/a,n/a,n/a,n/a,n/a,n/a,n/a,
7700176,7700-17-6,CROTOXYPHOS,n/a,4.36E+03,2.59E+03,1.56E+05,1.92E-02,1.00E+04,1.00E+04,Recommended,n/a,n/a,n/a,n/a,n/a,n/a,n/a,n/a,n/a,n/a,n/a,n/a,n/a,n/a,n/a,n/a,n/a,n/a,
7720787,7720-78-7,"SULFURIC ACID, IRON (2+) SALT (1:1)",n/a,2.39E+02,2.34E+02,1.01E+03,1.32E-18,2.79E+02,2.79E+02,Interim,n/a,n/a,n/a,n/a,n/a,n/a,n/a,n/a,n/a,n/a,n/a,n/a,n/a,n/a,n/a,n/a,n/a,n/a,
7723140,7723-14-0,PHOSPHORUS,n/a,n/a,n/a,n/a,n/a,n/a,n/a,n/a,n/a,n/a,n/a,n/a,n/a,n/a,n/a,n/a,n/a,n/a,n/a,n/a,n/a,n/a,n/a,n/a,n/a,n/a,
7747355,7747-35-5,"1H,3H,5H-OXAZOLO 3,4-C OXAZOLE, 7A-ETHYLDIHYDRO-",n/a,8.28E+00,5.86E+00,4.60E+02,8.48E-03,1.31E+02,1.31E+02,Recommended,n/a,n/a,n/a,n/a,n/a,n/a,n/a,n/a,n/a,n/a,n/a,n/a,n/a,n/a,n/a,n/a,n/a,n/a,
7773060,7773-06-0,"SULFAMIC ACID, MONOAMMONIUM SALT",n/a,5.85E+00,5.77E+00,2.22E+01,1.45E-17,6.85E+00,6.85E+00,Interim,n/a,n/a,3.64E-08,n/a,2.34E-08,n/a,2.37E-08,n/a,1.38E-11,n/a,7.31E-09,n/a,1.07E-08,n/a,Interim,n/a,n/a,n/a,
7782505,7782-50-5,CHLORINE,n/a,n/a,n/a,n/a,n/a,n/a,n/a,n/a,n/a,n/a,n/a,n/a,n/a,n/a,n/a,n/a,n/a,n/a,n/a,n/a,n/a,n/a,n/a,n/a,n/a,1.91E+01,
7782776,7782-77-6,NITROUS ACID,n/a,n/a,n/a,n/a,n/a,n/a,n/a,n/a,n/a,n/a,n/a,n/a,n/a,n/a,n/a,n/a,n/a,n/a,n/a,n/a,n/a,n/a,n/a,n/a,n/a,1.55E+01,
7783064,7783-06-4,HYDROGEN SULFIDE,1.88E+00,n/a,n/a,n/a,n/a,n/a,n/a,n/a,n/a,n/a,n/a,n/a,n/a,n/a,n/a,n/a,n/a,n/a,n/a,n/a,n/a,n/a,n/a,n/a,n/a,n/a,
7783542,7783-54-2,NITROGEN TRIFLUORIDE,n/a,n/a,n/a,n/a,n/a,n/a,n/a,n/a,1.72E+04,n/a,n/a,n/a,n/a,n/a,n/a,n/a,n/a,n/a,n/a,n/a,n/a,n/a,n/a,n/a,n/a,n/a,
7786347,7786-34-7,MEVINPHOS,n/a,9.38E+03,7.01E+03,2.41E+05,6.44E-04,2.86E+04,2.86E+04,Recommended,n/a,n/a,5.44E-05,n/a,1.56E-05,n/a,7.59E-05,n/a,1.32E-08,n/a,9.01E-06,n/a,1.50E-05,n/a,Recommended,n/a,n/a,n/a,
7790945,7790-94-5,CHLOROSULFONIC ACID,n/a,8.64E+01,8.44E+01,5.54E+02,1.63E-01,1.51E+02,1.51E+02,Interim,n/a,n/a,n/a,n/a,n/a,n/a,n/a,n/a,n/a,n/a,n/a,n/a,n/a,n/a,n/a,n/a,n/a,n/a,
8001352,8001-35-2,TOXAPHENE (EXAMPLE ISOMER SHOWN BELOW),n/a,2.97E+04,2.29E+04,1.05E+06,1.01E+03,1.89E+03,1.89E+03,Recommended,n/a,8.59E-04,n/a,7.19E-04,n/a,2.20E-02,n/a,2.93E-03,n/a,4.42E-05,n/a,4.52E-05,n/a,Recommended,n/a,n/a,n/a,n/a,
8003198,8003-19-8,"1,2-DICHLOROPROPANE & 1,3-DICHLOROPROPENE",n/a,5.54E+00,5.53E+00,1.60E+03,1.05E+00,7.85E+01,7.85E+01,Interim,n/a,n/a,n/a,n/a,n/a,n/a,n/a,n/a,n/a,n/a,n/a,n/a,n/a,n/a,n/a,n/a,n/a,n/a,
8003347,8003-34-7,PYRETHRUM,n/a,8.67E+02,1.85E+02,6.09E+05,8.85E+00,1.17E+03,1.17E+03,Recommended,n/a,n/a,4.42E-07,n/a,9.32E-08,n/a,5.72E-06,n/a,3.39E-07,n/a,1.70E-08,n/a,2.90E-07,n/a,Recommended,n/a,n/a,n/a,
8004873,8004-87-3,"C,I, BASIC VIOLET 1",n/a,1.67E+00,1.02E+00,4.45E+01,3.83E-14,8.36E-03,8.36E-03,Interim,n/a,n/a,n/a,n/a,n/a,n/a,n/a,n/a,n/a,n/a,n/a,n/a,n/a,n/a,n/a,n/a,n/a,n/a,
8004920,8004-92-0,QUINOLINE YELLOW,n/a,2.95E+00,2.45E+00,3.90E+01,7.48E-15,2.04E+00,2.04E+00,Interim,n/a,n/a,n/a,n/a,n/a,n/a,n/a,n/a,n/a,n/a,n/a,n/a,n/a,n/a,n/a,n/a,n/a,n/a,
8006642,8006-64-2,TURPENTINE,n/a,n/a,n/a,n/a,n/a,n/a,n/a,n/a,n/a,n/a,n/a,n/a,n/a,n/a,n/a,n/a,n/a,n/a,n/a,n/a,n/a,n/a,n/a,n/a,n/a,4.28E+00,
8015303,8015-30-3,ENOVID,n/a,n/a,n/a,n/a,n/a,n/a,n/a,n/a,n/a,1.85E-04,n/a,5.93E-05,n/a,1.26E-03,n/a,1.37E-05,n/a,9.70E-06,n/a,1.99E-05,n/a,Recommended,n/a,n/a,n/a,n/a,
8018017,8018-01-7,MANCOZEB,n/a,9.92E+02,2.96E+02,5.22E+04,1.87E-07,1.75E+03,1.75E+03,Interim,n/a,n/a,4.81E-07,n/a,1.01E-07,n/a,2.18E-06,n/a,1.42E-09,n/a,7.31E-08,n/a,1.14E-07,n/a,Interim,n/a,n/a,n/a,
8022002,8022-00-2,METHYLMECAPTOPHOS,n/a,6.04E+02,4.51E+02,1.70E+04,1.77E-02,2.46E+03,2.46E+03,Interim,n/a,n/a,n/a,n/a,n/a,n/a,n/a,n/a,n/a,n/a,n/a,n/a,n/a,n/a,n/a,n/a,n/a,n/a,
8027007,8027-00-7,DILAN,n/a,3.50E+03,2.43E+03,1.27E+05,2.10E+01,5.94E+01,5.94E+01,Interim,n/a,n/a,n/a,n/a,n/a,n/a,n/a,n/a,n/a,n/a,n/a,n/a,n/a,n/a,n/a,n/a,n/a,n/a,
8048520,8048-52-0,ACRIFLAVINE,n/a,1.07E+01,1.70E+00,6.13E+02,8.50E-11,1.71E-01,1.71E-01,Interim,n/a,n/a,n/a,n/a,n/a,n/a,n/a,n/a,n/a,n/a,n/a,n/a,n/a,n/a,n/a,n/a,n/a,n/a,
8061516,8061-51-6,"LIGNOSULFONIC ACID, SODIUM SALT",n/a,3.85E+00,2.39E+00,1.01E+02,6.66E-29,5.29E-02,5.29E-02,Interim,n/a,n/a,n/a,n/a,n/a,n/a,n/a,n/a,n/a,n/a,n/a,n/a,n/a,n/a,n/a,n/a,n/a,n/a,
8061538,8061-53-8,"LIGNOSULFONIC ACID, AMMONIUM SALT",n/a,4.99E+02,3.23E+02,1.22E+04,8.79E-22,4.89E+01,4.89E+01,Interim,n/a,n/a,n/a,n/a,n/a,n/a,n/a,n/a,n/a,n/a,n/a,n/a,n/a,n/a,n/a,n/a,n/a,n/a,
8065369,8065-36-9,BUFENCARB,n/a,1.61E+04,1.44E+04,1.69E+06,3.67E+02,5.18E+04,5.18E+04,Interim,n/a,n/a,n/a,n/a,n/a,n/a,n/a,n/a,n/a,n/a,n/a,n/a,n/a,n/a,n/a,n/a,n/a,n/a,
9002931,9002-93-1,OCTOXYNOL,n/a,6.82E-04,1.17E-04,2.49E+02,1.86E-05,3.53E-01,3.53E-01,Recommended,n/a,n/a,n/a,n/a,n/a,n/a,n/a,n/a,n/a,n/a,n/a,n/a,n/a,n/a,n/a,n/a,n/a,n/a,
9004700,9004-70-0,"CELLULOSE, NITRATE",n/a,3.20E+00,3.03E+00,1.98E+01,1.55E-20,3.40E+00,3.40E+00,Interim,n/a,n/a,n/a,n/a,n/a,n/a,n/a,n/a,n/a,n/a,n/a,n/a,n/a,n/a,n/a,n/a,n/a,n/a,
9004824,9004-82-4,SODIUM LAURYL ETHER SULFATE,n/a,5.39E+02,3.67E+02,1.21E+04,4.14E-12,1.13E+02,1.13E+02,Interim,n/a,n/a,n/a,n/a,n/a,n/a,n/a,n/a,n/a,n/a,n/a,n/a,n/a,n/a,n/a,n/a,n/a,n/a,
9006422,9006-42-2,METIRAM,n/a,5.67E+01,2.83E+01,2.05E+03,4.10E-11,4.23E-01,4.23E-01,Interim,n/a,n/a,1.03E-06,n/a,6.61E-07,n/a,1.83E-07,n/a,3.13E-10,n/a,3.76E-11,n/a,9.97E-11,n/a,Interim,n/a,n/a,n/a,
10004441,10004-44-1,3-HYDROXY-5-METHYLISOXAZOLE,n/a,7.78E+00,2.49E+00,4.03E+02,9.88E-06,1.71E+01,1.71E+01,Recommended,n/a,n/a,n/a,n/a,n/a,n/a,n/a,n/a,n/a,n/a,n/a,n/a,n/a,n/a,n/a,n/a,n/a,n/a,
10024972,10024-97-2,NITROUS OXIDE,n/a,n/a,n/a,n/a,n/a,n/a,n/a,n/a,2.98E+02,n/a,n/a,n/a,n/a,n/a,n/a,n/a,n/a,n/a,n/a,n/a,n/a,n/a,n/a,n/a,n/a,n/a,
10031820,10031-82-0,"BENZALDEHYDE, 4-ETHOXY-",n/a,3.02E+00,2.72E+00,4.61E+02,2.64E-02,7.66E+01,7.66E+01,Interim,n/a,n/a,n/a,n/a,n/a,n/a,n/a,n/a,n/a,n/a,n/a,n/a,n/a,n/a,n/a,n/a,n/a,n/a,
10034932,10034-93-2,HYDRAZINE SULFATE,n/a,n/a,n/a,n/a,n/a,n/a,n/a,n/a,n/a,1.67E-05,n/a,1.08E-05,n/a,1.07E-05,n/a,6.27E-09,n/a,2.72E-06,n/a,3.96E-06,n/a,Interim,n/a,n/a,n/a,n/a,
10048132,10048-13-2,STERIGMATOCYSTIN,n/a,n/a,n/a,n/a,n/a,n/a,n/a,n/a,n/a,1.64E-04,n/a,3.81E-05,n/a,8.03E-04,n/a,5.08E-06,n/a,9.12E-06,n/a,6.08E-05,n/a,Interim,n/a,n/a,n/a,n/a,
10061015,10061-01-5,"1,3-DICHLOROPROPENE, (Z)",n/a,2.11E-01,2.08E-01,7.12E+02,3.89E-02,2.59E+01,2.59E+01,Recommended,n/a,n/a,n/a,n/a,n/a,n/a,n/a,n/a,n/a,n/a,n/a,n/a,n/a,n/a,n/a,n/a,n/a,3.70E+00,
10061026,10061-02-6,"TRANS-1,3-DICHLOROPROPENE",n/a,n/a,n/a,n/a,n/a,n/a,n/a,n/a,n/a,n/a,n/a,n/a,n/a,n/a,n/a,n/a,n/a,n/a,n/a,n/a,n/a,n/a,n/a,n/a,n/a,5.03E+00,
10102439,10102-43-9,NITRIC OXIDE,1.07E+00,n/a,n/a,n/a,n/a,n/a,n/a,n/a,n/a,n/a,n/a,n/a,n/a,n/a,n/a,n/a,n/a,n/a,n/a,n/a,n/a,n/a,n/a,n/a,n/a,2.48E+01,
10102440,10102-44-0,NITROGEN DIOXIDE,7.00E-01,n/a,n/a,n/a,n/a,n/a,n/a,n/a,n/a,n/a,n/a,n/a,n/a,n/a,n/a,n/a,n/a,n/a,n/a,n/a,n/a,n/a,n/a,7.22E-03,n/a,1.68E+01,
10114586,10114-58-6,BISMARK BROWN Y,n/a,8.91E+02,5.55E+02,2.31E+04,1.45E-16,1.99E+01,1.99E+01,Interim,n/a,n/a,n/a,n/a,n/a,n/a,n/a,n/a,n/a,n/a,n/a,n/a,n/a,n/a,n/a,n/a,n/a,n/a,
10143234,10143-23-4,"DIMETHYLPENTANOL (2,3-DIMETHYL-1-PENTANOL)",n/a,n/a,n/a,n/a,n/a,n/a,n/a,n/a,n/a,n/a,n/a,n/a,n/a,n/a,n/a,n/a,n/a,n/a,n/a,n/a,n/a,n/a,n/a,n/a,n/a,2.23E+00,
10222012,10222-01-2,"2,2-DIBROMO-2-CYANOACETAMIDE",n/a,7.15E+03,7.12E+03,2.63E+04,4.45E-01,9.82E+03,9.82E+03,Recommended,n/a,n/a,n/a,n/a,n/a,n/a,n/a,n/a,n/a,n/a,n/a,n/a,n/a,n/a,n/a,n/a,n/a,n/a,
10265926,10265-92-6,METHAMIDPHOS,n/a,6.71E+02,6.17E+02,9.95E+03,6.81E-06,2.77E+03,2.77E+03,Recommended,n/a,n/a,2.33E-05,n/a,7.82E-06,n/a,3.04E-05,n/a,5.16E-09,n/a,8.46E-06,n/a,1.28E-05,n/a,Recommended,n/a,n/a,n/a,
10311849,10311-84-9,DIALIFOR,n/a,2.34E+02,1.17E+02,1.49E+04,5.77E-02,2.68E+03,2.68E+03,Interim,n/a,n/a,5.35E-05,n/a,2.80E-05,n/a,1.84E-03,n/a,4.21E-05,n/a,3.33E-04,n/a,8.51E-04,n/a,Recommended,n/a,n/a,n/a,
10380286,10380-28-6,"BIS(8-QUINOLINOLATO-(N1,O8))COPPER",n/a,6.27E+02,9.77E+01,3.61E+04,1.89E-04,3.42E+00,3.42E+00,Interim,n/a,n/a,n/a,n/a,n/a,n/a,n/a,n/a,n/a,n/a,n/a,n/a,n/a,n/a,n/a,n/a,n/a,n/a,
10405853,10405-85-3,TRANS-4-NONENE,n/a,n/a,n/a,n/a,n/a,n/a,n/a,n/a,n/a,n/a,n/a,n/a,n/a,n/a,n/a,n/a,n/a,n/a,n/a,n/a,n/a,n/a,n/a,n/a,n/a,4.54E+00,
10443706,10443-70-6,MCPB-ETHYL,n/a,2.22E+02,1.29E+02,7.64E+03,1.99E-02,1.97E+02,1.97E+02,Interim,n/a,n/a,n/a,n/a,n/a,n/a,n/a,n/a,n/a,n/a,n/a,n/a,n/a,n/a,n/a,n/a,n/a,n/a,
10453868,10453-86-8,RESMETHRIN,n/a,3.37E+04,3.00E+03,2.66E+06,9.90E-01,7.66E+02,7.66E+02,Recommended,n/a,n/a,2.96E-07,n/a,6.24E-08,n/a,1.13E-06,n/a,3.16E-08,n/a,3.33E-10,n/a,2.88E-08,n/a,Recommended,n/a,n/a,n/a,
10473708,10473-70-8,1-(4-CHLOROPHENYL)-1-PHENYL-2-PROPYNYL CARBAMATE,n/a,n/a,n/a,n/a,n/a,n/a,n/a,n/a,n/a,5.69E-06,n/a,2.93E-06,n/a,3.05E-05,n/a,6.21E-07,n/a,1.80E-07,n/a,2.66E-06,n/a,Recommended,n/a,n/a,n/a,n/a,
10540291,10540-29-1,TAMOXIFEN,n/a,2.82E+02,3.15E+01,1.99E+04,3.77E-03,3.08E+00,3.08E+00,Interim,n/a,n/a,n/a,n/a,n/a,n/a,n/a,n/a,n/a,n/a,n/a,n/a,n/a,n/a,n/a,n/a,n/a,n/a,
10552746,10552-74-6,NITROTHAL-ISOPROPYL,n/a,3.14E+02,2.85E+02,1.84E+04,4.40E+00,8.01E+02,8.01E+02,Recommended,n/a,n/a,n/a,n/a,n/a,n/a,n/a,n/a,n/a,n/a,n/a,n/a,n/a,n/a,n/a,n/a,n/a,n/a,
10574364,10574-36-4,CIS-3-METHYL-2-HEXENE,n/a,n/a,n/a,n/a,n/a,n/a,n/a,n/a,n/a,n/a,n/a,n/a,n/a,n/a,n/a,n/a,n/a,n/a,n/a,n/a,n/a,n/a,n/a,n/a,n/a,1.01E+01,
10574375,10574-37-5,"2,3-DIMETHYL-2-PENTENE",n/a,n/a,n/a,n/a,n/a,n/a,n/a,n/a,n/a,n/a,n/a,n/a,n/a,n/a,n/a,n/a,n/a,n/a,n/a,n/a,n/a,n/a,n/a,n/a,n/a,9.74E+00,
10589749,10589-74-9,1-AMYL-1-NITROSOUREA,n/a,n/a,n/a,n/a,n/a,n/a,n/a,n/a,n/a,6.93E-05,n/a,2.35E-05,n/a,8.07E-05,n/a,2.52E-08,n/a,4.60E-06,n/a,8.77E-06,n/a,Recommended,n/a,n/a,n/a,n/a,
10595956,10595-95-6,N-METHYL-N-NITROSOETHAMINE,n/a,n/a,n/a,n/a,n/a,n/a,n/a,n/a,n/a,6.74E-04,n/a,1.47E-04,n/a,1.68E-03,n/a,8.96E-07,n/a,3.29E-04,n/a,4.09E-04,n/a,Recommended,n/a,n/a,n/a,n/a,
10599903,10599-90-3,CHLORAMIDE,n/a,1.47E+04,1.42E+04,7.20E+04,2.64E-09,1.56E+04,1.56E+04,Recommended,n/a,n/a,6.79E-07,n/a,3.80E-07,n/a,5.23E-07,n/a,8.83E-11,n/a,1.13E-07,n/a,1.68E-07,n/a,Recommended,n/a,n/a,n/a,
10605217,10605-21-7,CARBENDAZIM,n/a,1.54E+04,6.34E+03,7.41E+05,4.77E-04,5.46E+04,5.46E+04,Recommended,n/a,n/a,3.14E-07,n/a,7.04E-08,n/a,1.51E-06,n/a,7.74E-10,n/a,1.11E-07,n/a,2.07E-07,n/a,Recommended,n/a,n/a,n/a,
11067815,11067-81-5,TETRAPROPYLENEBENZENESULFONIC ACID,n/a,7.10E+00,3.26E+00,4.31E+02,5.55E-03,6.49E-02,6.49E-02,Recommended,n/a,n/a,n/a,n/a,n/a,n/a,n/a,n/a,n/a,n/a,n/a,n/a,n/a,n/a,n/a,n/a,n/a,n/a,
11096825,11096-82-5,AROCLOR 1260,n/a,3.56E+02,3.02E+02,2.01E+04,3.83E+01,4.92E+01,4.92E+01,Recommended,n/a,3.69E-03,n/a,3.33E-03,n/a,1.37E-01,n/a,3.72E-02,n/a,4.89E-04,n/a,4.92E-04,n/a,Recommended,n/a,n/a,n/a,n/a,
11097691,11097-69-1,AROCLOR 1254,n/a,4.46E+03,4.12E+03,2.46E+05,1.07E+03,8.68E+02,8.68E+02,Recommended,n/a,1.89E-03,7.61E-01,1.80E-03,7.24E-01,6.35E-02,2.55E+01,1.92E-02,7.73E+00,3.36E-04,1.35E-01,3.37E-04,1.36E-01,Recommended,Recommended,n/a,n/a,n/a,
11104282,11104-28-2,AROCLOR 1221,n/a,1.55E+01,1.49E+01,5.31E+03,2.38E+00,3.02E+01,3.02E+01,Recommended,n/a,n/a,n/a,n/a,n/a,n/a,n/a,n/a,n/a,n/a,n/a,n/a,n/a,n/a,n/a,n/a,n/a,n/a,
11141165,11141-16-5,AROCLOR 1232,n/a,1.87E+01,1.80E+01,6.41E+03,2.87E+00,3.64E+01,3.64E+01,Recommended,n/a,n/a,n/a,n/a,n/a,n/a,n/a,n/a,n/a,n/a,n/a,n/a,n/a,n/a,n/a,n/a,n/a,n/a,
11141176,11141-17-6,AZADIRACHTIN,n/a,1.84E+02,6.15E+01,9.54E+03,4.84E-08,2.78E+02,2.78E+02,Interim,n/a,n/a,n/a,n/a,n/a,n/a,n/a,n/a,n/a,n/a,n/a,n/a,n/a,n/a,n/a,n/a,n/a,n/a,
12002481,12002-48-1,TRICHLOROBENZENES,n/a,3.82E+00,3.79E+00,1.14E+03,8.99E-01,2.16E+01,2.16E+01,Interim,n/a,n/a,n/a,n/a,n/a,n/a,n/a,n/a,n/a,n/a,n/a,n/a,n/a,n/a,n/a,n/a,n/a,n/a,
12002538,12002-53-8,TRIMEDLURE,n/a,7.55E-04,1.92E-04,4.43E+02,3.10E-05,2.60E-01,2.60E-01,Interim,n/a,n/a,n/a,n/a,n/a,n/a,n/a,n/a,n/a,n/a,n/a,n/a,n/a,n/a,n/a,n/a,n/a,n/a,
12071839,12071-83-9,(PROPYLENEBIS(DITHIOCARBAMATO))ZINC,n/a,7.83E+01,2.21E+01,4.23E+03,4.46E-06,8.95E+00,8.95E+00,Interim,n/a,n/a,4.58E-06,n/a,1.48E-06,n/a,1.23E-05,n/a,1.16E-08,n/a,2.60E-08,n/a,5.64E-08,n/a,Interim,n/a,n/a,n/a,
12122677,12122-67-7,ZINEB,n/a,1.23E+03,3.23E+02,6.65E+04,2.09E-04,1.27E+03,1.27E+03,Recommended,n/a,8.65E-08,3.91E-07,1.93E-08,8.73E-08,3.60E-07,1.63E-06,6.89E-11,3.12E-10,6.89E-09,3.12E-08,9.04E-09,4.09E-08,Recommended,Recommended,n/a,n/a,n/a,
12427382,12427-38-2,MANEB,n/a,1.30E+03,3.88E+02,6.84E+04,2.45E-07,2.29E+03,2.29E+03,Interim,n/a,1.33E-07,4.62E-07,2.77E-08,9.65E-08,6.02E-07,2.10E-06,3.93E-10,1.37E-09,2.02E-08,7.02E-08,3.13E-08,1.09E-07,Interim,Interim,n/a,n/a,n/a,
12663466,12663-46-6,CYCLOCHLOROTINE,n/a,n/a,n/a,n/a,n/a,n/a,n/a,n/a,n/a,1.40E-05,n/a,1.24E-05,n/a,1.34E-05,n/a,1.49E-08,n/a,1.13E-07,n/a,1.31E-07,n/a,Interim,n/a,n/a,n/a,n/a,
12672296,12672-29-6,AROCLOR 1248,n/a,1.14E+03,1.04E+03,1.50E+05,3.42E+02,3.93E+02,3.93E+02,Recommended,n/a,n/a,n/a,n/a,n/a,n/a,n/a,n/a,n/a,n/a,n/a,n/a,n/a,n/a,n/a,n/a,n/a,n/a,
12674112,12674-11-2,AROCLOR 1016,n/a,6.57E+02,6.00E+02,4.65E+04,1.04E+02,9.82E+01,9.82E+01,Recommended,n/a,1.53E-05,1.24E-02,1.42E-05,1.14E-02,5.73E-04,4.62E-01,9.84E-05,7.94E-02,1.90E-06,1.53E-03,1.97E-06,1.59E-03,Recommended,Recommended,n/a,n/a,n/a,
12771685,12771-68-5,ANCYMIDOL,n/a,1.19E+02,9.31E+01,2.58E+03,4.67E-06,3.07E+02,3.07E+02,Recommended,n/a,n/a,n/a,n/a,n/a,n/a,n/a,n/a,n/a,n/a,n/a,n/a,n/a,n/a,n/a,n/a,n/a,n/a,
12789036,12789-03-6,CHLORDANE,n/a,3.01E+03,2.34E+03,2.46E+05,4.25E+02,7.06E+02,7.06E+02,Recommended,n/a,3.83E-05,4.45E-04,3.43E-05,4.19E-04,6.81E-04,8.39E-03,1.33E-04,1.63E-03,5.12E-06,6.28E-05,5.92E-06,7.25E-05,Recommended,Recommended,n/a,n/a,n/a,
13010076,13010-07-6,N-PROPYL-N'-NITRO-N-NITROSOGUANIDINE,n/a,n/a,n/a,n/a,n/a,n/a,n/a,n/a,n/a,4.53E-05,n/a,2.70E-05,n/a,7.12E-05,n/a,1.37E-08,n/a,4.77E-06,n/a,6.66E-06,n/a,Interim,n/a,n/a,n/a,n/a,
13067931,13067-93-1,CYANOFENPHOS,n/a,3.16E+02,6.48E+01,2.95E+04,1.56E-01,9.16E+01,9.16E+01,Interim,n/a,n/a,n/a,n/a,n/a,n/a,n/a,n/a,n/a,n/a,n/a,n/a,n/a,n/a,n/a,n/a,n/a,n/a,
13071799,13071-79-9,TERBUFOS,n/a,1.30E+03,8.64E+02,2.21E+06,4.32E+01,5.37E+04,5.37E+04,Recommended,n/a,n/a,1.11E-04,n/a,1.20E-05,n/a,1.65E-03,n/a,8.49E-05,n/a,4.16E-05,n/a,4.12E-04,n/a,Recommended,n/a,n/a,n/a,
13073353,13073-35-3,"L-HOMOCYSTEINE, S-ETHYL-",n/a,n/a,n/a,n/a,n/a,n/a,n/a,n/a,n/a,5.72E-06,n/a,1.41E-06,n/a,9.21E-06,n/a,5.38E-09,n/a,1.86E-06,n/a,2.71E-06,n/a,Interim,n/a,n/a,n/a,n/a,
13121705,13121-70-5,TRICYCLOHEXYLHYDROXYSTANNANE,n/a,5.67E+03,1.06E+03,3.76E+05,2.22E-01,4.79E+01,4.79E+01,Interim,n/a,n/a,1.06E-05,n/a,3.58E-06,n/a,3.51E-04,n/a,5.48E-05,n/a,4.48E-08,n/a,2.87E-07,n/a,Interim,n/a,n/a,n/a,
13150000,13150-00-0,SODIUM DODECYLTRIOXYETHYLENE SULFATE,n/a,1.02E+02,7.04E+01,2.20E+03,4.73E-14,2.51E+01,2.51E+01,Interim,n/a,n/a,n/a,n/a,n/a,n/a,n/a,n/a,n/a,n/a,n/a,n/a,n/a,n/a,n/a,n/a,n/a,n/a,
13151343,13151-34-3,3-METHYL DECANE,n/a,n/a,n/a,n/a,n/a,n/a,n/a,n/a,n/a,n/a,n/a,n/a,n/a,n/a,n/a,n/a,n/a,n/a,n/a,n/a,n/a,n/a,n/a,n/a,n/a,6.45E-01,
13171216,13171-21-6,PHOSPHAMIDON,n/a,1.18E+04,1.05E+04,2.02E+05,2.08E-04,4.99E+04,4.99E+04,Recommended,n/a,n/a,9.59E-05,n/a,4.77E-05,n/a,2.08E-04,n/a,5.20E-08,n/a,5.15E-05,n/a,8.33E-05,n/a,Recommended,n/a,n/a,n/a,
13181174,13181-17-4,BROMOFENOXIM,n/a,8.47E+02,5.21E+02,2.21E+04,4.05E-04,1.76E+01,1.76E+01,Interim,n/a,n/a,n/a,n/a,n/a,n/a,n/a,n/a,n/a,n/a,n/a,n/a,n/a,n/a,n/a,n/a,n/a,n/a,
13194484,13194-48-4,"O-ETHYL S,S-DIPROPYL PHOSPHORODITHIOATE",n/a,4.01E+03,1.98E+03,2.12E+05,4.49E-01,1.73E+04,1.73E+04,Recommended,n/a,n/a,7.65E-05,n/a,1.85E-05,n/a,1.86E-04,n/a,1.35E-06,n/a,1.58E-05,n/a,1.24E-04,n/a,Recommended,n/a,n/a,n/a,
13254347,13254-34-7,"DIMETHYL HEPTANOL (2,6-DIMETHYL-2-HEPTANOL)",n/a,n/a,n/a,n/a,n/a,n/a,n/a,n/a,n/a,n/a,n/a,n/a,n/a,n/a,n/a,n/a,n/a,n/a,n/a,n/a,n/a,n/a,n/a,n/a,n/a,9.41E-01,
13256069,13256-06-9,N-NITROSODIAMYLAMINE,n/a,n/a,n/a,n/a,n/a,n/a,n/a,n/a,n/a,7.42E-06,n/a,1.30E-06,n/a,1.28E-05,n/a,2.59E-07,n/a,9.96E-08,n/a,5.60E-07,n/a,Recommended,n/a,n/a,n/a,n/a,
13256116,13256-11-6,NITROSO-N-METHYL-N-(2-PHENYL)ETHYLAMINE,n/a,n/a,n/a,n/a,n/a,n/a,n/a,n/a,n/a,3.91E-03,n/a,1.41E-03,n/a,9.13E-03,n/a,4.21E-06,n/a,1.13E-04,n/a,1.74E-04,n/a,Recommended,n/a,n/a,n/a,n/a,
13269528,13269-52-8,TRANS-3-HEXENE,n/a,n/a,n/a,n/a,n/a,n/a,n/a,n/a,n/a,n/a,n/a,n/a,n/a,n/a,n/a,n/a,n/a,n/a,n/a,n/a,n/a,n/a,n/a,n/a,n/a,7.57E+00,
13286721,13286-72-1,"3,9-DIETHYL UNDECANE",n/a,n/a,n/a,n/a,n/a,n/a,n/a,n/a,n/a,n/a,n/a,n/a,n/a,n/a,n/a,n/a,n/a,n/a,n/a,n/a,n/a,n/a,n/a,n/a,n/a,5.15E-01,
13287213,13287-21-3,6-METHYL TRIDECANE,n/a,n/a,n/a,n/a,n/a,n/a,n/a,n/a,n/a,n/a,n/a,n/a,n/a,n/a,n/a,n/a,n/a,n/a,n/a,n/a,n/a,n/a,n/a,n/a,n/a,4.56E-01,
13292461,13292-46-1,RIFAMPIN,n/a,n/a,n/a,n/a,n/a,n/a,n/a,n/a,n/a,9.58E-06,n/a,8.53E-06,n/a,2.72E-06,n/a,3.69E-08,n/a,2.84E-09,n/a,5.24E-08,n/a,Recommended,n/a,n/a,n/a,n/a,
13311847,13311-84-7,"PROPANAMIDE, 2-METHYL-N-[4-NITRO-3-(TRIFLUOROMET",n/a,1.80E+03,1.36E+03,3.25E+04,2.73E-01,8.63E+02,8.63E+02,Interim,n/a,n/a,n/a,n/a,n/a,n/a,n/a,n/a,n/a,n/a,n/a,n/a,n/a,n/a,n/a,n/a,n/a,n/a,
13356086,13356-08-6,FENBUTATIN OXIDE,n/a,1.04E-06,6.46E-07,2.73E-05,1.32E-21,1.16E-08,1.16E-08,Interim,n/a,n/a,1.23E-05,n/a,1.17E-05,n/a,2.12E-07,n/a,4.31E-17,n/a,9.06E-11,n/a,2.84E-07,n/a,Interim,n/a,n/a,n/a,
13360457,13360-45-7,CHLORBROMURON,n/a,8.14E+02,6.20E+02,1.60E+04,1.26E-02,8.96E+02,8.96E+02,Recommended,n/a,n/a,n/a,n/a,n/a,n/a,n/a,n/a,n/a,n/a,n/a,n/a,n/a,n/a,n/a,n/a,n/a,n/a,
13360617,13360-61-7,1-PENTADECENE,n/a,n/a,n/a,n/a,n/a,n/a,n/a,n/a,n/a,n/a,n/a,n/a,n/a,n/a,n/a,n/a,n/a,n/a,n/a,n/a,n/a,n/a,n/a,n/a,n/a,1.25E+00,
13389429,13389-42-9,TRANS-2-OCTENE,n/a,n/a,n/a,n/a,n/a,n/a,n/a,n/a,n/a,n/a,n/a,n/a,n/a,n/a,n/a,n/a,n/a,n/a,n/a,n/a,n/a,n/a,n/a,n/a,n/a,6.00E+00,
13411160,13411-16-0,"2-PYRIDINEMETHANOL, 6-[2-(5-NITRO-2-FURANYL)ETHE",n/a,2.11E+02,7.93E+01,1.03E+04,1.12E-06,1.91E+02,1.91E+02,Interim,n/a,n/a,n/a,n/a,n/a,n/a,n/a,n/a,n/a,n/a,n/a,n/a,n/a,n/a,n/a,n/a,n/a,n/a,
13457186,13457-18-6,PYRAZOPHOS,n/a,1.01E+03,2.89E+02,5.63E+04,2.18E-02,1.33E+03,1.33E+03,Recommended,n/a,n/a,2.56E-06,n/a,7.07E-07,n/a,1.22E-05,n/a,7.28E-08,n/a,2.88E-07,n/a,1.89E-06,n/a,Recommended,n/a,n/a,n/a,
13463417,13463-41-7,"ZINC, BIS(1-HYDROXY-2(1H)-PYRIDINETHIONATO-O,S)-, (T-4)-",n/a,7.82E+04,5.80E+04,1.44E+06,1.84E-02,3.00E+04,3.00E+04,Interim,n/a,n/a,n/a,n/a,n/a,n/a,n/a,n/a,n/a,n/a,n/a,n/a,n/a,n/a,n/a,n/a,n/a,n/a,
13466789,13466-78-9,3-CARENE,n/a,n/a,n/a,n/a,n/a,n/a,n/a,n/a,n/a,n/a,n/a,n/a,n/a,n/a,n/a,n/a,n/a,n/a,n/a,n/a,n/a,n/a,n/a,n/a,n/a,3.24E+00,
13552448,13552-44-8,"4,4'-METHYLENEDIANILINE DIHYDROCHLORIDE",n/a,n/a,n/a,n/a,n/a,n/a,n/a,n/a,n/a,1.06E-06,n/a,2.04E-07,n/a,5.57E-06,n/a,1.60E-08,n/a,5.17E-08,n/a,9.38E-08,n/a,Recommended,n/a,n/a,n/a,n/a,
13588288,13588-28-8,DIPROPYLENE GLYCOL METHYL ETHER: 2-(2-METHOXYPROPOXY)-1-PROPANOL,n/a,n/a,n/a,n/a,n/a,n/a,n/a,n/a,n/a,n/a,n/a,n/a,n/a,n/a,n/a,n/a,n/a,n/a,n/a,n/a,n/a,n/a,n/a,n/a,n/a,2.58E+00,
13593038,13593-03-8,QUINALPHOS,n/a,1.07E+03,2.44E+02,6.37E+04,3.44E-02,3.06E+02,3.06E+02,Recommended,n/a,n/a,2.50E-05,n/a,7.01E-06,n/a,2.83E-04,n/a,5.40E-06,n/a,1.36E-06,n/a,9.10E-06,n/a,Recommended,n/a,n/a,n/a,
13674845,13674-84-5,"2-PROPANOL, 1-CHLORO-, PHOSPHATE (3:1)",n/a,1.74E+01,7.32E+00,8.10E+02,6.63E-04,1.55E+01,1.55E+01,Recommended,n/a,n/a,n/a,n/a,n/a,n/a,n/a,n/a,n/a,n/a,n/a,n/a,n/a,n/a,n/a,n/a,n/a,n/a,
13674878,13674-87-8,"TRIS(1,3-DICHLOROISOPROPYL) PHOSPHATE",n/a,4.95E+02,2.53E+02,1.85E+04,5.52E-02,1.65E+02,1.65E+02,Recommended,n/a,1.79E-06,n/a,1.33E-06,n/a,4.15E-06,n/a,1.64E-08,n/a,3.78E-08,n/a,1.38E-07,n/a,Recommended,n/a,n/a,n/a,n/a,
13684565,13684-56-5,DESMEDIPHAM,n/a,1.61E+03,4.97E+02,8.49E+04,2.56E-04,1.09E+03,1.09E+03,Interim,n/a,n/a,n/a,n/a,n/a,n/a,n/a,n/a,n/a,n/a,n/a,n/a,n/a,n/a,n/a,n/a,n/a,n/a,
13684634,13684-63-4,PHENMEDIPHAM,n/a,1.57E+03,9.69E+02,4.22E+04,2.48E-06,2.49E+02,2.49E+02,Recommended,n/a,n/a,3.06E-07,n/a,1.92E-07,n/a,4.88E-07,n/a,2.47E-09,n/a,2.88E-09,n/a,1.54E-08,n/a,Recommended,n/a,n/a,n/a,
13743072,13743-07-2,"UREA, N-(2-HYDROXYETHYL)-N-NITROSO",n/a,n/a,n/a,n/a,n/a,n/a,n/a,n/a,n/a,2.01E-04,n/a,1.00E-04,n/a,1.84E-04,n/a,3.10E-08,n/a,5.76E-05,n/a,8.59E-05,n/a,Recommended,n/a,n/a,n/a,n/a,
13752517,13752-51-7,"MORPHOLINE, 4-[(4-MORPHOLINYLTHIO)THIOXOMETHYL]-",n/a,n/a,n/a,n/a,n/a,n/a,n/a,n/a,n/a,2.09E-07,n/a,4.81E-08,n/a,1.03E-06,n/a,1.93E-10,n/a,1.31E-07,n/a,1.65E-07,n/a,Recommended,n/a,n/a,n/a,n/a,
13826352,13826-35-2,"BENZENEMETHANOL, 3-PHENOXY-",n/a,5.21E+01,3.10E+01,1.69E+03,9.61E-05,4.42E+01,4.42E+01,Interim,n/a,n/a,n/a,n/a,n/a,n/a,n/a,n/a,n/a,n/a,n/a,n/a,n/a,n/a,n/a,n/a,n/a,n/a,
13863315,13863-31-5,TINOPAL 5BM,n/a,3.04E-03,1.88E-03,7.96E-02,2.62E-44,3.40E-05,3.40E-05,Interim,n/a,n/a,n/a,n/a,n/a,n/a,n/a,n/a,n/a,n/a,n/a,n/a,n/a,n/a,n/a,n/a,n/a,n/a,
13909734,13909-73-4,"2,3,4-TRIMETHOXYACETOPHENONE",n/a,1.94E+00,7.19E-01,2.06E+02,1.04E-03,3.12E+01,3.12E+01,Interim,n/a,n/a,n/a,n/a,n/a,n/a,n/a,n/a,n/a,n/a,n/a,n/a,n/a,n/a,n/a,n/a,n/a,n/a,
13997734,13997-73-4,2-ALLYL-4-CHLORO-PHENOL,n/a,4.75E+02,2.72E+02,7.22E+04,4.27E+00,7.87E+02,7.87E+02,Interim,n/a,n/a,n/a,n/a,n/a,n/a,n/a,n/a,n/a,n/a,n/a,n/a,n/a,n/a,n/a,n/a,n/a,n/a,
14026030,14026-03-0,R(-)-2-METHYL-N-NITROSOPIPERIDINE,n/a,n/a,n/a,n/a,n/a,n/a,n/a,n/a,n/a,1.33E-06,n/a,1.36E-07,n/a,4.33E-06,n/a,1.41E-09,n/a,2.60E-07,n/a,3.35E-07,n/a,Recommended,n/a,n/a,n/a,n/a,
14062341,14062-34-1,3-AMINOBENZOYLHYDRAZINE,n/a,3.02E+02,2.84E+02,4.98E+03,3.43E-05,1.73E+03,1.73E+03,Interim,n/a,n/a,n/a,n/a,n/a,n/a,n/a,n/a,n/a,n/a,n/a,n/a,n/a,n/a,n/a,n/a,n/a,n/a,
14064109,14064-10-9,"PROPANEDIOIC ACID, CHLORO-, DIETHYL ESTER",n/a,5.35E+02,5.23E+02,1.18E+04,3.85E+00,2.25E+03,2.25E+03,Interim,n/a,n/a,n/a,n/a,n/a,n/a,n/a,n/a,n/a,n/a,n/a,n/a,n/a,n/a,n/a,n/a,n/a,n/a,
14088712,14088-71-2,PROCLONOL,n/a,1.02E+03,6.51E+02,2.54E+04,7.68E-02,7.94E+01,7.94E+01,Interim,n/a,n/a,n/a,n/a,n/a,n/a,n/a,n/a,n/a,n/a,n/a,n/a,n/a,n/a,n/a,n/a,n/a,n/a,
14214325,14214-32-5,DIFENOXURON,n/a,2.44E+02,1.18E+02,1.05E+04,2.00E-04,5.27E+02,5.27E+02,Recommended,n/a,n/a,n/a,n/a,n/a,n/a,n/a,n/a,n/a,n/a,n/a,n/a,n/a,n/a,n/a,n/a,n/a,n/a,
14235860,14235-86-0,HYDRARGAPHEN,n/a,1.55E-01,9.58E-02,4.04E+00,7.39E-13,1.73E-03,1.73E-03,Interim,n/a,n/a,n/a,n/a,n/a,n/a,n/a,n/a,n/a,n/a,n/a,n/a,n/a,n/a,n/a,n/a,n/a,n/a,
14265442,14265-44-2,PHOSPHATE,n/a,n/a,n/a,n/a,n/a,n/a,n/a,n/a,n/a,n/a,n/a,n/a,n/a,n/a,n/a,n/a,n/a,n/a,n/a,n/a,n/a,n/a,n/a,n/a,n/a,n/a,
14315141,14315-14-1,"BENZO[B]THIOPHENE, 5-METHYL-",n/a,7.92E-01,5.83E-01,5.26E+02,2.35E-02,2.82E+00,2.82E+00,Interim,n/a,n/a,n/a,n/a,n/a,n/a,n/a,n/a,n/a,n/a,n/a,n/a,n/a,n/a,n/a,n/a,n/a,n/a,
14321278,14321-27-8,"BENZENEMETHANAMINE, N-ETHYL-",n/a,1.24E+00,5.42E-01,2.71E+02,3.01E-03,3.56E+00,3.56E+00,Interim,n/a,n/a,n/a,n/a,n/a,n/a,n/a,n/a,n/a,n/a,n/a,n/a,n/a,n/a,n/a,n/a,n/a,n/a,
14324551,14324-55-1,ETHYL ZIRAM,n/a,1.72E+03,3.13E+02,9.89E+04,1.43E-04,1.42E+02,1.42E+02,Interim,n/a,n/a,n/a,n/a,n/a,n/a,n/a,n/a,n/a,n/a,n/a,n/a,n/a,n/a,n/a,n/a,n/a,n/a,
14437173,14437-17-3,CHLORFENPROP METHYL,n/a,4.12E+04,4.02E+04,1.49E+06,1.57E+03,4.69E+04,4.69E+04,Interim,n/a,n/a,n/a,n/a,n/a,n/a,n/a,n/a,n/a,n/a,n/a,n/a,n/a,n/a,n/a,n/a,n/a,n/a,
14484641,14484-64-1,FERBAM,n/a,6.28E+03,1.02E+03,3.58E+05,7.68E-06,6.98E+02,6.98E+02,Interim,n/a,n/a,3.30E-06,n/a,6.19E-07,n/a,1.40E-05,n/a,3.07E-09,n/a,2.73E-08,n/a,3.45E-08,n/a,Interim,n/a,n/a,n/a,
14548460,14548-46-0,4-BENZOYLPYRIDINE,n/a,1.56E+01,1.23E+01,2.52E+02,3.11E-03,8.33E+00,8.33E+00,Interim,n/a,n/a,n/a,n/a,n/a,n/a,n/a,n/a,n/a,n/a,n/a,n/a,n/a,n/a,n/a,n/a,n/a,n/a,
14638541,14638-54-1,"2,4,6,8-TETRAMETHYL NONANE",n/a,n/a,n/a,n/a,n/a,n/a,n/a,n/a,n/a,n/a,n/a,n/a,n/a,n/a,n/a,n/a,n/a,n/a,n/a,n/a,n/a,n/a,n/a,n/a,n/a,7.60E-01,
14676290,14676-29-0,2-METHYL-3-ETHYL HEPTANE,n/a,n/a,n/a,n/a,n/a,n/a,n/a,n/a,n/a,n/a,n/a,n/a,n/a,n/a,n/a,n/a,n/a,n/a,n/a,n/a,n/a,n/a,n/a,n/a,n/a,9.94E-01,
14686136,14686-13-6,TRANS-2-HEPTENE,n/a,n/a,n/a,n/a,n/a,n/a,n/a,n/a,n/a,n/a,n/a,n/a,n/a,n/a,n/a,n/a,n/a,n/a,n/a,n/a,n/a,n/a,n/a,n/a,n/a,7.14E+00,
14686147,14686-14-7,TRANS-3-HEPTENE,n/a,n/a,n/a,n/a,n/a,n/a,n/a,n/a,n/a,n/a,n/a,n/a,n/a,n/a,n/a,n/a,n/a,n/a,n/a,n/a,n/a,n/a,n/a,n/a,n/a,6.32E+00,
14698294,14698-29-4,OXOLINIC ACID,n/a,8.41E+03,7.68E+03,2.18E+05,2.70E-03,7.55E+04,7.55E+04,Interim,n/a,1.57E-07,n/a,5.71E-08,n/a,5.73E-07,n/a,3.69E-10,n/a,1.98E-07,n/a,3.29E-07,n/a,Interim,n/a,n/a,n/a,n/a,
14720742,14720-74-2,"2,2,4-TRIMETHYL HEPTANE",n/a,n/a,n/a,n/a,n/a,n/a,n/a,n/a,n/a,n/a,n/a,n/a,n/a,n/a,n/a,n/a,n/a,n/a,n/a,n/a,n/a,n/a,n/a,n/a,n/a,1.16E+00,
14797558,14797-55-8,NITRATE,n/a,n/a,n/a,n/a,n/a,n/a,n/a,n/a,n/a,n/a,n/a,n/a,n/a,n/a,n/a,n/a,n/a,n/a,n/a,n/a,n/a,n/a,n/a,n/a,n/a,n/a,
14798039,14798-03-9,AMMONIUM,n/a,n/a,n/a,n/a,n/a,n/a,n/a,n/a,n/a,n/a,n/a,n/a,n/a,n/a,n/a,n/a,n/a,n/a,n/a,n/a,n/a,n/a,n/a,n/a,n/a,n/a,
14816183,14816-18-3,PHOXIM,n/a,1.11E+03,2.32E+02,1.47E+05,1.03E+00,8.28E+02,8.28E+02,Interim,n/a,n/a,3.21E-06,n/a,8.55E-07,n/a,6.75E-05,n/a,1.66E-06,n/a,3.99E-07,n/a,1.49E-06,n/a,Recommended,n/a,n/a,n/a,
14816207,14816-20-7,CHLORPHOXIM,n/a,8.11E+04,1.48E+04,6.39E+06,2.23E+01,3.61E+04,3.61E+04,Interim,n/a,n/a,n/a,n/a,n/a,n/a,n/a,n/a,n/a,n/a,n/a,n/a,n/a,n/a,n/a,n/a,n/a,n/a,
14850238,14850-23-8,TRANS-4-OCTENE,n/a,n/a,n/a,n/a,n/a,n/a,n/a,n/a,n/a,n/a,n/a,n/a,n/a,n/a,n/a,n/a,n/a,n/a,n/a,n/a,n/a,n/a,n/a,n/a,n/a,4.81E+00,
14919018,14919-01-8,TRANS-3-OCTENE,n/a,n/a,n/a,n/a,n/a,n/a,n/a,n/a,n/a,n/a,n/a,n/a,n/a,n/a,n/a,n/a,n/a,n/a,n/a,n/a,n/a,n/a,n/a,n/a,n/a,5.34E+00,
14938353,14938-35-3,4-PENTYLPHENOL,n/a,1.14E+01,7.25E+00,3.31E+03,2.11E-01,7.66E+00,7.66E+00,Recommended,n/a,n/a,n/a,n/a,n/a,n/a,n/a,n/a,n/a,n/a,n/a,n/a,n/a,n/a,n/a,n/a,n/a,n/a,
15045439,15045-43-9,"2,2,5,5-TETRAMETHYL-TETRAHYDROFURAN",n/a,1.23E-02,1.22E-02,2.87E+01,2.21E-03,1.25E+00,1.25E+00,Interim,n/a,n/a,n/a,n/a,n/a,n/a,n/a,n/a,n/a,n/a,n/a,n/a,n/a,n/a,n/a,n/a,n/a,n/a,
15245440,15245-44-0,"1,3-BENZENEDIOL, 2,4,6-TRINITRO-, LEAD(2+) SALT (1:1)",n/a,1.11E+00,7.68E-01,2.32E+01,4.02E-10,1.53E-01,1.53E-01,Interim,n/a,n/a,n/a,n/a,n/a,n/a,n/a,n/a,n/a,n/a,n/a,n/a,n/a,n/a,n/a,n/a,n/a,n/a,
15263522,15263-52-2,"S,S'-(2-(DIMETHYLAMINO)-1,3-PROPANEDIYL) CARBAM*",n/a,1.02E+03,8.61E+02,2.92E+04,4.23E-08,8.05E+03,8.05E+03,Interim,n/a,n/a,n/a,n/a,n/a,n/a,n/a,n/a,n/a,n/a,n/a,n/a,n/a,n/a,n/a,n/a,n/a,n/a,
15263533,15263-53-3,CARTAP,n/a,3.16E+03,2.67E+03,9.04E+04,1.31E-07,2.49E+04,2.49E+04,Interim,n/a,n/a,2.87E-07,n/a,9.36E-08,n/a,1.04E-06,n/a,1.94E-10,n/a,2.87E-07,n/a,3.59E-07,n/a,Recommended,n/a,n/a,n/a,
15271417,15271-41-7,TRANID,n/a,2.31E+03,2.12E+03,2.27E+04,8.94E-03,3.84E+03,3.84E+03,Interim,n/a,n/a,n/a,n/a,n/a,n/a,n/a,n/a,n/a,n/a,n/a,n/a,n/a,n/a,n/a,n/a,n/a,n/a,
15299997,15299-99-7,"N,N-DIETHYL-2-(1-NAPHTHALENYLOXY)PROPANAMIDE",n/a,7.36E+01,1.96E+01,3.93E+03,5.19E-05,1.26E+02,1.26E+02,Recommended,n/a,n/a,7.57E-08,n/a,1.63E-08,n/a,7.57E-07,n/a,9.77E-09,n/a,2.43E-08,n/a,6.44E-08,n/a,Recommended,n/a,n/a,n/a,
15310017,15310-01-7,"BENZAMIDE, 2-IODO-N-PHENYL",n/a,1.80E+02,1.17E+02,4.92E+03,9.82E-04,1.39E+02,1.39E+02,Interim,n/a,n/a,n/a,n/a,n/a,n/a,n/a,n/a,n/a,n/a,n/a,n/a,n/a,n/a,n/a,n/a,n/a,n/a,
15457053,15457-05-3,FLUORODIFEN,n/a,3.73E+02,2.67E+02,7.99E+03,1.18E+00,2.81E+01,2.81E+01,Interim,n/a,n/a,n/a,n/a,n/a,n/a,n/a,n/a,n/a,n/a,n/a,n/a,n/a,n/a,n/a,n/a,n/a,n/a,
15545489,15545-48-9,CHLORTOLURON,n/a,1.07E+02,8.15E+01,2.69E+03,4.02E-05,3.53E+02,3.53E+02,Recommended,n/a,n/a,n/a,n/a,n/a,n/a,n/a,n/a,n/a,n/a,n/a,n/a,n/a,n/a,n/a,n/a,n/a,n/a,
15662336,15662-33-6,RYANODINE,n/a,2.64E+02,1.76E+02,6.12E+03,7.68E-14,4.40E+01,4.40E+01,Interim,n/a,n/a,n/a,n/a,n/a,n/a,n/a,n/a,n/a,n/a,n/a,n/a,n/a,n/a,n/a,n/a,n/a,n/a,
15687271,15687-27-1,IBUPROFEN,n/a,3.26E+00,2.42E+00,2.09E+02,8.23E-03,3.67E+00,3.67E+00,Interim,n/a,n/a,n/a,n/a,n/a,n/a,n/a,n/a,n/a,n/a,n/a,n/a,n/a,n/a,n/a,n/a,n/a,n/a,
15764246,15764-24-6,DIPROPYLENE GLYCOL ETHYL ETHER,n/a,n/a,n/a,n/a,n/a,n/a,n/a,n/a,n/a,n/a,n/a,n/a,n/a,n/a,n/a,n/a,n/a,n/a,n/a,n/a,n/a,n/a,n/a,n/a,n/a,2.72E+00,
15827608,15827-60-8,"PHOSPHONIC ACID,   BIS 2- BIS(PHOSPHONOMETHYL)AMINO ETHYL AMINO METHYL -",n/a,1.51E+00,2.20E-01,8.47E+01,2.88E-14,3.16E-01,3.16E-01,Interim,n/a,n/a,n/a,n/a,n/a,n/a,n/a,n/a,n/a,n/a,n/a,n/a,n/a,n/a,n/a,n/a,n/a,n/a,
15862074,15862-07-4,PCB-29,n/a,1.37E+02,1.23E+02,1.05E+04,2.08E+01,1.97E+01,1.97E+01,Interim,n/a,n/a,n/a,n/a,n/a,n/a,n/a,n/a,n/a,n/a,n/a,n/a,n/a,n/a,n/a,n/a,n/a,n/a,
15869804,15869-80-4,3-ETHYL HEPTANE,n/a,n/a,n/a,n/a,n/a,n/a,n/a,n/a,n/a,n/a,n/a,n/a,n/a,n/a,n/a,n/a,n/a,n/a,n/a,n/a,n/a,n/a,n/a,n/a,n/a,1.10E+00,
15869860,15869-86-0,4-ETHYL OCTANE,n/a,n/a,n/a,n/a,n/a,n/a,n/a,n/a,n/a,n/a,n/a,n/a,n/a,n/a,n/a,n/a,n/a,n/a,n/a,n/a,n/a,n/a,n/a,n/a,n/a,7.91E-01,
15869871,15869-87-1,"2,2-DIMETHYL OCTANE",n/a,n/a,n/a,n/a,n/a,n/a,n/a,n/a,n/a,n/a,n/a,n/a,n/a,n/a,n/a,n/a,n/a,n/a,n/a,n/a,n/a,n/a,n/a,n/a,n/a,8.34E-01,
15869951,15869-95-1,"4,4-DIMETHYL OCTANE",n/a,n/a,n/a,n/a,n/a,n/a,n/a,n/a,n/a,n/a,n/a,n/a,n/a,n/a,n/a,n/a,n/a,n/a,n/a,n/a,n/a,n/a,n/a,n/a,n/a,1.14E+00,
15894709,15894-70-9,"GUANIDINE, N,N'''-1,6-HEXANEDIYLBIS N'-CYANO-",n/a,6.21E+01,2.51E+01,3.00E+03,2.40E-09,1.57E+02,1.57E+02,Interim,n/a,n/a,n/a,n/a,n/a,n/a,n/a,n/a,n/a,n/a,n/a,n/a,n/a,n/a,n/a,n/a,n/a,n/a,
15922788,15922-78-8,1-HYDROXY-2(1H)-PYRIDINETHIONE SODIUM SALT,n/a,5.75E+03,3.30E+03,2.26E+05,1.32E-10,2.07E+04,2.07E+04,Interim,n/a,n/a,n/a,n/a,n/a,n/a,n/a,n/a,n/a,n/a,n/a,n/a,n/a,n/a,n/a,n/a,n/a,n/a,
15950660,15950-66-0,"2,3,4-TRICHLOROPHENOL",n/a,5.22E+02,4.75E+02,1.43E+04,9.48E+00,2.65E+02,2.65E+02,Interim,n/a,n/a,n/a,n/a,n/a,n/a,n/a,n/a,n/a,n/a,n/a,n/a,n/a,n/a,n/a,n/a,n/a,n/a,
15972608,15972-60-8,ALACHLOR,n/a,2.67E+03,1.92E+03,7.64E+04,7.61E-02,9.28E+03,9.28E+03,Recommended,n/a,n/a,n/a,n/a,n/a,n/a,n/a,n/a,n/a,n/a,n/a,n/a,n/a,n/a,n/a,n/a,n/a,n/a,
16022698,16022-69-8,PENTACHLOROBENZYL ALCOHOL,n/a,3.95E+03,3.50E+03,5.00E+04,1.45E+01,5.98E+03,5.98E+03,Interim,n/a,n/a,n/a,n/a,n/a,n/a,n/a,n/a,n/a,n/a,n/a,n/a,n/a,n/a,n/a,n/a,n/a,n/a,
16071866,16071-86-6,"C,I, DIRECT BROWN 95",n/a,n/a,n/a,n/a,n/a,n/a,n/a,n/a,n/a,8.60E-05,n/a,7.68E-05,n/a,6.25E-07,n/a,3.82E-09,n/a,2.75E-10,n/a,1.39E-09,n/a,Interim,n/a,n/a,n/a,n/a,
16079882,16079-88-2,"1-BROMO-3-CHLORO-5,5-DIMETHYLHYDANTION",n/a,3.00E+02,2.97E+02,1.26E+03,2.49E-04,4.36E+02,4.36E+02,Recommended,n/a,n/a,n/a,n/a,n/a,n/a,n/a,n/a,n/a,n/a,n/a,n/a,n/a,n/a,n/a,n/a,n/a,n/a,
16090021,16090-02-1,CI FLUORESCENT BRIGHTENER 260,n/a,4.54E-05,2.81E-05,1.19E-03,9.30E-44,5.07E-07,5.07E-07,Recommended,n/a,n/a,n/a,n/a,n/a,n/a,n/a,n/a,n/a,n/a,n/a,n/a,n/a,n/a,n/a,n/a,n/a,n/a,
16118493,16118-49-3,CARBETAMIDE,n/a,6.64E+01,4.44E+01,2.17E+03,1.86E-05,2.43E+02,2.43E+02,Recommended,n/a,n/a,n/a,n/a,n/a,n/a,n/a,n/a,n/a,n/a,n/a,n/a,n/a,n/a,n/a,n/a,n/a,n/a,
16245797,16245-79-7,4-OCTYLANILINE,n/a,7.05E+01,2.45E+01,9.05E+04,1.42E+00,8.95E+01,8.95E+01,Interim,n/a,n/a,n/a,n/a,n/a,n/a,n/a,n/a,n/a,n/a,n/a,n/a,n/a,n/a,n/a,n/a,n/a,n/a,
16301261,16301-26-1,AZOXYETHANE,n/a,n/a,n/a,n/a,n/a,n/a,n/a,n/a,n/a,2.05E-03,n/a,9.27E-04,n/a,2.11E-03,n/a,1.91E-06,n/a,2.39E-04,n/a,5.38E-04,n/a,Recommended,n/a,n/a,n/a,n/a,
16338979,16338-97-9,N-NITROSO-DIALLYLAMINE,n/a,n/a,n/a,n/a,n/a,n/a,n/a,n/a,n/a,6.53E-06,n/a,2.59E-07,n/a,2.25E-05,n/a,1.04E-08,n/a,1.27E-06,n/a,1.70E-06,n/a,Interim,n/a,n/a,n/a,n/a,
16423680,16423-68-0,ERYTHROSINE,n/a,4.08E+00,2.70E+00,9.64E+01,8.72E-19,5.88E-01,5.88E-01,Interim,n/a,n/a,n/a,n/a,n/a,n/a,n/a,n/a,n/a,n/a,n/a,n/a,n/a,n/a,n/a,n/a,n/a,n/a,
16484778,16484-77-8,MECOPROP-P,n/a,4.43E+01,4.22E+01,4.23E+02,1.29E-04,1.25E+02,1.25E+02,Interim,n/a,n/a,n/a,n/a,n/a,n/a,n/a,n/a,n/a,n/a,n/a,n/a,n/a,n/a,n/a,n/a,n/a,n/a,
16485475,16485-47-5,"FERRATE(1-), [N-[2-[BIS(CARBOXYMETHYL)AMINO]ETHYL]-N-(2-HYDROXYETHYL)GLYCINATO(3-)]-, SODIUM",n/a,1.29E+03,1.23E+03,8.04E+03,1.28E-21,1.38E+03,1.38E+03,Interim,n/a,n/a,n/a,n/a,n/a,n/a,n/a,n/a,n/a,n/a,n/a,n/a,n/a,n/a,n/a,n/a,n/a,n/a,
16568028,16568-02-8,GYROMITRIN,n/a,n/a,n/a,n/a,n/a,n/a,n/a,n/a,n/a,2.14E-05,n/a,3.38E-06,n/a,3.09E-05,n/a,8.71E-09,n/a,8.09E-06,n/a,1.18E-05,n/a,Recommended,n/a,n/a,n/a,n/a,
16580248,16580-24-8,1-METHYL-3-ISOPROPYL CYCLOHEXANE,n/a,n/a,n/a,n/a,n/a,n/a,n/a,n/a,n/a,n/a,n/a,n/a,n/a,n/a,n/a,n/a,n/a,n/a,n/a,n/a,n/a,n/a,n/a,n/a,n/a,1.00E+00,
16672870,16672-87-0,ETHEPHON,n/a,4.44E+02,4.45E+02,1.36E+03,3.24E-08,5.60E+02,5.60E+02,Interim,n/a,n/a,5.87E-06,n/a,4.59E-06,n/a,5.19E-06,n/a,3.34E-09,n/a,2.13E-06,n/a,2.83E-06,n/a,Interim,n/a,n/a,n/a,
16699108,16699-10-8,4-(4-N-METHYL-N-NITROSAMINOSTYRYL)QUINOLINE,n/a,n/a,n/a,n/a,n/a,n/a,n/a,n/a,n/a,4.76E-05,n/a,1.87E-05,n/a,1.17E-04,n/a,1.33E-05,n/a,2.89E-08,n/a,2.37E-07,n/a,Recommended,n/a,n/a,n/a,n/a,
16747265,16747-26-5,"2,2,4-TRIMETHYL HEXANE",n/a,n/a,n/a,n/a,n/a,n/a,n/a,n/a,n/a,n/a,n/a,n/a,n/a,n/a,n/a,n/a,n/a,n/a,n/a,n/a,n/a,n/a,n/a,n/a,n/a,1.26E+00,
16747301,16747-30-1,"2,4,4-TRIMETHYL HEXANE",n/a,n/a,n/a,n/a,n/a,n/a,n/a,n/a,n/a,n/a,n/a,n/a,n/a,n/a,n/a,n/a,n/a,n/a,n/a,n/a,n/a,n/a,n/a,n/a,n/a,1.34E+00,
16752775,16752-77-5,METHOMYL,n/a,3.40E+03,3.16E+03,2.90E+04,9.98E-05,5.30E+03,5.30E+03,Recommended,n/a,n/a,1.38E-05,n/a,7.02E-06,n/a,1.22E-05,n/a,2.81E-09,n/a,2.23E-06,n/a,4.06E-06,n/a,Recommended,n/a,n/a,n/a,
16813368,16813-36-8,"1-NITROSO-5,6-DIHYDROURACIL",n/a,n/a,n/a,n/a,n/a,n/a,n/a,n/a,n/a,4.25E-04,n/a,1.80E-04,n/a,4.57E-04,n/a,7.96E-08,n/a,1.08E-04,n/a,1.83E-04,n/a,Recommended,n/a,n/a,n/a,n/a,
17026812,17026-81-2,"ACETAMIDE, N-(3-AMINO-4-ETHOXYPHENYL)-",n/a,n/a,n/a,n/a,n/a,n/a,n/a,n/a,n/a,1.75E-08,n/a,5.38E-09,n/a,8.08E-08,n/a,1.84E-11,n/a,2.38E-08,n/a,3.81E-08,n/a,Recommended,n/a,n/a,n/a,n/a,
17095248,17095-24-8,"2,7-NAPHTHALENEDISULFONIC ACID, 4-AMINO-5-HYDROXY-3,6-BIS[[4-[[2-(SULFOOXY)ETHYL]SULFONYL]PHENYL]AZO]-, TETRASODIUM SALT",n/a,1.07E+01,6.74E+00,2.71E+02,3.25E-39,5.24E-01,5.24E-01,Interim,n/a,n/a,n/a,n/a,n/a,n/a,n/a,n/a,n/a,n/a,n/a,n/a,n/a,n/a,n/a,n/a,n/a,n/a,
17109498,17109-49-8,EDIFENPHOS,n/a,3.19E+02,1.40E+02,1.42E+04,3.21E-04,2.85E+02,2.85E+02,Interim,n/a,n/a,1.67E-05,n/a,6.78E-06,n/a,5.22E-05,n/a,2.77E-07,n/a,1.04E-06,n/a,4.65E-06,n/a,Recommended,n/a,n/a,n/a,
17301289,17301-28-9,"3,6-DIMETHYL UNDECANE",n/a,n/a,n/a,n/a,n/a,n/a,n/a,n/a,n/a,n/a,n/a,n/a,n/a,n/a,n/a,n/a,n/a,n/a,n/a,n/a,n/a,n/a,n/a,n/a,n/a,6.86E-01,
17301949,17301-94-9,4-METHYL NONANE,n/a,n/a,n/a,n/a,n/a,n/a,n/a,n/a,n/a,n/a,n/a,n/a,n/a,n/a,n/a,n/a,n/a,n/a,n/a,n/a,n/a,n/a,n/a,n/a,n/a,8.57E-01,
17302282,17302-28-2,"2,6-DIMETHYL NONANE",n/a,n/a,n/a,n/a,n/a,n/a,n/a,n/a,n/a,n/a,n/a,n/a,n/a,n/a,n/a,n/a,n/a,n/a,n/a,n/a,n/a,n/a,n/a,n/a,n/a,7.88E-01,
17312537,17312-53-7,"3,6-DIMETHYL DECANE",n/a,n/a,n/a,n/a,n/a,n/a,n/a,n/a,n/a,n/a,n/a,n/a,n/a,n/a,n/a,n/a,n/a,n/a,n/a,n/a,n/a,n/a,n/a,n/a,n/a,6.95E-01,
17312571,17312-57-1,3-METHYL DODECANE,n/a,n/a,n/a,n/a,n/a,n/a,n/a,n/a,n/a,n/a,n/a,n/a,n/a,n/a,n/a,n/a,n/a,n/a,n/a,n/a,n/a,n/a,n/a,n/a,n/a,5.45E-01,
17372871,17372-87-1,"SPIRO[ISOBENZOFURAN-1(3H),9'-[9H]XANTHEN]-3-ONE,",n/a,1.99E+00,1.32E+00,4.70E+01,2.28E-19,2.87E-01,2.87E-01,Interim,n/a,n/a,n/a,n/a,n/a,n/a,n/a,n/a,n/a,n/a,n/a,n/a,n/a,n/a,n/a,n/a,n/a,n/a,
17453939,17453-93-9,5-METHYL DODECANE,n/a,n/a,n/a,n/a,n/a,n/a,n/a,n/a,n/a,n/a,n/a,n/a,n/a,n/a,n/a,n/a,n/a,n/a,n/a,n/a,n/a,n/a,n/a,n/a,n/a,4.73E-01,
17584122,17584-12-2,"1,2,4-TRIAZIN-3-AMINE, 5,6-DIMETHYL-",n/a,1.91E+00,1.52E+00,4.11E+01,8.39E-05,5.19E+00,5.19E+00,Interim,n/a,n/a,n/a,n/a,n/a,n/a,n/a,n/a,n/a,n/a,n/a,n/a,n/a,n/a,n/a,n/a,n/a,n/a,
17606314,17606-31-4,BENSULTAP,n/a,9.98E+00,8.97E-01,2.03E+03,4.26E-03,1.17E+01,1.17E+01,Interim,n/a,n/a,n/a,n/a,n/a,n/a,n/a,n/a,n/a,n/a,n/a,n/a,n/a,n/a,n/a,n/a,n/a,n/a,
17608592,17608-59-2,N-NITROSOEPHEDRINE,n/a,n/a,n/a,n/a,n/a,n/a,n/a,n/a,n/a,4.20E-07,n/a,1.86E-07,n/a,1.00E-06,n/a,6.48E-10,n/a,7.64E-08,n/a,1.20E-07,n/a,Interim,n/a,n/a,n/a,n/a,
17754904,17754-90-4,"BENZALDEHYDE, 4-(DIETHYLAMINO)-2-HYDROXY-",n/a,1.43E+02,8.74E+01,7.26E+03,2.04E-02,1.81E+03,1.81E+03,Interim,n/a,n/a,n/a,n/a,n/a,n/a,n/a,n/a,n/a,n/a,n/a,n/a,n/a,n/a,n/a,n/a,n/a,n/a,
17778880,17778-88-0,NITROGEN,n/a,n/a,n/a,n/a,n/a,n/a,n/a,n/a,n/a,n/a,n/a,n/a,n/a,n/a,n/a,n/a,n/a,n/a,n/a,n/a,n/a,n/a,n/a,n/a,n/a,n/a,
17796826,17796-82-6,"1H-ISOINDOLE-1,3(2H)-DIONE, 2-(CYCLOHEXYLTHIO)-",n/a,1.41E+03,1.17E+03,2.69E+04,2.65E-04,3.85E+03,3.85E+03,Recommended,n/a,n/a,n/a,n/a,n/a,n/a,n/a,n/a,n/a,n/a,n/a,n/a,n/a,n/a,n/a,n/a,n/a,n/a,
17804352,17804-35-2,BENOMYL,n/a,4.34E+02,9.96E+01,2.40E+04,6.48E-07,3.59E+02,3.59E+02,Recommended,n/a,n/a,5.81E-08,n/a,6.57E-09,n/a,1.44E-07,n/a,1.88E-10,n/a,2.15E-09,n/a,5.68E-09,n/a,Recommended,n/a,n/a,n/a,
17849386,17849-38-6,"BENZENEMETHANOL, 2-CHLORO-",n/a,5.42E+00,4.92E+00,5.49E+01,7.23E-04,7.36E+00,7.36E+00,Interim,n/a,n/a,n/a,n/a,n/a,n/a,n/a,n/a,n/a,n/a,n/a,n/a,n/a,n/a,n/a,n/a,n/a,n/a,
17924924,17924-92-4,ZEARALENONE,n/a,n/a,n/a,n/a,n/a,n/a,n/a,n/a,n/a,3.85E-06,n/a,2.71E-06,n/a,4.36E-06,n/a,1.20E-08,n/a,1.76E-08,n/a,1.04E-07,n/a,Recommended,n/a,n/a,n/a,n/a,
18181709,18181-70-9,IODOFENPHOS,n/a,9.33E+02,3.99E+02,1.96E+05,6.58E+00,2.80E+03,2.80E+03,Interim,n/a,n/a,n/a,n/a,n/a,n/a,n/a,n/a,n/a,n/a,n/a,n/a,n/a,n/a,n/a,n/a,n/a,n/a,
18181801,18181-80-1,"ISOPROPYL 4,4'DIBROMOBENZILATE",n/a,1.21E+03,7.54E+02,3.88E+04,1.38E+00,5.20E+02,5.20E+02,Recommended,n/a,n/a,2.17E-06,n/a,1.70E-06,n/a,1.41E-05,n/a,3.67E-07,n/a,2.17E-07,n/a,1.19E-06,n/a,Recommended,n/a,n/a,n/a,
18368633,18368-63-3,6-CHLORO-2-PICOLINE,n/a,1.09E+00,1.08E+00,3.35E+01,1.23E-01,2.31E+00,2.31E+00,Interim,n/a,n/a,n/a,n/a,n/a,n/a,n/a,n/a,n/a,n/a,n/a,n/a,n/a,n/a,n/a,n/a,n/a,n/a,
18435228,18435-22-8,3-METHYL TETRADECANE,n/a,n/a,n/a,n/a,n/a,n/a,n/a,n/a,n/a,n/a,n/a,n/a,n/a,n/a,n/a,n/a,n/a,n/a,n/a,n/a,n/a,n/a,n/a,n/a,n/a,4.80E-01,
18467771,18467-77-1,",ALPHA,-L-XYLO-2-HEXULOFURANOSONIC ACID, 2,3:4,6",n/a,1.90E+00,1.78E+00,3.25E+01,1.21E-05,1.12E+01,1.12E+01,Interim,n/a,n/a,n/a,n/a,n/a,n/a,n/a,n/a,n/a,n/a,n/a,n/a,n/a,n/a,n/a,n/a,n/a,n/a,
18479497,18479-49-7,"1-OCTEN-3-OL, 3,7-DIMETHYL-",n/a,2.78E-01,2.88E-01,1.87E+02,3.48E-02,1.83E+01,1.83E+01,Recommended,n/a,n/a,n/a,n/a,n/a,n/a,n/a,n/a,n/a,n/a,n/a,n/a,n/a,n/a,n/a,n/a,n/a,n/a,
18491151,18491-15-1,"1-HYDROXY-2,2,4-TRIMETHYLPENTYL-3-ISOBUTYRATE",n/a,n/a,n/a,n/a,n/a,n/a,n/a,n/a,n/a,n/a,n/a,n/a,n/a,n/a,n/a,n/a,n/a,n/a,n/a,n/a,n/a,n/a,n/a,n/a,n/a,8.86E-01,
18523698,18523-69-8,ACETONE[4-(5-NITRO-2-FURYL)-2-THIAZOLYL]HYDRAZONE,n/a,n/a,n/a,n/a,n/a,n/a,n/a,n/a,n/a,9.50E-06,n/a,5.48E-06,n/a,1.79E-05,n/a,1.39E-07,n/a,3.34E-08,n/a,1.01E-07,n/a,Interim,n/a,n/a,n/a,n/a,
18530568,18530-56-8,NOREA,n/a,1.26E+02,9.38E+01,2.97E+03,2.33E-03,2.38E+02,2.38E+02,Interim,n/a,n/a,n/a,n/a,n/a,n/a,n/a,n/a,n/a,n/a,n/a,n/a,n/a,n/a,n/a,n/a,n/a,n/a,
18559949,18559-94-9,ALBUTEROL,n/a,n/a,n/a,n/a,n/a,n/a,n/a,n/a,n/a,5.68E-07,n/a,9.69E-08,n/a,1.14E-06,n/a,6.68E-10,n/a,1.60E-07,n/a,2.91E-07,n/a,Interim,n/a,n/a,n/a,n/a,
18662538,18662-53-8,TRSODIUM NITRILOTRIACETATE MONOHYDRATE,n/a,n/a,n/a,n/a,n/a,n/a,n/a,n/a,n/a,6.50E-08,n/a,8.85E-09,n/a,7.57E-08,n/a,4.28E-11,n/a,8.08E-09,n/a,1.41E-08,n/a,Interim,n/a,n/a,n/a,n/a,
18691979,18691-97-9,METHABENZTHIAZURON,n/a,3.64E+02,1.73E+02,1.56E+04,3.25E-04,4.59E+02,4.59E+02,Recommended,n/a,n/a,n/a,n/a,n/a,n/a,n/a,n/a,n/a,n/a,n/a,n/a,n/a,n/a,n/a,n/a,n/a,n/a,
18854018,18854-01-8,ISOXATHION,n/a,9.14E+01,1.39E+01,1.26E+04,7.39E-02,9.44E+00,9.44E+00,Interim,n/a,n/a,n/a,n/a,n/a,n/a,n/a,n/a,n/a,n/a,n/a,n/a,n/a,n/a,n/a,n/a,n/a,n/a,
19044883,19044-88-3,ORYZALIN,n/a,7.55E+03,4.91E+03,2.21E+05,1.17E-02,1.05E+04,1.05E+04,Interim,n/a,n/a,5.13E-07,n/a,3.18E-07,n/a,2.23E-06,n/a,3.10E-08,n/a,1.06E-07,n/a,3.37E-07,n/a,Interim,n/a,n/a,n/a,
19329896,19329-89-6,"PROPANOIC ACID, 2-HYDROXY-, 3-METHYLBUTYL ESTER",n/a,6.89E+00,6.18E+00,1.22E+02,6.55E-03,2.50E+01,2.50E+01,Interim,n/a,n/a,n/a,n/a,n/a,n/a,n/a,n/a,n/a,n/a,n/a,n/a,n/a,n/a,n/a,n/a,n/a,n/a,
19335116,19335-11-6,1H-INDAZOL-5-AMINE,n/a,2.08E+00,5.21E-01,1.13E+02,4.53E-08,2.45E+00,2.45E+00,Interim,n/a,n/a,n/a,n/a,n/a,n/a,n/a,n/a,n/a,n/a,n/a,n/a,n/a,n/a,n/a,n/a,n/a,n/a,
19398777,19398-77-7,"3,4-DIETHYL HEXANE",n/a,n/a,n/a,n/a,n/a,n/a,n/a,n/a,n/a,n/a,n/a,n/a,n/a,n/a,n/a,n/a,n/a,n/a,n/a,n/a,n/a,n/a,n/a,n/a,n/a,8.92E-01,
19398891,19398-89-1,TRANS-4-DECENE,n/a,n/a,n/a,n/a,n/a,n/a,n/a,n/a,n/a,n/a,n/a,n/a,n/a,n/a,n/a,n/a,n/a,n/a,n/a,n/a,n/a,n/a,n/a,n/a,n/a,3.87E+00,
19666309,19666-30-9,OXADIAZON,n/a,1.51E+04,7.05E+03,6.41E+05,2.23E+00,6.28E+03,6.28E+03,Recommended,n/a,n/a,1.95E-05,n/a,1.10E-05,n/a,3.08E-04,n/a,7.70E-06,n/a,3.04E-06,n/a,1.13E-05,n/a,Recommended,n/a,n/a,n/a,
19937598,19937-59-8,METOXURON,n/a,7.08E+00,6.13E+00,1.25E+02,2.93E-04,2.48E+01,2.48E+01,Recommended,n/a,n/a,n/a,n/a,n/a,n/a,n/a,n/a,n/a,n/a,n/a,n/a,n/a,n/a,n/a,n/a,n/a,n/a,
20030302,20030-30-2,"2-CYCLOHEXEN-1-ONE, 2,5,6-TRIMETHYL-",n/a,3.88E-02,4.04E-02,7.48E+01,2.51E-03,3.82E+00,3.82E+00,Recommended,n/a,n/a,n/a,n/a,n/a,n/a,n/a,n/a,n/a,n/a,n/a,n/a,n/a,n/a,n/a,n/a,n/a,n/a,
20056922,20056-92-2,7-DODECEN-1-OL (Z),n/a,1.11E+01,5.82E+00,2.91E+03,2.72E-02,2.93E+01,2.93E+01,Interim,n/a,n/a,n/a,n/a,n/a,n/a,n/a,n/a,n/a,n/a,n/a,n/a,n/a,n/a,n/a,n/a,n/a,n/a,
20120336,20120-33-6,"PHOSPHONIC ACID,  3- (HYDROXYMETHYL)AMINO -3-OXOPROPYL -, DIMETHYL ESTER",n/a,3.57E+00,3.20E+00,5.49E+01,1.68E-10,1.30E+01,1.30E+01,Recommended,n/a,n/a,n/a,n/a,n/a,n/a,n/a,n/a,n/a,n/a,n/a,n/a,n/a,n/a,n/a,n/a,n/a,n/a,
20237347,20237-34-7,"TRANS-1,3-HEXADIENE",n/a,n/a,n/a,n/a,n/a,n/a,n/a,n/a,n/a,n/a,n/a,n/a,n/a,n/a,n/a,n/a,n/a,n/a,n/a,n/a,n/a,n/a,n/a,n/a,n/a,1.04E+01,
20265967,20265-96-7,"BENZENAMINE, 4-CHLORO-, HYDROCHLORIDE",n/a,n/a,n/a,n/a,n/a,n/a,n/a,n/a,n/a,1.15E-05,n/a,8.29E-06,n/a,1.22E-05,n/a,2.29E-09,n/a,9.32E-07,n/a,1.14E-06,n/a,Interim,n/a,n/a,n/a,n/a,
20292084,20292-08-4,"DODECANOIC ACID, 2-ETHYLHEXYL ESTER",n/a,6.47E-04,7.60E-05,2.23E+00,1.58E-06,2.74E-04,2.74E-04,Recommended,n/a,n/a,n/a,n/a,n/a,n/a,n/a,n/a,n/a,n/a,n/a,n/a,n/a,n/a,n/a,n/a,n/a,n/a,
20296291,20296-29-1,3-OCTANOL,n/a,n/a,n/a,n/a,n/a,n/a,n/a,n/a,n/a,n/a,n/a,n/a,n/a,n/a,n/a,n/a,n/a,n/a,n/a,n/a,n/a,n/a,n/a,n/a,n/a,2.28E+00,
20301637,20301-63-7,"PHOSPHORODITHIOIC ACID, S-[2-(ETHYLSULFONYL)ETHY",n/a,8.20E+01,6.55E+01,2.52E+03,5.97E-03,6.45E+02,6.45E+02,Interim,n/a,n/a,n/a,n/a,n/a,n/a,n/a,n/a,n/a,n/a,n/a,n/a,n/a,n/a,n/a,n/a,n/a,n/a,
20325400,20325-40-0,"[1,1'-BIPHENYL]-4,4'-DIAMINE, 3,3'-DIMETHOXY-, DIHYDROCHLORIDE",n/a,n/a,n/a,n/a,n/a,n/a,n/a,n/a,n/a,9.30E-05,n/a,6.94E-05,n/a,8.72E-05,n/a,2.32E-08,n/a,9.24E-07,n/a,1.44E-06,n/a,Recommended,n/a,n/a,n/a,n/a,
20824560,20824-56-0,"GLYCINE, N,N'-1,2-ETHANEDIYLBIS[N-(CARBOXYMETHYL)-, DIAMMONIUM SALT",n/a,8.84E-02,1.96E-02,4.89E+00,8.79E-15,6.85E-02,6.85E-02,Interim,n/a,n/a,n/a,n/a,n/a,n/a,n/a,n/a,n/a,n/a,n/a,n/a,n/a,n/a,n/a,n/a,n/a,n/a,
20917491,20917-49-1,N-NITROSO-HEPTAMETHYLENEIMINE,n/a,n/a,n/a,n/a,n/a,n/a,n/a,n/a,n/a,7.46E-04,n/a,8.32E-05,n/a,2.30E-03,n/a,1.78E-06,n/a,7.65E-05,n/a,1.06E-04,n/a,Recommended,n/a,n/a,n/a,n/a,
21087649,21087-64-9,METRIBUZIN,n/a,7.31E+02,6.59E+02,9.49E+03,2.63E-04,1.92E+03,1.92E+03,Recommended,n/a,n/a,9.10E-07,n/a,5.44E-07,n/a,1.55E-06,n/a,1.57E-09,n/a,3.12E-07,n/a,5.93E-07,n/a,Recommended,n/a,n/a,n/a,
21259201,21259-20-1,T-2 TOXIN,n/a,1.11E+04,6.01E+03,4.10E+05,1.02E-05,1.34E+04,1.34E+04,Interim,n/a,9.66E-05,n/a,4.91E-05,n/a,2.86E-04,n/a,8.47E-07,n/a,9.33E-06,n/a,1.77E-05,n/a,Interim,n/a,n/a,n/a,n/a,
21436964,21436-96-4,"2,4-DIMETHYLANILINE HYDROCHLORIDE",n/a,n/a,n/a,n/a,n/a,n/a,n/a,n/a,n/a,2.58E-06,n/a,3.77E-08,n/a,8.13E-06,n/a,1.30E-08,n/a,5.87E-07,n/a,9.66E-07,n/a,Interim,n/a,n/a,n/a,n/a,
21436975,21436-97-5,"2,4,5-TRIMETHYLANILINE HYDROCHLORIDE",n/a,n/a,n/a,n/a,n/a,n/a,n/a,n/a,n/a,6.54E-07,n/a,1.78E-08,n/a,3.06E-06,n/a,8.78E-09,n/a,1.57E-07,n/a,2.90E-07,n/a,Recommended,n/a,n/a,n/a,n/a,
21564170,21564-17-0,2-(THIOCYANATEMETHYLTHIO)BENZOTHIAZOLE,n/a,1.39E+04,3.53E+03,7.69E+05,9.11E-03,4.55E+03,4.55E+03,Recommended,n/a,n/a,n/a,n/a,n/a,n/a,n/a,n/a,n/a,n/a,n/a,n/a,n/a,n/a,n/a,n/a,n/a,n/a,
21609905,21609-90-5,LEPTOPHOS,n/a,2.91E+02,6.87E+01,3.33E+04,6.02E-01,3.86E+01,3.86E+01,Recommended,n/a,n/a,4.84E-06,n/a,2.20E-06,n/a,1.93E-04,n/a,1.08E-05,n/a,2.41E-07,n/a,7.19E-07,n/a,Recommended,n/a,n/a,n/a,
21626891,21626-89-1,DIFTALONE,n/a,n/a,n/a,n/a,n/a,n/a,n/a,n/a,n/a,1.10E-07,n/a,6.17E-08,n/a,2.14E-07,n/a,5.23E-10,n/a,2.67E-08,n/a,5.32E-08,n/a,Recommended,n/a,n/a,n/a,n/a,
21638368,21638-36-8,4-METHYL-1-[(5-NITROFURFURYLIDENE)AMINO]-2-IMIDAZOLIDINONE,n/a,n/a,n/a,n/a,n/a,n/a,n/a,n/a,n/a,8.40E-06,n/a,4.06E-06,n/a,1.73E-05,n/a,3.57E-09,n/a,4.27E-07,n/a,6.75E-07,n/a,Recommended,n/a,n/a,n/a,n/a,
21725462,21725-46-2,CYANAZINE,n/a,1.35E+04,1.30E+04,8.61E+04,3.84E-04,2.12E+04,2.12E+04,Recommended,n/a,2.44E-05,n/a,2.11E-05,n/a,3.79E-05,n/a,1.08E-07,n/a,9.32E-06,n/a,1.59E-05,n/a,Recommended,n/a,n/a,n/a,n/a,
21757824,21757-82-4,"ACETIC ACID, 1-(3,4-DICHLOROPHENYL)-2,2,2-TRICHL",n/a,6.49E+03,5.33E+03,1.05E+05,2.52E+01,4.43E+03,4.43E+03,Interim,n/a,n/a,n/a,n/a,n/a,n/a,n/a,n/a,n/a,n/a,n/a,n/a,n/a,n/a,n/a,n/a,n/a,n/a,
21884446,21884-44-6,FLAVOMYCELIN,n/a,n/a,n/a,n/a,n/a,n/a,n/a,n/a,n/a,1.11E-05,n/a,9.01E-06,n/a,8.06E-08,n/a,1.57E-09,n/a,1.18E-11,n/a,1.36E-10,n/a,Recommended,n/a,n/a,n/a,n/a,
21923239,21923-23-9,CHLORTHIOPHOS (MAIN ISOMER),n/a,9.27E+00,2.48E-01,2.00E+06,4.90E-02,8.06E+02,8.06E+02,Interim,n/a,n/a,n/a,n/a,n/a,n/a,n/a,n/a,n/a,n/a,n/a,n/a,n/a,n/a,n/a,n/a,n/a,n/a,
22042962,22042-96-2,DEQUEST 2061 PHOSPHONATE,n/a,1.03E+00,1.50E-01,5.81E+01,2.21E-14,2.16E-01,2.16E-01,Interim,n/a,n/a,n/a,n/a,n/a,n/a,n/a,n/a,n/a,n/a,n/a,n/a,n/a,n/a,n/a,n/a,n/a,n/a,
22212551,22212-55-1,BENZOYLPROP ETHYL,n/a,2.29E+03,1.71E+03,4.37E+04,1.83E-03,1.51E+03,1.51E+03,Interim,n/a,n/a,n/a,n/a,n/a,n/a,n/a,n/a,n/a,n/a,n/a,n/a,n/a,n/a,n/a,n/a,n/a,n/a,
22224926,22224-92-6,FENAMIPHOS,n/a,1.18E+04,5.61E+03,5.21E+05,2.06E-02,2.80E+04,2.80E+04,Interim,n/a,n/a,1.49E-05,n/a,5.10E-06,n/a,6.95E-05,n/a,5.88E-07,n/a,3.74E-06,n/a,1.10E-05,n/a,Interim,n/a,n/a,n/a,
22248799,22248-79-9,TETRACHLORVINPHOS,n/a,4.26E+03,2.38E+03,1.50E+05,1.88E-02,3.87E+03,3.87E+03,Recommended,n/a,n/a,n/a,n/a,n/a,n/a,n/a,n/a,n/a,n/a,n/a,n/a,n/a,n/a,n/a,n/a,n/a,n/a,
22473785,22473-78-5,"GLYCINE, N,N'-1,2-ETHANEDIYLBIS[N-(CARBOXYMETHYL)-, TETRAAMMONIUM SALT",n/a,2.94E-01,6.52E-02,1.62E+01,2.92E-14,2.27E-01,2.27E-01,Interim,n/a,n/a,n/a,n/a,n/a,n/a,n/a,n/a,n/a,n/a,n/a,n/a,n/a,n/a,n/a,n/a,n/a,n/a,
22494479,22494-47-9,CLOBUZARIT,n/a,n/a,n/a,n/a,n/a,n/a,n/a,n/a,n/a,7.20E-07,n/a,4.43E-07,n/a,1.06E-06,n/a,7.16E-10,n/a,1.17E-08,n/a,2.17E-07,n/a,Interim,n/a,n/a,n/a,n/a,
22726007,22726-00-7,M-BROMOBENZAMIDE,n/a,8.23E+01,8.01E+01,4.15E+02,8.96E-04,1.10E+02,1.10E+02,Interim,n/a,n/a,n/a,n/a,n/a,n/a,n/a,n/a,n/a,n/a,n/a,n/a,n/a,n/a,n/a,n/a,n/a,n/a,
22781233,22781-23-3,BENDIOCARB,n/a,1.08E+04,7.79E+03,2.81E+05,1.02E+00,2.26E+04,2.26E+04,Recommended,n/a,n/a,1.22E-05,n/a,5.20E-06,n/a,2.80E-05,n/a,2.49E-08,n/a,2.29E-06,n/a,3.93E-06,n/a,Recommended,n/a,n/a,n/a,
22936750,22936-75-0,DIMETHAMRTRYNE,n/a,2.03E+02,1.00E+02,8.35E+03,4.56E-03,1.99E+02,1.99E+02,Interim,n/a,n/a,n/a,n/a,n/a,n/a,n/a,n/a,n/a,n/a,n/a,n/a,n/a,n/a,n/a,n/a,n/a,n/a,
22936863,22936-86-3,CYPRAZINE,n/a,7.27E+02,6.49E+02,9.97E+03,4.25E-03,1.92E+03,1.92E+03,Interim,n/a,n/a,n/a,n/a,n/a,n/a,n/a,n/a,n/a,n/a,n/a,n/a,n/a,n/a,n/a,n/a,n/a,n/a,
22966796,22966-79-6,ESTRADIOL MUSTARD,n/a,n/a,n/a,n/a,n/a,n/a,n/a,n/a,n/a,3.40E-04,n/a,3.23E-04,n/a,5.92E-06,n/a,7.18E-10,n/a,2.52E-09,n/a,7.86E-06,n/a,Interim,n/a,n/a,n/a,n/a,
23031256,23031-25-6,TERBUTALINE,n/a,n/a,n/a,n/a,n/a,n/a,n/a,n/a,n/a,4.54E-08,n/a,4.91E-09,n/a,1.11E-07,n/a,6.52E-11,n/a,2.86E-09,n/a,5.54E-09,n/a,Interim,n/a,n/a,n/a,n/a,
23031369,23031-36-9,PRALLETHRIN,n/a,6.09E+04,8.17E+03,1.04E+07,3.21E+01,6.57E+04,6.57E+04,Interim,n/a,n/a,n/a,n/a,n/a,n/a,n/a,n/a,n/a,n/a,n/a,n/a,n/a,n/a,n/a,n/a,n/a,n/a,
23051845,23051-84-5,TRANS-5-TRIDECENE,n/a,n/a,n/a,n/a,n/a,n/a,n/a,n/a,n/a,n/a,n/a,n/a,n/a,n/a,n/a,n/a,n/a,n/a,n/a,n/a,n/a,n/a,n/a,n/a,n/a,2.59E+00,
23103982,23103-98-2,PIRIMICARB,n/a,4.72E+01,3.48E+01,1.65E+03,1.46E-04,3.50E+02,3.50E+02,Recommended,n/a,n/a,5.04E-07,n/a,1.90E-07,n/a,2.59E-06,n/a,1.14E-09,n/a,5.47E-07,n/a,9.89E-07,n/a,Recommended,n/a,n/a,n/a,
23135220,23135-22-0,OXAMYL,n/a,1.61E+03,1.55E+03,1.62E+04,1.25E-03,5.62E+03,5.62E+03,Recommended,n/a,n/a,2.40E-06,n/a,1.41E-06,n/a,4.16E-06,n/a,7.84E-10,n/a,1.44E-06,n/a,1.86E-06,n/a,Recommended,n/a,n/a,n/a,
23184669,23184-66-9,BUTACHLOR,n/a,1.15E+03,4.58E+02,5.74E+04,7.00E-02,1.48E+03,1.48E+03,Recommended,n/a,n/a,n/a,n/a,n/a,n/a,n/a,n/a,n/a,n/a,n/a,n/a,n/a,n/a,n/a,n/a,n/a,n/a,
23305648,23305-64-8,2-[2-(2-PROPOXYETHOXY) ETHOXY] ETHANOL,n/a,n/a,n/a,n/a,n/a,n/a,n/a,n/a,n/a,n/a,n/a,n/a,n/a,n/a,n/a,n/a,n/a,n/a,n/a,n/a,n/a,n/a,n/a,n/a,n/a,2.17E+00,
23422539,23422-53-9,FORMETANATE HYDROCHLORIDE,n/a,1.24E+03,1.01E+03,1.89E+04,1.46E-08,1.17E+03,1.17E+03,Interim,n/a,n/a,n/a,n/a,n/a,n/a,n/a,n/a,n/a,n/a,n/a,n/a,n/a,n/a,n/a,n/a,n/a,n/a,
23560590,23560-59-0,HEPTENOPHOS,n/a,1.10E+03,3.25E+02,7.14E+04,1.77E-01,2.02E+03,2.02E+03,Recommended,n/a,n/a,n/a,n/a,n/a,n/a,n/a,n/a,n/a,n/a,n/a,n/a,n/a,n/a,n/a,n/a,n/a,n/a,
23564058,23564-05-8,THIOPHANATE-METHYL,n/a,1.42E+02,4.75E+01,7.29E+03,2.52E-04,1.27E+02,1.27E+02,Recommended,n/a,n/a,4.39E-07,n/a,1.63E-07,n/a,1.73E-06,n/a,5.54E-10,n/a,3.01E-08,n/a,5.25E-08,n/a,Recommended,n/a,n/a,n/a,
23564069,23564-06-9,THIOPHANATE,n/a,2.29E+00,8.78E-01,1.12E+02,2.86E-08,3.09E+00,3.09E+00,Interim,n/a,n/a,n/a,n/a,n/a,n/a,n/a,n/a,n/a,n/a,n/a,n/a,n/a,n/a,n/a,n/a,n/a,n/a,
23746341,23746-34-1,POTASSIUM BIS(2-HYDROXYETHYL)DITHIOCARBAMATE,n/a,n/a,n/a,n/a,n/a,n/a,n/a,n/a,n/a,3.29E-06,n/a,2.11E-06,n/a,2.12E-06,n/a,3.58E-10,n/a,5.03E-07,n/a,7.38E-07,n/a,Interim,n/a,n/a,n/a,n/a,
23783428,23783-42-8,"2,5,8,11-TETRAOXATRIDECAN-13-OL",n/a,n/a,n/a,n/a,n/a,n/a,n/a,n/a,n/a,n/a,n/a,n/a,n/a,n/a,n/a,n/a,n/a,n/a,n/a,n/a,n/a,n/a,n/a,n/a,n/a,1.97E+00,
23947606,23947-60-6,ETHYRIMOL,n/a,7.03E+00,1.34E+00,3.96E+02,7.21E-06,3.74E+00,3.74E+00,Recommended,n/a,n/a,n/a,n/a,n/a,n/a,n/a,n/a,n/a,n/a,n/a,n/a,n/a,n/a,n/a,n/a,n/a,n/a,
23950585,23950-58-5,PRONAMIDE,n/a,2.76E+02,2.32E+02,4.31E+03,1.10E-02,4.98E+02,4.98E+02,Recommended,n/a,1.09E-06,4.54E-07,7.85E-07,3.28E-07,3.13E-06,1.31E-06,3.79E-08,1.58E-08,3.64E-07,1.52E-07,9.27E-07,3.87E-07,Recommended,Recommended,n/a,n/a,n/a,
24017478,24017-47-8,TRIAZOPHOS,n/a,2.16E+03,5.37E+02,1.26E+05,7.80E-02,1.32E+03,1.32E+03,Recommended,n/a,n/a,6.30E-05,n/a,1.72E-05,n/a,5.14E-04,n/a,7.72E-06,n/a,5.39E-06,n/a,1.28E-05,n/a,Recommended,n/a,n/a,n/a,
24096535,24096-53-5,OHRIC,n/a,7.55E+01,7.22E+01,5.78E+02,4.28E-06,1.50E+02,1.50E+02,Interim,n/a,n/a,n/a,n/a,n/a,n/a,n/a,n/a,n/a,n/a,n/a,n/a,n/a,n/a,n/a,n/a,n/a,n/a,
24151937,24151-93-7,PIPEROPHOS,n/a,9.69E+01,2.01E+01,5.50E+03,2.58E-04,3.97E+01,3.97E+01,Interim,n/a,n/a,n/a,n/a,n/a,n/a,n/a,n/a,n/a,n/a,n/a,n/a,n/a,n/a,n/a,n/a,n/a,n/a,
24307264,24307-26-4,MEPIQUAT CHLORIDE,n/a,1.81E+01,7.72E+00,7.98E+02,1.18E-09,3.48E-02,3.48E-02,Recommended,n/a,n/a,1.03E-07,n/a,2.95E-08,n/a,1.28E-08,n/a,1.52E-11,n/a,5.57E-13,n/a,1.63E-12,n/a,Interim,n/a,n/a,n/a,
24353615,24353-61-5,"BENZOIC ACID, 2-[(AMINOMETHOXYPHOSPHINOTHIOYL)OX",n/a,5.21E+01,1.08E+01,4.12E+03,5.20E-03,2.21E+02,2.21E+02,Interim,n/a,n/a,n/a,n/a,n/a,n/a,n/a,n/a,n/a,n/a,n/a,n/a,n/a,n/a,n/a,n/a,n/a,n/a,
24382045,24382-04-5,"MALONALDEHYDE, SODIUM SALT",n/a,n/a,n/a,n/a,n/a,n/a,n/a,n/a,n/a,2.74E-06,n/a,5.39E-07,n/a,5.78E-06,n/a,3.37E-09,n/a,1.87E-06,n/a,2.73E-06,n/a,Interim,n/a,n/a,n/a,n/a,
24544045,24544-04-5,"BENZENAMINE, 2,6-BIS(1-METHYLETHYL)-",n/a,4.88E-01,3.35E-01,5.99E+02,2.64E-02,6.14E+00,6.14E+00,Interim,n/a,n/a,n/a,n/a,n/a,n/a,n/a,n/a,n/a,n/a,n/a,n/a,n/a,n/a,n/a,n/a,n/a,n/a,
24549062,24549-06-2,"BENZENAMINE, 2-ETHYL-6-METHYL-",n/a,5.32E-01,4.68E-01,6.69E+02,3.26E-02,2.64E+01,2.64E+01,Recommended,n/a,n/a,n/a,n/a,n/a,n/a,n/a,n/a,n/a,n/a,n/a,n/a,n/a,n/a,n/a,n/a,n/a,n/a,
24554265,24554-26-5,2-FORMYLAMINO-4-(5-NITRO2-FURYL)THIAZOLE,n/a,n/a,n/a,n/a,n/a,n/a,n/a,n/a,n/a,1.51E-05,n/a,9.54E-06,n/a,2.22E-05,n/a,8.83E-09,n/a,3.01E-06,n/a,5.92E-06,n/a,Recommended,n/a,n/a,n/a,n/a,
24579735,24579-73-5,PROPAMOCARB,n/a,9.27E+00,6.00E+00,3.38E+02,3.17E-05,4.55E+01,4.55E+01,Interim,n/a,n/a,3.02E-07,n/a,9.38E-08,n/a,1.05E-06,n/a,5.51E-10,n/a,1.42E-07,n/a,2.43E-07,n/a,Interim,n/a,n/a,n/a,
24589773,24589-77-3,"BENZOIC ACID, 4-HYDRAZINO-, MONOHYDROCHLORIDE",n/a,n/a,n/a,n/a,n/a,n/a,n/a,n/a,n/a,1.33E-07,n/a,5.60E-08,n/a,1.45E-07,n/a,8.49E-11,n/a,2.99E-08,n/a,5.47E-08,n/a,Interim,n/a,n/a,n/a,n/a,
24602866,24602-86-6,TRIDEMORPH,n/a,7.58E+01,1.71E+01,5.05E+04,1.46E+00,4.10E+01,4.10E+01,Recommended,n/a,n/a,n/a,n/a,n/a,n/a,n/a,n/a,n/a,n/a,n/a,n/a,n/a,n/a,n/a,n/a,n/a,n/a,
24691803,24691-80-3,FENFURAM,n/a,8.92E+01,4.80E+01,3.54E+03,6.64E-05,2.03E+02,2.03E+02,Interim,n/a,n/a,n/a,n/a,n/a,n/a,n/a,n/a,n/a,n/a,n/a,n/a,n/a,n/a,n/a,n/a,n/a,n/a,
24800440,24800-44-0,TRIPROPYLENE GLYCOL,n/a,n/a,n/a,n/a,n/a,n/a,n/a,n/a,n/a,n/a,n/a,n/a,n/a,n/a,n/a,n/a,n/a,n/a,n/a,n/a,n/a,n/a,n/a,n/a,n/a,2.18E+00,
24934916,24934-91-6,CHLORMEPHOS,n/a,2.99E+00,3.11E+00,1.32E+04,4.31E-01,7.76E+02,7.76E+02,Interim,n/a,n/a,n/a,n/a,n/a,n/a,n/a,n/a,n/a,n/a,n/a,n/a,n/a,n/a,n/a,n/a,n/a,n/a,
25013165,25013-16-5,BUTYLATED HYDROXYANISOLE,n/a,7.15E+01,4.02E+01,8.84E+03,3.60E-01,1.87E+02,1.87E+02,Interim,n/a,8.41E-08,n/a,2.59E-08,n/a,2.71E-07,n/a,2.95E-09,n/a,7.62E-09,n/a,2.88E-08,n/a,Interim,n/a,n/a,n/a,n/a,
25057890,25057-89-0,BENTAZONE,n/a,8.76E+00,7.46E+00,2.01E+02,5.35E-05,4.95E+01,4.95E+01,Recommended,n/a,n/a,3.98E-07,n/a,1.75E-07,n/a,1.24E-06,n/a,4.88E-09,n/a,3.07E-07,n/a,6.19E-07,n/a,Recommended,n/a,n/a,n/a,
25154523,25154-52-3,NONYLPHENOL,n/a,8.09E+01,2.43E+01,1.47E+04,6.85E-01,3.98E+00,3.98E+00,Recommended,n/a,n/a,n/a,n/a,n/a,n/a,n/a,n/a,n/a,n/a,n/a,n/a,n/a,n/a,n/a,n/a,n/a,n/a,
25155231,25155-23-1,DIMETHYLPHENOL PHOSPHATE (3:1),n/a,8.31E+01,4.90E+01,2.37E+03,1.74E-03,7.25E-01,7.25E-01,Interim,n/a,n/a,n/a,n/a,n/a,n/a,n/a,n/a,n/a,n/a,n/a,n/a,n/a,n/a,n/a,n/a,n/a,n/a,
25155300,25155-30-0,"DODECYLBENZENESULFONIC ACID, NA SALT",n/a,1.03E+02,6.38E+01,2.67E+03,1.04E-13,1.81E+00,1.81E+00,Interim,n/a,n/a,n/a,n/a,n/a,n/a,n/a,n/a,n/a,n/a,n/a,n/a,n/a,n/a,n/a,n/a,n/a,n/a,
25167811,25167-81-1,DICHLOROPHENOL,n/a,3.43E+02,3.26E+02,6.91E+03,4.75E+00,2.12E+02,2.12E+02,Interim,n/a,n/a,n/a,n/a,n/a,n/a,n/a,n/a,n/a,n/a,n/a,n/a,n/a,n/a,n/a,n/a,n/a,n/a,
25167822,25167-82-2,TRICHLOROPHENOL,n/a,1.07E+02,9.90E+01,1.91E+03,1.27E+00,5.77E+01,5.77E+01,Interim,n/a,n/a,n/a,n/a,n/a,n/a,n/a,n/a,n/a,n/a,n/a,n/a,n/a,n/a,n/a,n/a,n/a,n/a,
25167833,25167-83-3,TETRACHLOROPHENOLS,n/a,6.01E+03,5.79E+03,1.12E+05,2.11E+02,1.99E+03,1.99E+03,Interim,n/a,n/a,n/a,n/a,n/a,n/a,n/a,n/a,n/a,n/a,n/a,n/a,n/a,n/a,n/a,n/a,n/a,n/a,
25168154,25168-15-4,"2,4,5-T, ISOOCTYL ESTER",n/a,7.38E-01,4.33E-01,1.60E+02,2.63E-02,1.31E-01,1.31E-01,Interim,n/a,n/a,n/a,n/a,n/a,n/a,n/a,n/a,n/a,n/a,n/a,n/a,n/a,n/a,n/a,n/a,n/a,n/a,
25168267,25168-26-7,"2,4-D, ISOOCTYL ESTER",n/a,2.33E+01,1.82E+01,4.87E+03,1.88E+00,1.03E+01,1.03E+01,Recommended,n/a,n/a,n/a,n/a,n/a,n/a,n/a,n/a,n/a,n/a,n/a,n/a,n/a,n/a,n/a,n/a,n/a,n/a,
25264931,25264-93-1,HEXENE - MIXTURE OF ISOMERS,n/a,1.43E-04,1.92E-05,4.18E+01,1.14E-06,4.84E-02,4.84E-02,Recommended,n/a,n/a,n/a,n/a,n/a,n/a,n/a,n/a,n/a,n/a,n/a,n/a,n/a,n/a,n/a,n/a,n/a,n/a,
25265774,25265-77-4,"PROPANOIC ACID, 2-METHYL-, MONOESTER WITH 2,2,4-TRIMETHYL-1,3-PENTANEDIOL",n/a,2.17E+00,2.03E+00,2.45E+02,2.25E-02,2.95E+01,2.95E+01,Recommended,n/a,n/a,n/a,n/a,n/a,n/a,n/a,n/a,n/a,n/a,n/a,n/a,n/a,n/a,n/a,n/a,n/a,8.09E-01,
25306756,25306-75-6,"CARBONODITHIOIC ACID, O-(2-METHYLPROPYL) ESTER, SODIUM SALT",n/a,1.63E+00,1.61E+00,6.03E+02,3.66E-02,9.77E+01,9.77E+01,Interim,n/a,n/a,n/a,n/a,n/a,n/a,n/a,n/a,n/a,n/a,n/a,n/a,n/a,n/a,n/a,n/a,n/a,n/a,
25311711,25311-71-1,ISOFENPHOS,n/a,6.20E+03,1.09E+03,4.08E+05,1.96E-01,1.25E+04,1.25E+04,Recommended,n/a,n/a,1.45E-05,n/a,3.03E-06,n/a,1.59E-04,n/a,2.04E-06,n/a,4.87E-06,n/a,3.35E-05,n/a,Recommended,n/a,n/a,n/a,
25319908,25319-90-8,MCPA-THIOETHYL,n/a,1.57E+01,1.53E+01,2.64E+03,7.61E-01,2.61E+02,2.61E+02,Interim,n/a,n/a,n/a,n/a,n/a,n/a,n/a,n/a,n/a,n/a,n/a,n/a,n/a,n/a,n/a,n/a,n/a,n/a,
25321146,25321-14-6,DINITROTOLUENE,n/a,n/a,n/a,n/a,n/a,n/a,n/a,n/a,n/a,6.92E-06,n/a,3.51E-06,n/a,1.11E-05,n/a,5.26E-08,n/a,6.01E-07,n/a,8.24E-07,n/a,Recommended,n/a,n/a,n/a,n/a,
25321226,25321-22-6,DICHLOROBENZENE,n/a,2.35E+00,2.34E+00,5.02E+02,4.16E-01,1.08E+01,1.08E+01,Interim,n/a,n/a,n/a,n/a,n/a,n/a,n/a,n/a,n/a,n/a,n/a,n/a,n/a,n/a,n/a,n/a,n/a,n/a,
25322207,25322-20-7,TETRACHLOROETHANES,n/a,2.37E+00,2.37E+00,1.22E+02,5.21E-01,1.28E+01,1.28E+01,Interim,n/a,n/a,n/a,n/a,n/a,n/a,n/a,n/a,n/a,n/a,n/a,n/a,n/a,n/a,n/a,n/a,n/a,n/a,
25323891,25323-89-1,TRICHLOROETHANE,n/a,4.30E+00,4.30E+00,3.25E+02,7.56E-01,2.15E+01,2.15E+01,Interim,n/a,n/a,n/a,n/a,n/a,n/a,n/a,n/a,n/a,n/a,n/a,n/a,n/a,n/a,n/a,n/a,n/a,n/a,
25339177,25339-17-7,ISODECANOL,n/a,1.09E+01,1.06E+01,1.66E+03,3.15E-01,8.27E+01,8.27E+01,Recommended,n/a,n/a,n/a,n/a,n/a,n/a,n/a,n/a,n/a,n/a,n/a,n/a,n/a,n/a,n/a,n/a,n/a,1.06E+00,
25339531,25339-53-1,DECENE (MIXTURE OF ISOMERS),n/a,8.37E-04,7.15E-05,1.52E+02,5.90E-06,7.67E-02,7.67E-02,Recommended,n/a,n/a,n/a,n/a,n/a,n/a,n/a,n/a,n/a,n/a,n/a,n/a,n/a,n/a,n/a,n/a,n/a,n/a,
25339564,25339-56-4,HEPTENE,n/a,9.42E-04,1.31E-04,2.24E+02,7.45E-06,2.04E-01,2.04E-01,Recommended,n/a,n/a,n/a,n/a,n/a,n/a,n/a,n/a,n/a,n/a,n/a,n/a,n/a,n/a,n/a,n/a,n/a,n/a,
25366238,25366-23-8,THIAZAFLURON,n/a,1.59E+02,1.56E+02,7.28E+02,5.82E-04,2.04E+02,2.04E+02,Interim,n/a,n/a,n/a,n/a,n/a,n/a,n/a,n/a,n/a,n/a,n/a,n/a,n/a,n/a,n/a,n/a,n/a,n/a,
25376458,25376-45-8,DIAMINOTOLUENES,n/a,6.35E+00,4.33E+00,2.46E+02,5.51E-05,4.77E+01,4.77E+01,Recommended,n/a,n/a,n/a,n/a,n/a,n/a,n/a,n/a,n/a,n/a,n/a,n/a,n/a,n/a,n/a,n/a,n/a,n/a,
25377837,25377-83-7,OCTENE (MIXTURE OF ISOMERS),n/a,1.73E-03,2.35E-04,5.07E+02,2.11E-05,3.94E-01,3.94E-01,Recommended,n/a,n/a,n/a,n/a,n/a,n/a,n/a,n/a,n/a,n/a,n/a,n/a,n/a,n/a,n/a,n/a,n/a,n/a,
25451154,25451-15-4,FELBAMATE,n/a,n/a,n/a,n/a,n/a,n/a,n/a,n/a,n/a,4.17E-08,n/a,2.03E-08,n/a,8.47E-08,n/a,1.79E-11,n/a,2.02E-09,n/a,3.26E-09,n/a,Recommended,n/a,n/a,n/a,n/a,
25498491,25498-49-1,TRIPROPYLENE GLYCOL MONOMETHYL ETHER,n/a,n/a,n/a,n/a,n/a,n/a,n/a,n/a,n/a,n/a,n/a,n/a,n/a,n/a,n/a,n/a,n/a,n/a,n/a,n/a,n/a,n/a,n/a,n/a,n/a,1.92E+00,
25550587,25550-58-7,DINITROPHENOL,n/a,1.43E+03,1.33E+03,2.41E+04,8.70E+00,9.66E+02,9.66E+02,Interim,n/a,n/a,n/a,n/a,n/a,n/a,n/a,n/a,n/a,n/a,n/a,n/a,n/a,n/a,n/a,n/a,n/a,n/a,
25551137,25551-13-7,TRIMETHYLBENZENES,n/a,2.56E-02,1.48E-02,7.86E+02,2.73E-03,5.85E+00,5.85E+00,Interim,n/a,n/a,n/a,n/a,n/a,n/a,n/a,n/a,n/a,n/a,n/a,n/a,n/a,n/a,n/a,n/a,n/a,1.09E+01,
25586430,25586-43-0,CHLORONAPHTHALENE,n/a,5.86E+00,5.35E+00,4.06E+03,8.25E-01,2.58E+01,2.58E+01,Interim,n/a,n/a,n/a,n/a,n/a,n/a,n/a,n/a,n/a,n/a,n/a,n/a,n/a,n/a,n/a,n/a,n/a,n/a,
25606411,25606-41-1,PROPAMOCARB HCL,n/a,3.49E+00,2.20E+00,1.12E+02,6.33E-10,6.27E+00,6.27E+00,Interim,n/a,n/a,n/a,n/a,n/a,n/a,n/a,n/a,n/a,n/a,n/a,n/a,n/a,n/a,n/a,n/a,n/a,n/a,
25620580,25620-58-0,"1,6-HEXANEDIAMINE, C,C,C-TRIMETHYL-",n/a,2.64E+00,7.28E-01,3.07E+02,1.20E-03,3.44E+00,3.44E+00,Recommended,n/a,n/a,n/a,n/a,n/a,n/a,n/a,n/a,n/a,n/a,n/a,n/a,n/a,n/a,n/a,n/a,n/a,n/a,
25637994,25637-99-4,"CYCLODODECANE, HEXABROMO-",n/a,1.31E+02,7.61E+01,6.36E+04,4.18E+00,3.62E+01,3.62E+01,Interim,n/a,n/a,n/a,n/a,n/a,n/a,n/a,n/a,n/a,n/a,n/a,n/a,n/a,n/a,n/a,n/a,n/a,n/a,
25812300,25812-30-0,GEMFIBROZIL,n/a,n/a,n/a,n/a,n/a,n/a,n/a,n/a,n/a,1.17E-07,n/a,3.80E-08,n/a,3.21E-07,n/a,4.82E-10,n/a,1.56E-08,n/a,5.78E-07,n/a,Interim,n/a,n/a,n/a,n/a,
25843452,25843-45-2,AZOXYMETHANE,n/a,n/a,n/a,n/a,n/a,n/a,n/a,n/a,n/a,1.28E-03,n/a,7.41E-04,n/a,9.66E-04,n/a,2.40E-07,n/a,2.08E-04,n/a,3.81E-04,n/a,Recommended,n/a,n/a,n/a,n/a,
25875518,25875-51-8,ROBENIDINE,n/a,5.02E+02,9.84E+01,2.88E+04,2.60E-04,5.87E+00,5.87E+00,Recommended,n/a,n/a,n/a,n/a,n/a,n/a,n/a,n/a,n/a,n/a,n/a,n/a,n/a,n/a,n/a,n/a,n/a,n/a,
25954136,25954-13-6,FOSAMINE AMMONIUM SALT,n/a,1.04E+01,7.99E+00,2.29E+02,1.13E-08,2.11E+01,2.11E+01,Interim,n/a,n/a,n/a,n/a,n/a,n/a,n/a,n/a,n/a,n/a,n/a,n/a,n/a,n/a,n/a,n/a,n/a,n/a,
26002802,26002-80-2,PHENOTHRIN,n/a,2.88E+02,4.58E+01,4.01E+04,2.23E-01,1.05E+01,1.05E+01,Interim,n/a,n/a,1.65E-07,n/a,6.53E-08,n/a,5.58E-07,n/a,3.75E-08,n/a,4.23E-10,n/a,1.27E-08,n/a,Recommended,n/a,n/a,n/a,
26049683,26049-68-3,2-HYDRAZINO-4-(5-NITRO-2-FURYL)THIAZOLE,n/a,n/a,n/a,n/a,n/a,n/a,n/a,n/a,n/a,1.80E-05,n/a,1.05E-05,n/a,2.85E-05,n/a,1.34E-08,n/a,2.55E-07,n/a,4.80E-07,n/a,Recommended,n/a,n/a,n/a,n/a,
26049694,26049-69-4,"2-(2,2-DIMETHYLHYDRAZINO)-4-(5-NITRO-2-FURYL)THIAZOLE",n/a,n/a,n/a,n/a,n/a,n/a,n/a,n/a,n/a,1.32E-04,n/a,7.37E-05,n/a,2.27E-04,n/a,2.30E-07,n/a,1.94E-06,n/a,3.78E-06,n/a,Recommended,n/a,n/a,n/a,n/a,
26049707,26049-70-7,2-HYDRAZINO-4-(P-NITROPHENYL)THIAZOLE,n/a,n/a,n/a,n/a,n/a,n/a,n/a,n/a,n/a,2.30E-05,n/a,1.53E-05,n/a,2.93E-05,n/a,5.78E-08,n/a,1.47E-07,n/a,3.04E-07,n/a,Recommended,n/a,n/a,n/a,n/a,
26049718,26049-71-8,2-HYDRAZINO-4-(P-AMINOPHENYL)THIAZOLE,n/a,n/a,n/a,n/a,n/a,n/a,n/a,n/a,n/a,2.76E-05,n/a,8.22E-06,n/a,8.99E-05,n/a,4.30E-08,n/a,1.39E-06,n/a,2.56E-06,n/a,Recommended,n/a,n/a,n/a,n/a,
26087478,26087-47-8,IBP (IPROBENFOS),n/a,9.02E+01,4.38E+01,4.25E+03,5.20E-03,3.66E+02,3.66E+02,Interim,n/a,n/a,n/a,n/a,n/a,n/a,n/a,n/a,n/a,n/a,n/a,n/a,n/a,n/a,n/a,n/a,n/a,n/a,
26140603,26140-60-3,TERPHENYL,n/a,2.14E+03,1.23E+03,1.02E+05,5.53E+00,2.11E+01,2.11E+01,Recommended,n/a,n/a,n/a,n/a,n/a,n/a,n/a,n/a,n/a,n/a,n/a,n/a,n/a,n/a,n/a,n/a,n/a,n/a,
26148685,26148-68-5,"1H-PYRIDO[2,3-B]INDOL-2-AMINE",n/a,n/a,n/a,n/a,n/a,n/a,n/a,n/a,n/a,6.80E-07,n/a,1.29E-07,n/a,3.09E-06,n/a,1.28E-08,n/a,4.45E-09,n/a,1.11E-08,n/a,Recommended,n/a,n/a,n/a,n/a,
26172554,26172-55-4,"4-ISOTHIAZOLIN-3-ONE,5-CHLORO-2-METHYL-",n/a,4.86E+03,4.60E+03,5.44E+04,1.27E-01,1.61E+04,1.61E+04,Recommended,n/a,n/a,n/a,n/a,n/a,n/a,n/a,n/a,n/a,n/a,n/a,n/a,n/a,n/a,n/a,n/a,n/a,n/a,
26225796,26225-79-6,ETHOFUMESATE,n/a,9.20E+01,4.68E+01,3.94E+03,5.35E-03,2.03E+02,2.03E+02,Recommended,n/a,n/a,n/a,n/a,n/a,n/a,n/a,n/a,n/a,n/a,n/a,n/a,n/a,n/a,n/a,n/a,n/a,n/a,
26248248,26248-24-8,"TRIDECYLBENZENESULFONIC ACID, SODIUM SALT",n/a,1.79E+02,1.11E+02,4.68E+03,1.13E-11,1.82E+00,1.82E+00,Interim,n/a,n/a,n/a,n/a,n/a,n/a,n/a,n/a,n/a,n/a,n/a,n/a,n/a,n/a,n/a,n/a,n/a,n/a,
26258708,26258-70-8,"1,1-BIS(4-ETHOXYPHENYL)-2-NITROPROPANE",n/a,8.32E+03,1.82E+03,5.57E+05,1.23E+00,2.34E+02,2.34E+02,Interim,n/a,n/a,n/a,n/a,n/a,n/a,n/a,n/a,n/a,n/a,n/a,n/a,n/a,n/a,n/a,n/a,n/a,n/a,
26259450,26259-45-0,SECBUMETON,n/a,6.70E+01,4.83E+01,1.80E+03,8.52E-04,1.78E+02,1.78E+02,Interim,n/a,n/a,n/a,n/a,n/a,n/a,n/a,n/a,n/a,n/a,n/a,n/a,n/a,n/a,n/a,n/a,n/a,n/a,
26264062,26264-06-2,"DODECYLBENZENESULFONIC ACID, CALCIUM SALT",n/a,6.13E-03,3.78E-03,1.61E-01,8.43E-13,2.29E-05,2.29E-05,Interim,n/a,n/a,n/a,n/a,n/a,n/a,n/a,n/a,n/a,n/a,n/a,n/a,n/a,n/a,n/a,n/a,n/a,n/a,
26444495,26444-49-5,CRESYL DIPHENYL PHOSPHATE,n/a,1.17E+03,6.20E+02,4.03E+04,7.42E-02,4.93E+01,4.93E+01,Interim,n/a,n/a,n/a,n/a,n/a,n/a,n/a,n/a,n/a,n/a,n/a,n/a,n/a,n/a,n/a,n/a,n/a,n/a,
26471625,26471-62-5,"2,4/2,6-TOLUENEDIISOCYANATE",n/a,8.26E-02,7.54E-02,1.44E+01,9.69E-03,4.40E-02,4.40E-02,Recommended,n/a,8.26E-08,2.37E-03,8.41E-08,3.98E-04,1.11E-06,2.88E-03,7.96E-08,2.20E-04,1.25E-08,5.35E-05,5.53E-08,1.59E-04,Recommended,Interim,n/a,n/a,n/a,
26489010,26489-01-0,(+-)-CITRONELLOL,n/a,5.04E-01,5.14E-01,7.98E+02,2.68E-02,3.81E+01,3.81E+01,Recommended,n/a,n/a,n/a,n/a,n/a,n/a,n/a,n/a,n/a,n/a,n/a,n/a,n/a,n/a,n/a,n/a,n/a,n/a,
26530201,26530-20-1,"3(2H)-ISOTHIAZOLONE, 2-OCTYL-",n/a,4.60E+03,1.86E+03,2.16E+05,5.62E-02,1.99E+03,1.99E+03,Recommended,n/a,n/a,n/a,n/a,n/a,n/a,n/a,n/a,n/a,n/a,n/a,n/a,n/a,n/a,n/a,n/a,n/a,n/a,
26541515,26541-51-5,N-NITROSOTHIOMORPHOLINE,n/a,n/a,n/a,n/a,n/a,n/a,n/a,n/a,n/a,5.77E-06,n/a,1.43E-06,n/a,1.72E-05,n/a,3.97E-09,n/a,1.59E-06,n/a,2.12E-06,n/a,Recommended,n/a,n/a,n/a,n/a,
26628228,26628-22-8,SODIUM AZIDE,n/a,5.92E+02,5.83E+02,2.33E+03,5.30E-22,7.00E+02,7.00E+02,Interim,n/a,n/a,4.58E-06,n/a,3.03E-06,n/a,2.83E-06,n/a,1.43E-09,n/a,8.49E-07,n/a,1.41E-06,n/a,Interim,n/a,n/a,n/a,
26644462,26644-46-2,TRIFORINE,n/a,2.06E+02,1.72E+02,4.99E+03,6.24E-03,1.19E+03,1.19E+03,Interim,n/a,n/a,8.79E-07,n/a,5.57E-07,n/a,4.32E-06,n/a,1.47E-08,n/a,1.04E-06,n/a,1.73E-06,n/a,Interim,n/a,n/a,n/a,
26730165,26730-16-5,6-METHYL TETRADECANE,n/a,n/a,n/a,n/a,n/a,n/a,n/a,n/a,n/a,n/a,n/a,n/a,n/a,n/a,n/a,n/a,n/a,n/a,n/a,n/a,n/a,n/a,n/a,n/a,n/a,4.22E-01,
26761400,26761-40-0,DIISODECYL PHTHALATE,n/a,1.57E+01,9.64E+00,4.17E+02,6.59E-03,4.54E-02,4.54E-02,Recommended,n/a,n/a,n/a,n/a,n/a,n/a,n/a,n/a,n/a,n/a,n/a,n/a,n/a,n/a,n/a,n/a,n/a,n/a,
26761455,26761-45-5,"NEODECANOIC ACID, OXIRANYLMETHYL ESTER",n/a,8.50E+00,8.38E+00,1.50E+03,3.76E-01,3.86E+01,3.86E+01,Recommended,n/a,n/a,n/a,n/a,n/a,n/a,n/a,n/a,n/a,n/a,n/a,n/a,n/a,n/a,n/a,n/a,n/a,n/a,
26787780,26787-78-0,AMOXICILLIN,n/a,1.38E+06,1.27E+06,1.06E+07,2.06E-11,1.35E+06,1.35E+06,Interim,n/a,n/a,n/a,n/a,n/a,n/a,n/a,n/a,n/a,n/a,n/a,n/a,n/a,n/a,n/a,n/a,n/a,n/a,
26952216,26952-21-6,ISOOCTYL ALCOHOL,n/a,6.30E-01,6.36E-01,1.35E+02,3.58E-02,1.21E+01,1.21E+01,Interim,n/a,n/a,n/a,n/a,n/a,n/a,n/a,n/a,n/a,n/a,n/a,n/a,n/a,n/a,n/a,n/a,n/a,n/a,
26972010,26972-01-0,"3-PYRIDINECARBOXAMIDE, N-[(PHENYLAMINO)CARBONYL]",n/a,3.76E+04,3.18E+04,7.54E+05,1.66E-04,1.50E+05,1.50E+05,Interim,n/a,n/a,n/a,n/a,n/a,n/a,n/a,n/a,n/a,n/a,n/a,n/a,n/a,n/a,n/a,n/a,n/a,n/a,
27176870,27176-87-0,DODECYLBENZENESULFONIC ACID,n/a,1.19E+02,7.31E+01,3.11E+03,4.45E-06,2.11E+00,2.11E+00,Interim,n/a,n/a,n/a,n/a,n/a,n/a,n/a,n/a,n/a,n/a,n/a,n/a,n/a,n/a,n/a,n/a,n/a,n/a,
27304138,27304-13-8,OXYCHLORDANE,n/a,1.25E+03,1.16E+03,1.50E+05,2.91E+02,1.01E+03,1.01E+03,Interim,n/a,n/a,n/a,n/a,n/a,n/a,n/a,n/a,n/a,n/a,n/a,n/a,n/a,n/a,n/a,n/a,n/a,n/a,
27314132,27314-13-2,NORFLURAZON,n/a,1.87E+03,1.19E+03,5.11E+04,1.86E-03,8.32E+02,8.32E+02,Recommended,n/a,n/a,7.91E-07,n/a,5.36E-07,n/a,1.56E-06,n/a,6.73E-09,n/a,2.55E-08,n/a,4.76E-08,n/a,Recommended,n/a,n/a,n/a,
27344418,27344-41-8,"DISODIUM 4,4'-BIS(2-SULFOSTYRYL)BIPHENYL",n/a,1.07E-01,6.62E-02,2.83E+00,1.26E-23,2.53E-04,2.53E-04,Interim,n/a,n/a,n/a,n/a,n/a,n/a,n/a,n/a,n/a,n/a,n/a,n/a,n/a,n/a,n/a,n/a,n/a,n/a,
27355222,27355-22-2,TETRACHLOROPHTHALIDE,n/a,1.22E+01,8.97E+00,2.26E+02,1.37E-04,3.52E+00,3.52E+00,Interim,n/a,n/a,n/a,n/a,n/a,n/a,n/a,n/a,n/a,n/a,n/a,n/a,n/a,n/a,n/a,n/a,n/a,n/a,
27458920,27458-92-0,ISOTRIDECANOL,n/a,5.09E+01,4.58E+01,9.20E+03,1.09E+00,1.04E+02,1.04E+02,Recommended,n/a,n/a,n/a,n/a,n/a,n/a,n/a,n/a,n/a,n/a,n/a,n/a,n/a,n/a,n/a,n/a,n/a,n/a,
27458931,27458-93-1,ISOOCTADECANOL,n/a,2.84E+02,1.43E+02,5.03E+04,1.29E+00,3.68E+01,3.68E+01,Interim,n/a,n/a,n/a,n/a,n/a,n/a,n/a,n/a,n/a,n/a,n/a,n/a,n/a,n/a,n/a,n/a,n/a,n/a,
27458942,27458-94-2,ISONONANOL,n/a,1.16E+01,1.09E+01,1.06E+03,1.28E-01,8.59E+01,8.59E+01,Recommended,n/a,n/a,n/a,n/a,n/a,n/a,n/a,n/a,n/a,n/a,n/a,n/a,n/a,n/a,n/a,n/a,n/a,n/a,
27541884,27541-88-4,QUINONAMID,n/a,2.14E+03,1.49E+03,4.93E+04,6.77E-04,1.31E+03,1.31E+03,Interim,n/a,n/a,n/a,n/a,n/a,n/a,n/a,n/a,n/a,n/a,n/a,n/a,n/a,n/a,n/a,n/a,n/a,n/a,
27753522,27753-52-2,"1,1'-BIPHENYL, NONABROMO-",n/a,n/a,n/a,n/a,n/a,n/a,n/a,n/a,n/a,4.28E-04,n/a,4.24E-04,n/a,1.66E-04,n/a,4.69E-05,n/a,9.73E-05,n/a,1.00E-04,n/a,Interim,n/a,n/a,n/a,n/a,
28108998,28108-99-8,ISOPROPYL PHENYL DIPHENYL PHOSPHATE,n/a,1.29E+03,7.08E+02,4.08E+04,1.54E-02,1.95E+01,1.95E+01,Interim,n/a,n/a,n/a,n/a,n/a,n/a,n/a,n/a,n/a,n/a,n/a,n/a,n/a,n/a,n/a,n/a,n/a,n/a,
28159980,28159-98-0,IRGAROL 1051,n/a,1.96E+05,1.74E+05,2.13E+06,1.37E+02,2.08E+05,2.08E+05,Recommended,n/a,n/a,n/a,n/a,n/a,n/a,n/a,n/a,n/a,n/a,n/a,n/a,n/a,n/a,n/a,n/a,n/a,n/a,
28249776,28249-77-6,THIOBENCARB,n/a,1.98E+03,8.57E+02,9.75E+04,7.29E-01,1.03E+03,1.03E+03,Recommended,n/a,n/a,5.26E-06,n/a,2.52E-06,n/a,2.47E-05,n/a,3.69E-07,n/a,2.82E-07,n/a,6.93E-07,n/a,Recommended,n/a,n/a,6.82E-01,
28434006,28434-00-6,TRANS-(+)-ALLETHRIN,n/a,2.23E+04,2.75E+03,1.60E+06,8.64E-01,1.03E+04,1.03E+04,Interim,n/a,n/a,n/a,n/a,n/a,n/a,n/a,n/a,n/a,n/a,n/a,n/a,n/a,n/a,n/a,n/a,n/a,n/a,
28434017,28434-01-7,BIORESMETHRIN,n/a,1.87E+04,1.67E+03,1.48E+06,5.50E-01,4.26E+02,4.26E+02,Interim,n/a,n/a,6.16E-07,n/a,1.30E-07,n/a,2.36E-06,n/a,6.59E-08,n/a,6.93E-10,n/a,5.99E-08,n/a,Recommended,n/a,n/a,n/a,
28519020,28519-02-0,"BENZENESULFONIC ACID, DODECYLOXYDI-, DISODIUM SALT",n/a,4.96E+01,3.06E+01,1.31E+03,1.30E-16,1.39E-01,1.39E-01,Interim,n/a,n/a,n/a,n/a,n/a,n/a,n/a,n/a,n/a,n/a,n/a,n/a,n/a,n/a,n/a,n/a,n/a,n/a,
28553120,28553-12-0,DIISONONYL PHTHALATE,n/a,2.88E+01,1.69E+01,8.30E+02,1.79E-02,1.30E-01,1.30E-01,Recommended,n/a,n/a,n/a,n/a,n/a,n/a,n/a,n/a,n/a,n/a,n/a,n/a,n/a,n/a,n/a,n/a,n/a,n/a,
28629665,28629-66-5,"ZINC, BIS(O,O-DIISOOCTYL PHOSPHORODITHIOATO-S,S')-",n/a,1.30E-01,8.57E-03,7.06E+02,3.77E-04,2.18E-01,2.18E-01,Interim,n/a,n/a,n/a,n/a,n/a,n/a,n/a,n/a,n/a,n/a,n/a,n/a,n/a,n/a,n/a,n/a,n/a,n/a,
28631358,28631-35-8,DICHLORPROP-ISOOCTYL,n/a,9.37E+00,7.51E+00,3.22E+03,8.45E-01,9.44E+00,9.44E+00,Recommended,n/a,n/a,n/a,n/a,n/a,n/a,n/a,n/a,n/a,n/a,n/a,n/a,n/a,n/a,n/a,n/a,n/a,n/a,
28652779,28652-77-9,TRIMETHYL NAPHTHALENE,n/a,1.30E+00,6.81E-01,1.71E+03,8.37E-02,4.72E+00,4.72E+00,Interim,n/a,n/a,n/a,n/a,n/a,n/a,n/a,n/a,n/a,n/a,n/a,n/a,n/a,n/a,n/a,n/a,n/a,n/a,
28680457,28680-45-7,HEPTACHLORONORBORNENE,n/a,5.04E+00,3.13E+00,8.79E+04,1.17E+00,6.24E+02,6.24E+02,Interim,n/a,n/a,n/a,n/a,n/a,n/a,n/a,n/a,n/a,n/a,n/a,n/a,n/a,n/a,n/a,n/a,n/a,n/a,
28804888,28804-88-8,DIMETHYLNAPHTHALENE (MIXTURE OF ISOMERS),n/a,6.24E+00,4.45E+00,8.17E+03,6.17E-01,3.43E+01,3.43E+01,Recommended,n/a,n/a,n/a,n/a,n/a,n/a,n/a,n/a,n/a,n/a,n/a,n/a,n/a,n/a,n/a,n/a,n/a,n/a,
29069247,29069-24-7,PREDNIMUSTINE,n/a,n/a,n/a,n/a,n/a,n/a,n/a,n/a,n/a,1.52E-05,n/a,1.43E-05,n/a,1.03E-05,n/a,2.09E-07,n/a,4.44E-08,n/a,1.41E-06,n/a,Recommended,n/a,n/a,n/a,n/a,
29091052,29091-05-2,DINITRAMINE,n/a,9.08E+02,5.00E+02,5.84E+04,6.95E+00,1.22E+03,1.22E+03,Interim,n/a,n/a,n/a,n/a,n/a,n/a,n/a,n/a,n/a,n/a,n/a,n/a,n/a,n/a,n/a,n/a,n/a,n/a,
29091212,29091-21-2,PRODIAMINE,n/a,8.70E+02,3.47E+02,5.57E+04,3.00E+00,4.29E+02,4.29E+02,Interim,n/a,n/a,n/a,n/a,n/a,n/a,n/a,n/a,n/a,n/a,n/a,n/a,n/a,n/a,n/a,n/a,n/a,n/a,
29104301,29104-30-1,BENZOXIMATE,n/a,5.65E+01,1.24E+01,3.38E+03,2.84E-03,6.38E+00,6.38E+00,Interim,n/a,n/a,n/a,n/a,n/a,n/a,n/a,n/a,n/a,n/a,n/a,n/a,n/a,n/a,n/a,n/a,n/a,n/a,
29171208,29171-20-8,"6-OCTEN-1-YN-3-OL, 3,7-DIMETHYL-",n/a,3.02E-03,2.67E-03,1.28E+02,4.68E-04,4.29E+00,4.29E+00,Recommended,n/a,n/a,n/a,n/a,n/a,n/a,n/a,n/a,n/a,n/a,n/a,n/a,n/a,n/a,n/a,n/a,n/a,n/a,
29232937,29232-93-7,PIRIMIPHOS-METHYL,n/a,2.15E+03,3.61E+02,2.72E+05,7.55E-01,5.03E+03,5.03E+03,Recommended,n/a,n/a,2.42E-06,n/a,5.24E-07,n/a,2.74E-05,n/a,4.59E-07,n/a,5.25E-07,n/a,3.23E-06,n/a,Recommended,n/a,n/a,n/a,
29255310,29255-31-0,CFC-214,n/a,n/a,n/a,n/a,n/a,n/a,n/a,n/a,n/a,n/a,n/a,n/a,n/a,n/a,n/a,n/a,n/a,n/a,n/a,n/a,n/a,n/a,n/a,n/a,1.00E+00,n/a,
29761215,29761-21-5,ISODECYL DIPHENYL PHOSPHATE,n/a,8.14E+02,4.32E+02,2.73E+04,1.51E-02,8.03E+00,8.03E+00,Recommended,n/a,n/a,n/a,n/a,n/a,n/a,n/a,n/a,n/a,n/a,n/a,n/a,n/a,n/a,n/a,n/a,n/a,n/a,
29812791,29812-79-1,O-DECYLHYDROXYLAMINE,n/a,4.75E+01,3.08E+01,6.26E+04,2.25E+00,9.56E+01,9.56E+01,Interim,n/a,n/a,n/a,n/a,n/a,n/a,n/a,n/a,n/a,n/a,n/a,n/a,n/a,n/a,n/a,n/a,n/a,n/a,
29911282,29911-28-2,GLYCOL ETHER DPNB (DIPROPYLENE GLYCOL N-BUTYL ETHER) (1-[2-BUTOXY-1-METHYLETHOXY]-2-PROPANOL),n/a,n/a,n/a,n/a,n/a,n/a,n/a,n/a,n/a,n/a,n/a,n/a,n/a,n/a,n/a,n/a,n/a,n/a,n/a,n/a,n/a,n/a,n/a,n/a,n/a,1.83E+00,
29973135,29973-13-5,ETHIOFENCARB,n/a,1.64E+02,1.08E+02,4.80E+03,4.17E-04,2.47E+02,2.47E+02,Interim,n/a,n/a,5.20E-07,n/a,2.63E-07,n/a,1.08E-06,n/a,1.22E-09,n/a,5.54E-08,n/a,1.12E-07,n/a,Recommended,n/a,n/a,n/a,
30030252,30030-25-2,"BENZENE, (CHLOROMETHYL)ETHENYL-",n/a,1.15E+01,1.04E+01,1.75E+04,1.66E+00,1.75E+02,1.75E+02,Interim,n/a,n/a,n/a,n/a,n/a,n/a,n/a,n/a,n/a,n/a,n/a,n/a,n/a,n/a,n/a,n/a,n/a,n/a,
30043493,30043-49-3,ETHIDIMURON,n/a,7.60E+01,7.46E+01,4.83E+02,2.65E-07,1.67E+02,1.67E+02,Interim,n/a,n/a,n/a,n/a,n/a,n/a,n/a,n/a,n/a,n/a,n/a,n/a,n/a,n/a,n/a,n/a,n/a,n/a,
30136131,30136-13-1,N-PROPOXY-PROPANOL,n/a,n/a,n/a,n/a,n/a,n/a,n/a,n/a,n/a,n/a,n/a,n/a,n/a,n/a,n/a,n/a,n/a,n/a,n/a,n/a,n/a,n/a,n/a,n/a,n/a,3.77E+00,
30516871,30516-87-1,"THYMIDINE, 3'-AZIDO-3'-DEOXY-",n/a,n/a,n/a,n/a,n/a,n/a,n/a,n/a,n/a,4.26E-07,n/a,2.76E-07,n/a,2.70E-07,n/a,4.65E-11,n/a,6.40E-08,n/a,1.05E-07,n/a,Recommended,n/a,n/a,n/a,n/a,
30560191,30560-19-1,ACEPHATE,n/a,1.07E+02,1.06E+02,6.27E+02,1.91E-07,2.52E+02,2.52E+02,Recommended,n/a,1.93E-07,5.38E-04,1.32E-07,3.68E-04,2.49E-07,6.93E-04,4.64E-11,1.29E-07,1.00E-07,2.79E-04,1.26E-07,3.51E-04,Recommended,Recommended,n/a,n/a,n/a,
30899195,30899-19-5,PENTANOL,n/a,2.51E-01,2.49E-01,1.97E+01,5.55E-03,3.79E+00,3.79E+00,Recommended,n/a,n/a,n/a,n/a,n/a,n/a,n/a,n/a,n/a,n/a,n/a,n/a,n/a,n/a,n/a,n/a,n/a,n/a,
31218834,31218-83-4,PROPETAMPHOS,n/a,2.49E+03,1.01E+03,1.41E+05,1.52E-01,1.84E+04,1.84E+04,Recommended,n/a,n/a,n/a,n/a,n/a,n/a,n/a,n/a,n/a,n/a,n/a,n/a,n/a,n/a,n/a,n/a,n/a,n/a,
31431397,31431-39-7,MEBENDAZOLE,n/a,4.28E+00,2.78E+00,1.04E+02,3.94E-10,6.90E-01,6.90E-01,Interim,n/a,n/a,n/a,n/a,n/a,n/a,n/a,n/a,n/a,n/a,n/a,n/a,n/a,n/a,n/a,n/a,n/a,n/a,
31570044,31570-04-4,"PHENOL, 2,4-BIS(1,1-DIMETHYLETHYL)-, PHOSPHITE (3:1)",n/a,5.78E-06,3.59E-06,1.51E-04,9.60E-12,7.32E-08,7.32E-08,Recommended,n/a,n/a,n/a,n/a,n/a,n/a,n/a,n/a,n/a,n/a,n/a,n/a,n/a,n/a,n/a,n/a,n/a,n/a,
32598133,32598-13-3,"PCB-77 (3,3',4,4'-TETRACHLOROBIPHENYL)",n/a,1.55E+03,1.35E+03,3.46E+04,7.85E+01,1.04E+02,1.04E+02,Recommended,n/a,n/a,n/a,n/a,n/a,n/a,n/a,n/a,n/a,n/a,n/a,n/a,n/a,n/a,n/a,n/a,n/a,n/a,
32809168,32809-16-8,PROCYMIDONE,n/a,1.23E+01,1.16E+01,8.93E+02,1.10E+00,4.27E+01,4.27E+01,Interim,n/a,n/a,3.36E-07,n/a,9.76E-08,n/a,1.27E-06,n/a,6.77E-08,n/a,7.65E-08,n/a,1.59E-07,n/a,Recommended,n/a,n/a,n/a,
32852214,32852-21-4,FORMIC ACID 2-(4-METHYL-2-THIAZOLYL)HYDRAZIDE,n/a,n/a,n/a,n/a,n/a,n/a,n/a,n/a,n/a,3.22E-06,n/a,1.52E-06,n/a,3.12E-06,n/a,6.11E-10,n/a,7.40E-07,n/a,1.35E-06,n/a,Recommended,n/a,n/a,n/a,n/a,
33089611,33089-61-1,AMITRAZ,n/a,5.98E+00,9.16E-01,1.10E+03,1.94E-02,1.85E-01,1.85E-01,Recommended,n/a,n/a,1.99E-06,n/a,4.90E-07,n/a,1.23E-05,n/a,1.32E-06,n/a,3.47E-09,n/a,4.86E-08,n/a,Recommended,n/a,n/a,n/a,
33125972,33125-97-2,"1H-IMIDAZOLE-5-CARBOXYLIC ACID, 1-(1-PHENYLETHYL",n/a,4.22E+02,2.04E+02,1.68E+04,1.14E-02,7.35E+01,7.35E+01,Interim,n/a,n/a,n/a,n/a,n/a,n/a,n/a,n/a,n/a,n/a,n/a,n/a,n/a,n/a,n/a,n/a,n/a,n/a,
33213659,33213-65-9,ENDOSULFAN (BETA),n/a,3.51E+03,3.16E+03,5.34E+05,7.37E+02,4.11E+03,4.11E+03,Interim,n/a,n/a,n/a,n/a,n/a,n/a,n/a,n/a,n/a,n/a,n/a,n/a,n/a,n/a,n/a,n/a,n/a,n/a,
33245395,33245-39-5,FLUCHLORALIN,n/a,5.18E+03,4.45E+03,7.44E+05,4.79E+02,1.67E+04,1.67E+04,Recommended,n/a,n/a,n/a,n/a,n/a,n/a,n/a,n/a,n/a,n/a,n/a,n/a,n/a,n/a,n/a,n/a,n/a,n/a,
33284503,33284-50-3,PCB-7,n/a,3.08E+02,2.86E+02,4.48E+04,3.93E+01,9.53E+01,9.53E+01,Interim,n/a,n/a,n/a,n/a,n/a,n/a,n/a,n/a,n/a,n/a,n/a,n/a,n/a,n/a,n/a,n/a,n/a,n/a,
33629479,33629-47-9,BUTRALIN,n/a,1.88E+03,9.35E+02,1.96E+05,1.90E+01,6.89E+02,6.89E+02,Recommended,n/a,n/a,n/a,n/a,n/a,n/a,n/a,n/a,n/a,n/a,n/a,n/a,n/a,n/a,n/a,n/a,n/a,n/a,
33693048,33693-04-8,TERBUMETON,n/a,2.68E+02,2.41E+02,3.05E+03,5.55E-03,4.89E+02,4.89E+02,Recommended,n/a,n/a,n/a,n/a,n/a,n/a,n/a,n/a,n/a,n/a,n/a,n/a,n/a,n/a,n/a,n/a,n/a,n/a,
33719743,33719-74-3,"3,5-DICHLOROANISOLE",n/a,8.01E-01,7.90E-01,9.67E+02,1.28E-01,3.11E+01,3.11E+01,Interim,n/a,n/a,n/a,n/a,n/a,n/a,n/a,n/a,n/a,n/a,n/a,n/a,n/a,n/a,n/a,n/a,n/a,n/a,
33820530,33820-53-0,ISOPROPALIN,n/a,2.36E+01,1.76E+01,1.10E+04,2.52E+00,3.41E+01,3.41E+01,Recommended,n/a,n/a,8.06E-07,n/a,4.69E-07,n/a,1.00E-06,n/a,1.10E-07,n/a,6.03E-08,n/a,2.76E-07,n/a,Recommended,n/a,n/a,n/a,
33979032,33979-03-2,PCB-155,n/a,3.85E+01,2.52E+01,8.80E+03,3.18E+00,7.59E+00,7.59E+00,Interim,n/a,n/a,n/a,n/a,n/a,n/a,n/a,n/a,n/a,n/a,n/a,n/a,n/a,n/a,n/a,n/a,n/a,n/a,
34014181,34014-18-1,TEBUTHIURON,n/a,1.75E+03,1.64E+03,1.27E+04,6.56E-04,2.21E+03,2.21E+03,Recommended,n/a,n/a,1.38E-06,n/a,9.98E-07,n/a,1.50E-06,n/a,7.60E-10,n/a,2.61E-07,n/a,5.08E-07,n/a,Recommended,n/a,n/a,n/a,
34123596,34123-59-6,ISOPROTURON,n/a,6.78E+03,5.46E+03,1.17E+05,2.11E-03,9.46E+03,9.46E+03,Recommended,n/a,n/a,n/a,n/a,n/a,n/a,n/a,n/a,n/a,n/a,n/a,n/a,n/a,n/a,n/a,n/a,n/a,n/a,
34256821,34256-82-1,ACETOCHLOR,n/a,2.03E+03,1.37E+03,6.78E+04,2.91E-01,7.61E+03,7.61E+03,Recommended,n/a,n/a,n/a,n/a,n/a,n/a,n/a,n/a,n/a,n/a,n/a,n/a,n/a,n/a,n/a,n/a,n/a,n/a,
34364426,34364-42-6,CUMYLPHENYL DIPHENYL PHOSPHATE,n/a,3.22E+00,1.56E+00,1.23E+02,3.20E-04,1.96E-02,1.96E-02,Interim,n/a,n/a,n/a,n/a,n/a,n/a,n/a,n/a,n/a,n/a,n/a,n/a,n/a,n/a,n/a,n/a,n/a,n/a,
34622587,34622-58-7,ORBENCARB,n/a,1.45E+02,6.85E+01,1.12E+04,2.80E-01,1.29E+02,1.29E+02,Interim,n/a,n/a,n/a,n/a,n/a,n/a,n/a,n/a,n/a,n/a,n/a,n/a,n/a,n/a,n/a,n/a,n/a,n/a,
34627786,34627-78-6,1'-ACETOXYSAFROLE,n/a,n/a,n/a,n/a,n/a,n/a,n/a,n/a,n/a,1.03E-06,n/a,1.84E-07,n/a,4.10E-06,n/a,2.00E-08,n/a,5.32E-07,n/a,1.37E-06,n/a,Interim,n/a,n/a,n/a,n/a,
34643464,34643-46-4,PROTHIOPHOS,n/a,1.60E+00,8.80E-01,4.94E+03,1.59E-01,1.80E+01,1.80E+01,Interim,n/a,n/a,n/a,n/a,n/a,n/a,n/a,n/a,n/a,n/a,n/a,n/a,n/a,n/a,n/a,n/a,n/a,n/a,
34681102,34681-10-2,BUTOCARBOXIM,n/a,4.85E+01,4.06E+01,8.95E+02,3.51E-05,1.39E+02,1.39E+02,Interim,n/a,n/a,n/a,n/a,n/a,n/a,n/a,n/a,n/a,n/a,n/a,n/a,n/a,n/a,n/a,n/a,n/a,n/a,
34681237,34681-23-7,BUTOXYCARBOXIM,n/a,7.14E+01,6.88E+01,7.41E+02,6.50E-07,2.57E+02,2.57E+02,Interim,n/a,n/a,n/a,n/a,n/a,n/a,n/a,n/a,n/a,n/a,n/a,n/a,n/a,n/a,n/a,n/a,n/a,n/a,
34883437,34883-43-7,"2,4'-DICHLOROBIPHENYL",n/a,5.23E+02,4.82E+02,5.04E+04,6.40E+01,9.23E+01,9.23E+01,Interim,n/a,n/a,n/a,n/a,n/a,n/a,n/a,n/a,n/a,n/a,n/a,n/a,n/a,n/a,n/a,n/a,n/a,n/a,
35367385,35367-38-5,DIFLUBENZURON,n/a,3.60E+05,2.04E+05,1.20E+07,9.85E+00,1.70E+05,1.70E+05,Recommended,n/a,n/a,1.94E-06,n/a,1.44E-06,n/a,9.28E-06,n/a,1.98E-07,n/a,1.32E-07,n/a,3.50E-07,n/a,Recommended,n/a,n/a,n/a,
35400432,35400-43-2,SULPROFOS,n/a,5.10E+01,8.64E+00,6.58E+03,3.96E-02,1.14E+01,1.14E+01,Recommended,n/a,n/a,n/a,n/a,n/a,n/a,n/a,n/a,n/a,n/a,n/a,n/a,n/a,n/a,n/a,n/a,n/a,n/a,
35554440,35554-44-0,IMAZALIL BASE,n/a,2.98E+02,8.11E+01,1.63E+04,9.64E-04,9.78E+01,9.78E+01,Recommended,n/a,n/a,6.47E-07,n/a,2.24E-07,n/a,1.03E-05,n/a,2.35E-07,n/a,6.21E-08,n/a,1.29E-07,n/a,Recommended,n/a,n/a,n/a,
35575963,35575-96-3,AZAMETHIPHOS,n/a,2.95E+03,2.82E+03,7.67E+04,1.80E-04,3.00E+04,3.00E+04,Interim,n/a,n/a,n/a,n/a,n/a,n/a,n/a,n/a,n/a,n/a,n/a,n/a,n/a,n/a,n/a,n/a,n/a,n/a,
35597434,35597-43-4,BILANAFOS,n/a,5.16E+02,5.01E+02,2.54E+03,1.56E-13,6.02E+02,6.02E+02,Interim,n/a,n/a,n/a,n/a,n/a,n/a,n/a,n/a,n/a,n/a,n/a,n/a,n/a,n/a,n/a,n/a,n/a,n/a,
35691657,35691-65-7,"PENTANEDINITRILE, 2-BROMO-2-(BROMOMETHYL)-",n/a,1.19E+03,1.14E+03,7.09E+03,7.43E-01,1.41E+03,1.41E+03,Recommended,n/a,n/a,n/a,n/a,n/a,n/a,n/a,n/a,n/a,n/a,n/a,n/a,n/a,n/a,n/a,n/a,n/a,n/a,
35975009,35975-00-9,"5-QUINOLINAMINE, 6-NITRO-",n/a,5.15E+01,2.96E+01,1.62E+03,1.73E-06,8.10E+00,8.10E+00,Interim,n/a,n/a,n/a,n/a,n/a,n/a,n/a,n/a,n/a,n/a,n/a,n/a,n/a,n/a,n/a,n/a,n/a,n/a,
36133887,36133-88-7,"N-{[3-(5-NITRO-2-FURYL)-1,2,4-OXADIAZOLE-5-YL]-METHYL}ACETAMIDE",n/a,n/a,n/a,n/a,n/a,n/a,n/a,n/a,n/a,7.94E-07,n/a,4.02E-07,n/a,1.55E-06,n/a,2.95E-10,n/a,5.26E-08,n/a,6.95E-08,n/a,Recommended,n/a,n/a,n/a,n/a,
36335678,36335-67-8,BUTAMIFOS,n/a,9.03E+00,3.13E+00,1.21E+04,3.17E-01,4.97E+01,4.97E+01,Interim,n/a,n/a,n/a,n/a,n/a,n/a,n/a,n/a,n/a,n/a,n/a,n/a,n/a,n/a,n/a,n/a,n/a,n/a,
36614387,36614-38-7,ISOTHIOATE,n/a,7.12E+00,2.84E+00,2.16E+03,1.41E-02,3.95E+01,3.95E+01,Interim,n/a,n/a,n/a,n/a,n/a,n/a,n/a,n/a,n/a,n/a,n/a,n/a,n/a,n/a,n/a,n/a,n/a,n/a,
36702440,36702-44-0,S(+)-2-METHYL-N-NITROSOPIPERIDINE,n/a,n/a,n/a,n/a,n/a,n/a,n/a,n/a,n/a,2.06E-06,n/a,2.10E-07,n/a,6.69E-06,n/a,2.18E-09,n/a,4.02E-07,n/a,5.18E-07,n/a,Recommended,n/a,n/a,n/a,n/a,
36734197,36734-19-7,ROVRAL (IPRODIONE),n/a,5.70E+03,5.32E+03,6.31E+04,7.38E-02,1.62E+04,1.62E+04,Recommended,n/a,n/a,2.02E-06,n/a,1.58E-06,n/a,9.57E-06,n/a,1.80E-07,n/a,2.46E-06,n/a,3.49E-06,n/a,Recommended,n/a,n/a,n/a,
37087948,37087-94-8,"2-CHLORO-5-(3,5-DIMETHYLPIPERIDINOSULPHONYL)BENZOIC ACID",n/a,n/a,n/a,n/a,n/a,n/a,n/a,n/a,n/a,1.01E-05,n/a,5.37E-06,n/a,1.96E-05,n/a,1.27E-08,n/a,1.54E-06,n/a,7.65E-06,n/a,Interim,n/a,n/a,n/a,n/a,
37248478,37248-47-8,VALIDAMYCIN,n/a,1.24E+01,7.67E+00,3.24E+02,7.22E-29,1.25E-01,1.25E-01,Interim,n/a,n/a,n/a,n/a,n/a,n/a,n/a,n/a,n/a,n/a,n/a,n/a,n/a,n/a,n/a,n/a,n/a,n/a,
37529309,37529-30-9,4-DECYLANILINE,n/a,1.82E+02,3.10E+01,1.79E+05,1.79E+00,5.92E+01,5.92E+01,Interim,n/a,n/a,n/a,n/a,n/a,n/a,n/a,n/a,n/a,n/a,n/a,n/a,n/a,n/a,n/a,n/a,n/a,n/a,
37680652,37680-65-2,PCB-18,n/a,2.30E+03,2.17E+03,1.90E+05,3.96E+02,4.96E+02,4.96E+02,Interim,n/a,n/a,n/a,n/a,n/a,n/a,n/a,n/a,n/a,n/a,n/a,n/a,n/a,n/a,n/a,n/a,n/a,n/a,
37680732,37680-73-2,"2,4,5,2',5'-PENTACHLOROBIPHENYL",n/a,7.31E+02,6.55E+02,2.33E+04,1.25E+02,8.42E+01,8.42E+01,Interim,n/a,n/a,n/a,n/a,n/a,n/a,n/a,n/a,n/a,n/a,n/a,n/a,n/a,n/a,n/a,n/a,n/a,n/a,
37971361,37971-36-1,"1,2,4-BUTANETRICARBOXYLIC ACID, 2-PHOSPHONO-",n/a,3.35E+00,3.05E+00,2.80E+01,8.02E-14,3.05E+00,3.05E+00,Interim,n/a,n/a,n/a,n/a,n/a,n/a,n/a,n/a,n/a,n/a,n/a,n/a,n/a,n/a,n/a,n/a,n/a,n/a,
38260547,38260-54-7,ETRIMFOS,n/a,1.98E+03,6.39E+02,1.89E+05,1.20E+00,7.59E+03,7.59E+03,Recommended,n/a,n/a,9.94E-06,n/a,2.11E-06,n/a,5.29E-05,n/a,5.14E-07,n/a,2.23E-06,n/a,4.87E-06,n/a,Recommended,n/a,n/a,n/a,
38434774,38434-77-4,ETHYLNITROSOCYANAMIDE,n/a,n/a,n/a,n/a,n/a,n/a,n/a,n/a,n/a,1.19E-05,n/a,5.12E-06,n/a,1.22E-05,n/a,2.30E-09,n/a,1.88E-06,n/a,2.88E-06,n/a,Interim,n/a,n/a,n/a,n/a,
38444858,38444-85-8,"2,3,4'-TRICHLOROBIPHENYL",n/a,1.50E+03,1.36E+03,8.63E+04,2.18E+02,1.84E+02,1.84E+02,Interim,n/a,n/a,n/a,n/a,n/a,n/a,n/a,n/a,n/a,n/a,n/a,n/a,n/a,n/a,n/a,n/a,n/a,n/a,
38514715,38514-71-5,2-AMINO-4-(5-NITRO-2-FURYL)THIAZOLE,n/a,n/a,n/a,n/a,n/a,n/a,n/a,n/a,n/a,1.31E-05,n/a,7.62E-06,n/a,2.10E-05,n/a,1.14E-08,n/a,3.51E-07,n/a,6.86E-07,n/a,Interim,n/a,n/a,n/a,n/a,
38640629,38640-62-9,DIISOPROPYLNAPHTHALENE,n/a,1.71E-02,4.04E-03,4.37E+01,5.83E-04,2.47E-02,2.47E-02,Recommended,n/a,n/a,n/a,n/a,n/a,n/a,n/a,n/a,n/a,n/a,n/a,n/a,n/a,n/a,n/a,n/a,n/a,n/a,
38641940,38641-94-0,GLYPHOSATE-ISOPROPYLAMMONIUM,n/a,2.50E+01,2.27E+01,5.46E+02,6.82E-08,1.77E+02,1.77E+02,Interim,n/a,n/a,n/a,n/a,n/a,n/a,n/a,n/a,n/a,n/a,n/a,n/a,n/a,n/a,n/a,n/a,n/a,n/a,
39148248,39148-24-8,FOSETYL-ALUMINIUM,n/a,2.54E+01,7.75E+00,1.34E+03,1.91E-10,4.20E+00,4.20E+00,Interim,n/a,8.79E-09,5.12E-09,3.01E-09,1.75E-09,2.29E-08,1.34E-08,4.74E-12,2.76E-12,7.20E-11,4.20E-11,8.97E-11,5.23E-11,Interim,Interim,n/a,n/a,n/a,
39156417,39156-41-7,"C,I, OXIDATION BASE 12A",n/a,n/a,n/a,n/a,n/a,n/a,n/a,n/a,n/a,5.95E-07,n/a,4.64E-07,n/a,5.12E-07,n/a,9.52E-11,n/a,1.62E-07,n/a,1.99E-07,n/a,Interim,n/a,n/a,n/a,n/a,
39196184,39196-18-4,THIOFANOX,n/a,1.36E+04,1.20E+04,1.89E+05,3.82E-01,3.13E+04,3.13E+04,Interim,n/a,n/a,n/a,n/a,n/a,n/a,n/a,n/a,n/a,n/a,n/a,n/a,n/a,n/a,n/a,n/a,n/a,n/a,
39300453,39300-45-3,DINOCAP,n/a,9.67E+03,4.98E+03,3.39E+05,6.10E-02,1.40E+02,1.40E+02,Interim,n/a,n/a,3.04E-06,n/a,1.85E-06,n/a,3.63E-06,n/a,7.32E-08,n/a,1.51E-09,n/a,1.03E-07,n/a,Recommended,n/a,n/a,n/a,
39515407,39515-40-7,CYPHENOTHRIN,n/a,1.37E+03,2.36E+02,3.64E+05,1.72E+01,1.99E+02,1.99E+02,Interim,n/a,n/a,n/a,n/a,n/a,n/a,n/a,n/a,n/a,n/a,n/a,n/a,n/a,n/a,n/a,n/a,n/a,n/a,
39515418,39515-41-8,FENPROPATHRIN,n/a,1.19E+06,6.28E+05,1.14E+08,1.71E+04,2.12E+05,2.12E+05,Recommended,n/a,n/a,1.21E-06,n/a,8.46E-07,n/a,2.25E-06,n/a,8.37E-08,n/a,3.23E-08,n/a,1.63E-07,n/a,Recommended,n/a,n/a,n/a,
39515510,39515-51-0,3-PHENOXYBENZALDEHYDE,n/a,6.28E+01,4.27E+01,3.23E+03,1.09E-01,3.02E+02,3.02E+02,Interim,n/a,n/a,n/a,n/a,n/a,n/a,n/a,n/a,n/a,n/a,n/a,n/a,n/a,n/a,n/a,n/a,n/a,n/a,
39762408,39762-40-8,1-METHYL-4-NONYL CYCLOHEXANE,n/a,n/a,n/a,n/a,n/a,n/a,n/a,n/a,n/a,n/a,n/a,n/a,n/a,n/a,n/a,n/a,n/a,n/a,n/a,n/a,n/a,n/a,n/a,n/a,n/a,4.64E-01,
39765805,39765-80-5,TRANS-NONACHLOR,n/a,2.63E+03,1.91E+03,2.76E+05,4.24E+02,5.32E+02,5.32E+02,Interim,n/a,n/a,n/a,n/a,n/a,n/a,n/a,n/a,n/a,n/a,n/a,n/a,n/a,n/a,n/a,n/a,n/a,n/a,
39801144,39801-14-4,"1,3,4-METHENO-1H-CYCLOBUTA[CD]PENTALENE, 1,1A,2,2,3,3A,4,5,5,5A,5B-UNDECACHLOROOCTAHYDRO- (9CI)",n/a,n/a,n/a,n/a,n/a,n/a,n/a,n/a,n/a,1.21E-03,n/a,1.15E-03,n/a,1.75E-01,n/a,5.72E-02,n/a,3.65E-04,n/a,3.70E-04,n/a,Recommended,n/a,n/a,n/a,n/a,
40321764,40321-76-4,"1,2,3,7,8-PENTACHLORODIBENZO-P-DIOXIN",n/a,2.52E+07,1.67E+07,5.80E+08,2.11E+04,3.84E+05,3.84E+05,Interim,n/a,n/a,n/a,n/a,n/a,n/a,n/a,n/a,n/a,n/a,n/a,n/a,n/a,n/a,n/a,n/a,n/a,n/a,
40364849,40364-84-9,HYDROXYL-METHACROLEIN,n/a,n/a,n/a,n/a,n/a,n/a,n/a,n/a,n/a,n/a,n/a,n/a,n/a,n/a,n/a,n/a,n/a,n/a,n/a,n/a,n/a,n/a,n/a,n/a,n/a,6.24E+00,
40487421,40487-42-1,PENDIMETHALIN,n/a,6.56E+03,2.43E+03,4.58E+05,9.42E+00,2.93E+03,2.93E+03,Recommended,n/a,n/a,1.73E-07,n/a,1.01E-07,n/a,6.13E-07,n/a,9.15E-09,n/a,5.68E-09,n/a,1.07E-07,n/a,Recommended,n/a,n/a,n/a,
40548683,40548-68-3,"TETRAHYDRO-2-NITROSO-2H-1,2-OXAZINE",n/a,n/a,n/a,n/a,n/a,n/a,n/a,n/a,n/a,1.27E-06,n/a,2.14E-07,n/a,1.80E-06,n/a,5.14E-10,n/a,5.29E-08,n/a,7.99E-08,n/a,Recommended,n/a,n/a,n/a,n/a,
40575346,40575-34-6,PHENOPYLATE,n/a,3.48E+01,2.75E+01,2.77E+03,3.49E-01,1.93E+02,1.93E+02,Interim,n/a,n/a,n/a,n/a,n/a,n/a,n/a,n/a,n/a,n/a,n/a,n/a,n/a,n/a,n/a,n/a,n/a,n/a,
40580890,40580-89-0,"AZACYCLOTRIDECANE, 1-NITROSO-",n/a,n/a,n/a,n/a,n/a,n/a,n/a,n/a,n/a,3.52E-06,n/a,1.36E-06,n/a,1.86E-05,n/a,5.21E-07,n/a,6.70E-08,n/a,2.69E-07,n/a,Recommended,n/a,n/a,n/a,n/a,
40596698,40596-69-8,METHOPRENE,n/a,4.60E+01,1.45E+01,1.03E+04,2.58E-01,3.78E+01,3.78E+01,Recommended,n/a,n/a,1.36E-07,n/a,4.37E-08,n/a,1.11E-06,n/a,3.52E-08,n/a,6.16E-09,n/a,9.04E-08,n/a,Recommended,n/a,n/a,n/a,
40649363,40649-36-3,4-PROPYL CYCLOHEXANONE,n/a,n/a,n/a,n/a,n/a,n/a,n/a,n/a,n/a,n/a,n/a,n/a,n/a,n/a,n/a,n/a,n/a,n/a,n/a,n/a,n/a,n/a,n/a,n/a,n/a,1.85E+00,
41083118,41083-11-8,AZOCYCLOTIN,n/a,6.63E+03,4.08E+03,1.75E+05,2.71E-05,3.85E+01,3.85E+01,Recommended,n/a,n/a,3.45E-05,n/a,2.65E-05,n/a,3.22E-04,n/a,5.68E-05,n/a,7.12E-08,n/a,1.56E-07,n/a,Recommended,n/a,n/a,n/a,
41198087,41198-08-7,PROFENOFOS,n/a,3.65E+05,1.67E+05,1.62E+07,1.57E+01,4.53E+05,4.53E+05,Recommended,n/a,n/a,6.39E-06,n/a,3.48E-06,n/a,6.66E-05,n/a,1.37E-06,n/a,1.87E-06,n/a,1.16E-05,n/a,Recommended,n/a,n/a,n/a,
41394052,41394-05-2,METAMITRON,n/a,1.87E+01,1.27E+01,4.98E+02,1.80E-08,2.32E+01,2.32E+01,Recommended,n/a,n/a,n/a,n/a,n/a,n/a,n/a,n/a,n/a,n/a,n/a,n/a,n/a,n/a,n/a,n/a,n/a,n/a,
41446666,41446-66-6,TRANS-5-TETRADECENE,n/a,n/a,n/a,n/a,n/a,n/a,n/a,n/a,n/a,n/a,n/a,n/a,n/a,n/a,n/a,n/a,n/a,n/a,n/a,n/a,n/a,n/a,n/a,n/a,n/a,2.35E+00,
41483436,41483-43-6,BUPIRIMATE,n/a,3.10E+02,8.85E+01,1.69E+04,3.77E-03,6.67E+02,6.67E+02,Interim,n/a,n/a,n/a,n/a,n/a,n/a,n/a,n/a,n/a,n/a,n/a,n/a,n/a,n/a,n/a,n/a,n/a,n/a,
41814782,41814-78-2,TRICYCLAZOLE,n/a,8.90E+01,4.97E+01,3.07E+03,5.50E-06,4.82E+01,4.82E+01,Interim,n/a,n/a,n/a,n/a,n/a,n/a,n/a,n/a,n/a,n/a,n/a,n/a,n/a,n/a,n/a,n/a,n/a,n/a,
42011483,42011-48-3,"2,2,2-TRIFLUORO-N-[4-(5-NITRO-2-FURYL)-2-THIAZOLYL]ACETAMIDE",n/a,n/a,n/a,n/a,n/a,n/a,n/a,n/a,n/a,1.33E-05,n/a,9.03E-06,n/a,2.42E-05,n/a,6.61E-08,n/a,3.07E-07,n/a,7.23E-07,n/a,Interim,n/a,n/a,n/a,n/a,
42087809,42087-80-9,METHYL 4-CHLORO-2-NITROBENZOATE,n/a,9.57E+01,9.08E+01,1.20E+03,4.98E-01,1.07E+02,1.07E+02,Interim,n/a,n/a,n/a,n/a,n/a,n/a,n/a,n/a,n/a,n/a,n/a,n/a,n/a,n/a,n/a,n/a,n/a,n/a,
42576023,42576-02-3,BIFENOX,n/a,1.00E+04,6.74E+03,2.21E+05,3.16E+00,7.41E+02,7.41E+02,Recommended,n/a,n/a,n/a,n/a,n/a,n/a,n/a,n/a,n/a,n/a,n/a,n/a,n/a,n/a,n/a,n/a,n/a,n/a,
42579282,42579-28-2,1-NITROSOHYDANTOIN,n/a,n/a,n/a,n/a,n/a,n/a,n/a,n/a,n/a,1.37E-06,n/a,7.99E-07,n/a,1.02E-06,n/a,1.76E-10,n/a,2.99E-07,n/a,4.91E-07,n/a,Interim,n/a,n/a,n/a,n/a,
42835256,42835-25-6,FLUMEQUINE,n/a,6.03E+02,5.58E+02,8.69E+03,1.04E-04,2.53E+03,2.53E+03,Interim,n/a,n/a,n/a,n/a,n/a,n/a,n/a,n/a,n/a,n/a,n/a,n/a,n/a,n/a,n/a,n/a,n/a,n/a,
42874033,42874-03-3,OXYFLUORFEN,n/a,1.34E+03,6.55E+02,6.39E+04,4.82E+00,9.00E+01,9.00E+01,Recommended,n/a,n/a,9.85E-05,n/a,7.78E-05,n/a,8.10E-04,n/a,7.92E-05,n/a,1.35E-06,n/a,3.57E-06,n/a,Recommended,n/a,n/a,n/a,
43121433,43121-43-3,TRIADIMEFON,n/a,2.43E+02,1.74E+02,5.81E+03,6.53E-05,3.18E+02,3.18E+02,Recommended,n/a,n/a,3.02E-06,n/a,1.95E-06,n/a,8.66E-06,n/a,7.70E-08,n/a,4.74E-07,n/a,8.93E-07,n/a,Recommended,n/a,n/a,n/a,
43222486,43222-48-6,DIFENZOQUAT METILSULFATE,n/a,3.52E+01,2.18E+01,9.23E+02,1.36E-12,4.17E-01,4.17E-01,Interim,n/a,n/a,4.11E-07,n/a,3.05E-07,n/a,2.15E-07,n/a,1.12E-10,n/a,9.70E-11,n/a,1.85E-10,n/a,Recommended,n/a,n/a,n/a,
49866877,49866-87-7,DIFENZOQUAT,n/a,1.28E+01,2.63E+00,7.32E+02,1.21E-08,2.78E-01,2.78E-01,Interim,n/a,n/a,n/a,n/a,n/a,n/a,n/a,n/a,n/a,n/a,n/a,n/a,n/a,n/a,n/a,n/a,n/a,n/a,
50375105,50375-10-5,"2,3,6-TRICHLOROANISOLE",n/a,7.28E+01,7.23E+01,9.56E+03,1.45E+01,2.33E+02,2.33E+02,Interim,n/a,n/a,n/a,n/a,n/a,n/a,n/a,n/a,n/a,n/a,n/a,n/a,n/a,n/a,n/a,n/a,n/a,n/a,
50471448,50471-44-8,VINCLOZOLIN,n/a,5.62E+02,3.44E+02,1.90E+04,2.80E-02,1.06E+03,1.06E+03,Recommended,n/a,n/a,4.08E-06,n/a,2.23E-06,n/a,1.94E-05,n/a,2.39E-07,n/a,1.09E-06,n/a,2.16E-06,n/a,Recommended,n/a,n/a,n/a,
50512351,50512-35-1,IPT (ISOPROTHIOLANE),n/a,1.09E+00,1.05E+00,7.88E+02,4.90E-02,1.86E+01,1.86E+01,Interim,n/a,n/a,n/a,n/a,n/a,n/a,n/a,n/a,n/a,n/a,n/a,n/a,n/a,n/a,n/a,n/a,n/a,n/a,
50563365,50563-36-5,DIMETHACHLOR,n/a,4.97E+02,3.81E+02,1.25E+04,3.05E-03,1.75E+03,1.75E+03,Recommended,n/a,n/a,n/a,n/a,n/a,n/a,n/a,n/a,n/a,n/a,n/a,n/a,n/a,n/a,n/a,n/a,n/a,n/a,
50594666,50594-66-6,ACIFLUORFEN,n/a,n/a,n/a,n/a,n/a,n/a,n/a,n/a,n/a,1.94E-06,n/a,1.65E-06,n/a,2.62E-06,n/a,2.51E-09,n/a,6.26E-08,n/a,2.39E-07,n/a,Interim,n/a,n/a,n/a,n/a,
51000523,51000-52-3,"NEODECANOIC ACID, ETHENYL ESTER",n/a,5.71E-02,4.66E-02,7.14E+02,7.70E-03,9.60E+00,9.60E+00,Recommended,n/a,n/a,n/a,n/a,n/a,n/a,n/a,n/a,n/a,n/a,n/a,n/a,n/a,n/a,n/a,n/a,n/a,n/a,
51200874,51200-87-4,"OXAZOLIDINE, 4,4-DIMETHYL-",n/a,2.27E+00,1.29E+00,2.77E+02,2.41E-03,5.40E+01,5.40E+01,Recommended,n/a,n/a,n/a,n/a,n/a,n/a,n/a,n/a,n/a,n/a,n/a,n/a,n/a,n/a,n/a,n/a,n/a,n/a,
51207319,51207-31-9,"2,3,7,8-TETRACDF",n/a,3.05E+07,2.58E+07,8.70E+08,2.33E+06,1.87E+06,1.87E+06,Interim,n/a,n/a,n/a,n/a,n/a,n/a,n/a,n/a,n/a,n/a,n/a,n/a,n/a,n/a,n/a,n/a,n/a,n/a,
51218452,51218-45-2,METOLACHLOR,n/a,1.89E+03,1.17E+03,6.73E+04,4.93E-02,5.96E+03,5.96E+03,Recommended,n/a,n/a,2.97E-07,n/a,1.42E-07,n/a,1.27E-06,n/a,8.40E-09,n/a,1.13E-07,n/a,2.78E-07,n/a,Recommended,n/a,n/a,n/a,
51218496,51218-49-6,PRETILCHLOR,n/a,1.65E+04,6.43E+03,7.90E+05,2.33E-01,1.30E+04,1.30E+04,Recommended,n/a,n/a,n/a,n/a,n/a,n/a,n/a,n/a,n/a,n/a,n/a,n/a,n/a,n/a,n/a,n/a,n/a,n/a,
51235042,51235-04-2,HEXAZINONE,n/a,4.43E+03,3.49E+03,1.18E+05,2.55E-05,2.33E+04,2.33E+04,Recommended,n/a,n/a,3.64E-07,n/a,1.40E-07,n/a,1.05E-06,n/a,4.22E-10,n/a,2.06E-07,n/a,4.08E-07,n/a,Recommended,n/a,n/a,n/a,
51325350,51325-35-0,"N,N'-[6-(5-NITRO-2-FURYL)-S-TRIAZINE-2,4-DIYL]BISACETAMIDE",n/a,n/a,n/a,n/a,n/a,n/a,n/a,n/a,n/a,8.33E-06,n/a,6.63E-06,n/a,9.11E-06,n/a,1.97E-09,n/a,1.31E-06,n/a,1.92E-06,n/a,Recommended,n/a,n/a,n/a,n/a,
51333223,51333-22-3,BUDESONIDE,n/a,n/a,n/a,n/a,n/a,n/a,n/a,n/a,n/a,5.48E-04,n/a,4.71E-04,n/a,5.01E-04,n/a,1.55E-06,n/a,1.36E-04,n/a,2.50E-04,n/a,Recommended,n/a,n/a,n/a,n/a,
51338273,51338-27-3,DICLOFOP-METHYL,n/a,1.80E+03,8.06E+02,1.29E+05,6.61E+00,2.85E+02,2.85E+02,Recommended,n/a,n/a,n/a,n/a,n/a,n/a,n/a,n/a,n/a,n/a,n/a,n/a,n/a,n/a,n/a,n/a,n/a,n/a,
51410447,51410-44-7,1'-HYDROXYESTRAGOLE,n/a,n/a,n/a,n/a,n/a,n/a,n/a,n/a,n/a,8.35E-07,n/a,1.70E-07,n/a,1.46E-06,n/a,2.10E-09,n/a,1.81E-07,n/a,4.18E-07,n/a,Recommended,n/a,n/a,n/a,n/a,
51542337,51542-33-7,N-NITROSOBENZTHIAZURON,n/a,n/a,n/a,n/a,n/a,n/a,n/a,n/a,n/a,1.98E-05,n/a,4.42E-06,n/a,8.15E-05,n/a,3.11E-08,n/a,1.24E-06,n/a,2.43E-06,n/a,Interim,n/a,n/a,n/a,n/a,
51630581,51630-58-1,FENVALERATE,n/a,8.65E+05,4.37E+05,3.23E+07,5.47E+01,1.90E+05,1.90E+05,Recommended,n/a,n/a,4.41E-06,n/a,2.80E-06,n/a,3.05E-05,n/a,1.01E-06,n/a,1.81E-07,n/a,1.84E-06,n/a,Recommended,n/a,n/a,n/a,
51707552,51707-55-2,THIDIAZURON,n/a,3.72E+02,3.06E+02,6.80E+03,3.45E-07,8.63E+02,8.63E+02,Recommended,n/a,n/a,n/a,n/a,n/a,n/a,n/a,n/a,n/a,n/a,n/a,n/a,n/a,n/a,n/a,n/a,n/a,n/a,
51729830,51729-83-0,METHYL ISOPROPYL CARBONATE,n/a,n/a,n/a,n/a,n/a,n/a,n/a,n/a,n/a,n/a,n/a,n/a,n/a,n/a,n/a,n/a,n/a,n/a,n/a,n/a,n/a,n/a,n/a,n/a,n/a,6.20E-01,
51786539,51786-53-9,"1-AMINO-2,5-DIMETHYLBENZENE HYDROCHLORIDE",n/a,n/a,n/a,n/a,n/a,n/a,n/a,n/a,n/a,1.09E-07,n/a,1.67E-09,n/a,4.12E-07,n/a,5.06E-10,n/a,3.01E-08,n/a,5.01E-08,n/a,Recommended,n/a,n/a,n/a,n/a,
51892263,51892-26-3,"2,4-DICHLORODIPHENYL ETHER",n/a,1.79E+02,1.71E+02,1.24E+04,2.03E+01,9.07E+01,9.07E+01,Interim,n/a,n/a,n/a,n/a,n/a,n/a,n/a,n/a,n/a,n/a,n/a,n/a,n/a,n/a,n/a,n/a,n/a,n/a,
52214843,52214-84-3,CIPROFIBRATE,n/a,n/a,n/a,n/a,n/a,n/a,n/a,n/a,n/a,2.87E-05,n/a,1.76E-05,n/a,6.50E-05,n/a,5.90E-08,n/a,5.03E-06,n/a,3.51E-05,n/a,Interim,n/a,n/a,n/a,n/a,
52303692,52303-69-2,"PROPANEDIOIC ACID, 1,3-DITHIOLAN-2-YLIDENE-, BIS",n/a,1.54E+01,1.06E+01,5.36E+02,1.27E-04,8.51E+01,8.51E+01,Interim,n/a,n/a,n/a,n/a,n/a,n/a,n/a,n/a,n/a,n/a,n/a,n/a,n/a,n/a,n/a,n/a,n/a,n/a,
52315078,52315-07-8,CYPERMETHRIN,n/a,9.86E+05,3.82E+05,5.04E+07,1.08E+03,7.01E+04,7.01E+04,Recommended,n/a,n/a,2.82E-06,n/a,2.45E-06,n/a,4.41E-06,n/a,2.82E-07,n/a,9.92E-09,n/a,2.60E-07,n/a,Recommended,n/a,n/a,n/a,
52645531,52645-53-1,PERMETHRIN,n/a,1.60E+04,6.05E+03,1.18E+06,3.53E+01,7.81E+02,7.81E+02,Recommended,n/a,n/a,6.72E-07,n/a,5.07E-07,n/a,1.63E-06,n/a,8.19E-08,n/a,2.88E-09,n/a,4.03E-08,n/a,Recommended,n/a,n/a,n/a,
52722868,52722-86-8,"1-PIPERIDINEETHANOL, 4-HYDROXY-2,2,6,6-TETRAMETHYL-",n/a,1.73E+01,1.60E+01,3.95E+02,8.69E-07,1.37E+02,1.37E+02,Interim,n/a,n/a,n/a,n/a,n/a,n/a,n/a,n/a,n/a,n/a,n/a,n/a,n/a,n/a,n/a,n/a,n/a,n/a,
52756259,52756-25-9,FLAMPROP-METHYL,n/a,4.88E+02,3.76E+02,1.01E+04,3.42E-01,5.88E+02,5.88E+02,Interim,n/a,n/a,n/a,n/a,n/a,n/a,n/a,n/a,n/a,n/a,n/a,n/a,n/a,n/a,n/a,n/a,n/a,n/a,
52888809,52888-80-9,PROSULFOCARB,n/a,7.34E+02,3.08E+02,3.31E+04,1.29E-02,1.96E+02,1.96E+02,Recommended,n/a,n/a,n/a,n/a,n/a,n/a,n/a,n/a,n/a,n/a,n/a,n/a,n/a,n/a,n/a,n/a,n/a,n/a,
52918635,52918-63-5,DELTAMETHRIN,n/a,2.65E+04,1.01E+04,2.48E+06,1.49E+02,1.41E+03,1.41E+03,Recommended,n/a,n/a,2.86E-06,n/a,2.00E-06,n/a,5.98E-06,n/a,3.37E-07,n/a,1.80E-08,n/a,1.41E-07,n/a,Recommended,n/a,n/a,n/a,
53112280,53112-28-0,PYRIMETHANIL,n/a,5.82E+01,1.43E+01,3.42E+03,1.79E-03,1.16E+02,1.16E+02,Recommended,n/a,n/a,n/a,n/a,n/a,n/a,n/a,n/a,n/a,n/a,n/a,n/a,n/a,n/a,n/a,n/a,n/a,n/a,
53445377,53445-37-7,"2,2,4(OR 2,4,4)-TRIMETHYLADIPIC ACID",n/a,4.49E+00,3.41E+00,8.42E+01,6.35E-06,3.50E+00,3.50E+00,Interim,n/a,n/a,n/a,n/a,n/a,n/a,n/a,n/a,n/a,n/a,n/a,n/a,n/a,n/a,n/a,n/a,n/a,n/a,
53469219,53469-21-9,AROCLOR 1242,n/a,2.88E+03,2.64E+03,1.84E+05,7.87E+02,6.69E+02,6.69E+02,Recommended,n/a,n/a,n/a,n/a,n/a,n/a,n/a,n/a,n/a,n/a,n/a,n/a,n/a,n/a,n/a,n/a,n/a,n/a,
53609646,53609-64-6,DIISOPROPANOLNITROSAMINE,n/a,n/a,n/a,n/a,n/a,n/a,n/a,n/a,n/a,3.84E-05,n/a,1.17E-05,n/a,5.30E-05,n/a,8.99E-09,n/a,1.26E-05,n/a,1.95E-05,n/a,Recommended,n/a,n/a,n/a,n/a,
54135807,54135-80-7,"1,2,3-TRICHLORO-4-METHOXYBENZENE",n/a,8.51E+01,8.45E+01,1.26E+04,1.73E+01,2.99E+02,2.99E+02,Interim,n/a,n/a,n/a,n/a,n/a,n/a,n/a,n/a,n/a,n/a,n/a,n/a,n/a,n/a,n/a,n/a,n/a,n/a,
54406483,54406-48-3,EMPENTHRIN,n/a,2.53E+02,7.37E+01,7.12E+05,8.99E+00,9.97E+02,9.97E+02,Interim,n/a,n/a,n/a,n/a,n/a,n/a,n/a,n/a,n/a,n/a,n/a,n/a,n/a,n/a,n/a,n/a,n/a,n/a,
54593838,54593-83-8,CHLORETHOXYFOS,n/a,3.04E+03,2.62E+03,1.35E+07,9.09E+02,2.63E+05,2.63E+05,Recommended,n/a,n/a,n/a,n/a,n/a,n/a,n/a,n/a,n/a,n/a,n/a,n/a,n/a,n/a,n/a,n/a,n/a,n/a,
55090443,55090-44-3,N-METHYL-N-NITROSOLAURYLAMINE,n/a,n/a,n/a,n/a,n/a,n/a,n/a,n/a,n/a,8.23E-05,n/a,3.81E-05,n/a,2.06E-04,n/a,8.52E-06,n/a,1.76E-06,n/a,9.12E-06,n/a,Recommended,n/a,n/a,n/a,n/a,
55179312,55179-31-2,BITERTANOL,n/a,6.46E+02,4.21E+02,1.56E+04,3.34E-07,7.40E+01,7.40E+01,Recommended,n/a,n/a,5.13E-06,n/a,3.67E-06,n/a,3.68E-05,n/a,8.34E-07,n/a,1.75E-07,n/a,4.10E-07,n/a,Recommended,n/a,n/a,n/a,
55219653,55219-65-3,TRIADIMENOL,n/a,3.70E+02,2.98E+02,5.72E+03,1.77E-06,3.20E+02,3.20E+02,Recommended,n/a,n/a,2.04E-06,n/a,1.46E-06,n/a,5.75E-06,n/a,7.43E-08,n/a,3.21E-07,n/a,5.63E-07,n/a,Recommended,n/a,n/a,n/a,
55268741,55268-74-1,PRAZIQUANTEL,n/a,5.42E+01,1.84E+01,2.75E+03,4.24E-07,1.54E+01,1.54E+01,Interim,n/a,n/a,n/a,n/a,n/a,n/a,n/a,n/a,n/a,n/a,n/a,n/a,n/a,n/a,n/a,n/a,n/a,n/a,
55283686,55283-68-6,ETHALFLURALIN,n/a,1.68E+02,1.46E+02,2.56E+05,4.31E+01,4.55E+03,4.55E+03,Recommended,n/a,n/a,n/a,n/a,n/a,n/a,n/a,n/a,n/a,n/a,n/a,n/a,n/a,n/a,n/a,n/a,n/a,n/a,
55285148,55285-14-8,"CARBAMIC ACID, [(DIBUTYLAMINO)THIO]METHYL-, 2,3-",n/a,1.48E+03,3.48E+02,1.09E+05,4.78E-01,1.91E+02,1.91E+02,Interim,n/a,n/a,1.85E-05,n/a,5.76E-06,n/a,8.56E-04,n/a,2.64E-05,n/a,1.51E-06,n/a,3.22E-06,n/a,Recommended,n/a,n/a,n/a,
55290647,55290-64-7,DIMETHIPIN,n/a,9.97E+01,9.53E+01,2.42E+03,7.54E-06,9.54E+02,9.54E+02,Interim,n/a,n/a,1.44E-06,n/a,5.23E-07,n/a,5.30E-06,n/a,3.42E-09,n/a,2.09E-06,n/a,2.79E-06,n/a,Interim,n/a,n/a,n/a,
55335063,55335-06-3,TRICLOPYR,n/a,8.47E+02,8.21E+02,4.88E+03,3.84E-03,1.32E+03,1.32E+03,Interim,n/a,n/a,n/a,n/a,n/a,n/a,n/a,n/a,n/a,n/a,n/a,n/a,n/a,n/a,n/a,n/a,n/a,n/a,
55380342,55380-34-2,"2,6-DIME-N,N'-DINITROSOPIPERAZINE",n/a,n/a,n/a,n/a,n/a,n/a,n/a,n/a,n/a,4.84E-06,n/a,2.00E-06,n/a,1.78E-05,n/a,3.75E-09,n/a,9.72E-07,n/a,1.30E-06,n/a,Interim,n/a,n/a,n/a,n/a,
55406536,55406-53-6,"CARBAMIC ACID, BUTYL-, 3-IODO-2-PROPYNYL ESTER",n/a,1.09E+03,5.97E+02,9.19E+04,1.05E+00,2.28E+03,2.28E+03,Recommended,n/a,n/a,n/a,n/a,n/a,n/a,n/a,n/a,n/a,n/a,n/a,n/a,n/a,n/a,n/a,n/a,n/a,n/a,
55512339,55512-33-9,PYRIDATE,n/a,1.85E+02,1.13E+02,4.80E+03,9.60E-05,2.09E+00,2.09E+00,Recommended,n/a,n/a,n/a,n/a,n/a,n/a,n/a,n/a,n/a,n/a,n/a,n/a,n/a,n/a,n/a,n/a,n/a,n/a,
55556928,55556-92-8,"PYRIDINE, 1,2,3,6-TETRAHYDRO-1-NITROSO-",n/a,n/a,n/a,n/a,n/a,n/a,n/a,n/a,n/a,3.77E-04,n/a,1.43E-05,n/a,1.31E-03,n/a,6.77E-07,n/a,1.07E-04,n/a,1.46E-04,n/a,Recommended,n/a,n/a,n/a,n/a,
55557001,55557-00-1,"1H-1,4-DIAZEPINE, HEXAHYDRO-1,4-DINITROSO-",n/a,n/a,n/a,n/a,n/a,n/a,n/a,n/a,n/a,6.81E-04,n/a,3.33E-04,n/a,2.08E-03,n/a,4.24E-07,n/a,1.57E-04,n/a,1.94E-04,n/a,Recommended,n/a,n/a,n/a,n/a,
55738540,55738-54-0,"TRANS-2-[(DIMETHYLAMINO)METHYLIMINO]-5-[2-(5-NITRO-2-FURYL)VINYL]-1,3,4-OXADIAZOLE",n/a,n/a,n/a,n/a,n/a,n/a,n/a,n/a,n/a,9.14E-07,n/a,2.27E-07,n/a,5.50E-06,n/a,1.50E-09,n/a,7.46E-08,n/a,1.20E-07,n/a,Recommended,n/a,n/a,n/a,n/a,
55934935,55934-93-5,TRIPROPYLENE GLYCOL N-BUTYL ETHER,n/a,n/a,n/a,n/a,n/a,n/a,n/a,n/a,n/a,n/a,n/a,n/a,n/a,n/a,n/a,n/a,n/a,n/a,n/a,n/a,n/a,n/a,n/a,n/a,n/a,1.64E+00,
56073075,56073-07-5,DIFENACOUM,n/a,1.26E+01,2.35E+00,1.75E+03,1.52E-02,1.63E-01,1.63E-01,Interim,n/a,n/a,n/a,n/a,n/a,n/a,n/a,n/a,n/a,n/a,n/a,n/a,n/a,n/a,n/a,n/a,n/a,n/a,
56073100,56073-10-0,BRODIFACOUM,n/a,1.03E+01,6.39E+00,2.72E+02,5.29E-13,3.98E-02,3.98E-02,Recommended,n/a,n/a,n/a,n/a,n/a,n/a,n/a,n/a,n/a,n/a,n/a,n/a,n/a,n/a,n/a,n/a,n/a,n/a,
56108124,56108-12-4,4-TERT-BUTYLBENZAMIDE,n/a,1.08E+02,9.59E+01,1.22E+03,9.06E-03,1.46E+02,1.46E+02,Interim,n/a,n/a,n/a,n/a,n/a,n/a,n/a,n/a,n/a,n/a,n/a,n/a,n/a,n/a,n/a,n/a,n/a,n/a,
56348722,56348-72-2,"3,3',4,4'-TETRACHLOROBIPHENYL ETHER",n/a,9.83E+02,9.34E+02,4.90E+04,2.34E+02,3.05E+02,3.05E+02,Interim,n/a,n/a,n/a,n/a,n/a,n/a,n/a,n/a,n/a,n/a,n/a,n/a,n/a,n/a,n/a,n/a,n/a,n/a,
56425913,56425-91-3,FLURPRIMIDOL,n/a,3.55E+02,2.00E+02,1.29E+04,2.77E-03,5.24E+02,5.24E+02,Recommended,n/a,n/a,4.58E-06,n/a,3.01E-06,n/a,3.78E-05,n/a,8.13E-07,n/a,1.53E-06,n/a,2.40E-06,n/a,Recommended,n/a,n/a,n/a,
56539663,56539-66-3,3 METHOXY-3 METHYL-BUTANOL,n/a,n/a,n/a,n/a,n/a,n/a,n/a,n/a,n/a,n/a,n/a,n/a,n/a,n/a,n/a,n/a,n/a,n/a,n/a,n/a,n/a,n/a,n/a,n/a,n/a,2.88E+00,
56634958,56634-95-8,BROMOXYNIL HEPTANOATE,n/a,8.68E+03,6.81E+03,4.63E+05,7.01E+01,4.09E+03,4.09E+03,Recommended,n/a,n/a,n/a,n/a,n/a,n/a,n/a,n/a,n/a,n/a,n/a,n/a,n/a,n/a,n/a,n/a,n/a,n/a,
56654525,56654-52-5,"1,3-DIBUTYL-3-NITROSO UREA",n/a,n/a,n/a,n/a,n/a,n/a,n/a,n/a,n/a,8.07E-06,n/a,2.27E-06,n/a,6.72E-06,n/a,9.39E-09,n/a,7.71E-08,n/a,4.17E-07,n/a,Recommended,n/a,n/a,n/a,n/a,
56795654,56795-65-4,N-BUTYL HYDRAZINE HYDROCHLORIDE,n/a,n/a,n/a,n/a,n/a,n/a,n/a,n/a,n/a,3.27E-06,n/a,5.00E-08,n/a,2.48E-06,n/a,3.16E-09,n/a,1.05E-07,n/a,2.35E-07,n/a,Interim,n/a,n/a,n/a,n/a,
56803373,56803-37-3,T-BUTYLPHENYL DIPHENYL PHOSPHATE,n/a,8.75E+02,3.76E+02,4.66E+04,6.71E-01,1.71E+01,1.71E+01,Interim,n/a,n/a,n/a,n/a,n/a,n/a,n/a,n/a,n/a,n/a,n/a,n/a,n/a,n/a,n/a,n/a,n/a,n/a,
56961207,56961-20-7,"3,4,5-TRICHLOROCATECHOL",n/a,6.91E+02,4.82E+02,1.50E+04,1.46E-01,1.98E+02,1.98E+02,Interim,n/a,n/a,n/a,n/a,n/a,n/a,n/a,n/a,n/a,n/a,n/a,n/a,n/a,n/a,n/a,n/a,n/a,n/a,
57018049,57018-04-9,TOLCLOFOS-METHYL,n/a,2.82E+00,2.08E+00,3.60E+03,3.40E-01,1.98E+01,1.98E+01,Recommended,n/a,n/a,7.60E-07,n/a,7.56E-08,n/a,4.27E-06,n/a,5.41E-07,n/a,3.49E-08,n/a,4.44E-07,n/a,Recommended,n/a,n/a,n/a,
57018527,57018-52-7,1-TERT-BUTOXY-2-PROPANOL,n/a,n/a,n/a,n/a,n/a,n/a,n/a,n/a,n/a,n/a,n/a,n/a,n/a,n/a,n/a,n/a,n/a,n/a,n/a,n/a,n/a,n/a,n/a,n/a,n/a,1.61E+00,
57057837,57057-83-7,"3,4,5-TRICHLORO-2-METHOXYPHENOL",n/a,2.55E+03,2.02E+03,6.92E+04,8.72E+00,3.07E+03,3.07E+03,Interim,n/a,n/a,n/a,n/a,n/a,n/a,n/a,n/a,n/a,n/a,n/a,n/a,n/a,n/a,n/a,n/a,n/a,n/a,
57213691,57213-69-1,"2,4,5-T TRIETHYLAMMONIUM SALT",n/a,5.58E+01,4.58E+01,7.96E+02,1.75E-08,4.60E+01,4.60E+01,Interim,n/a,n/a,n/a,n/a,n/a,n/a,n/a,n/a,n/a,n/a,n/a,n/a,n/a,n/a,n/a,n/a,n/a,n/a,
57369321,57369-32-1,PYROQUILON,n/a,4.98E+01,3.80E+01,1.15E+03,9.54E-06,1.21E+02,1.21E+02,Interim,n/a,n/a,n/a,n/a,n/a,n/a,n/a,n/a,n/a,n/a,n/a,n/a,n/a,n/a,n/a,n/a,n/a,n/a,
57590202,57590-20-2,PENTANAL METHYLFORMYLHYDRAZONE,n/a,n/a,n/a,n/a,n/a,n/a,n/a,n/a,n/a,1.65E-05,n/a,3.50E-06,n/a,2.36E-05,n/a,1.92E-08,n/a,5.23E-06,n/a,9.11E-06,n/a,Interim,n/a,n/a,n/a,n/a,
57646307,57646-30-7,FURALAXYL,n/a,2.35E+01,1.29E+01,9.20E+02,3.57E-05,5.92E+01,5.92E+01,Recommended,n/a,n/a,n/a,n/a,n/a,n/a,n/a,n/a,n/a,n/a,n/a,n/a,n/a,n/a,n/a,n/a,n/a,n/a,
57653857,57653-85-7,"1,2,3,6,7,8-HEXACHLORODIBENZO-P-DIOXIN",n/a,3.55E+05,2.28E+05,8.89E+06,3.75E+02,5.10E+03,5.10E+03,Interim,n/a,n/a,n/a,n/a,n/a,n/a,n/a,n/a,n/a,n/a,n/a,n/a,n/a,n/a,n/a,n/a,n/a,n/a,
57808658,57808-65-8,CLOSANTEL,n/a,8.53E+01,5.34E+01,2.20E+03,3.01E-07,2.56E+00,2.56E+00,Interim,n/a,n/a,n/a,n/a,n/a,n/a,n/a,n/a,n/a,n/a,n/a,n/a,n/a,n/a,n/a,n/a,n/a,n/a,
57837191,57837-19-1,METALAXYL,n/a,6.43E+01,5.79E+01,9.58E+02,5.34E-04,2.25E+02,2.25E+02,Recommended,n/a,n/a,3.12E-07,n/a,1.69E-07,n/a,6.03E-07,n/a,2.59E-10,n/a,1.42E-07,n/a,2.68E-07,n/a,Recommended,n/a,n/a,n/a,
57966957,57966-95-7,CYMOXANIL,n/a,1.11E+03,9.94E+02,1.09E+04,1.15E-03,1.27E+03,1.27E+03,Interim,n/a,n/a,n/a,n/a,n/a,n/a,n/a,n/a,n/a,n/a,n/a,n/a,n/a,n/a,n/a,n/a,n/a,n/a,
58138082,58138-08-2,"OXIRANE, 2-(3,5-DICHLOROPHENYL)-2-(2,2,2-TRICHLO",n/a,3.49E+01,3.42E+01,9.01E+03,1.24E+01,1.15E+02,1.15E+02,Recommended,n/a,n/a,2.68E-05,n/a,1.77E-05,n/a,2.21E-04,n/a,6.10E-05,n/a,8.07E-06,n/a,2.77E-05,n/a,Recommended,n/a,n/a,n/a,
59643708,59643-70-8,"3,4-DIETHYL-2-HEXENE",n/a,n/a,n/a,n/a,n/a,n/a,n/a,n/a,n/a,n/a,n/a,n/a,n/a,n/a,n/a,n/a,n/a,n/a,n/a,n/a,n/a,n/a,n/a,n/a,n/a,3.38E+00,
59669260,59669-26-0,THIODICARB,n/a,1.90E+03,1.29E+03,9.06E+04,3.40E+00,4.35E+03,4.35E+03,Recommended,n/a,n/a,1.19E-06,n/a,2.19E-07,n/a,3.32E-06,n/a,4.69E-09,n/a,1.72E-07,n/a,2.43E-07,n/a,Recommended,n/a,n/a,n/a,
59720422,59720-42-2,"METHANOL, (1H,3H,5H-OXAZOLO[3,4-C]OXAZOL-7A(7H)-YLMETHOXY)-",n/a,1.36E+01,1.25E+01,3.31E+02,2.59E-06,1.15E+02,1.15E+02,Interim,n/a,n/a,n/a,n/a,n/a,n/a,n/a,n/a,n/a,n/a,n/a,n/a,n/a,n/a,n/a,n/a,n/a,n/a,
59756604,59756-60-4,FLURIDONE,n/a,7.78E+02,5.48E+02,2.25E+04,4.61E-02,2.37E+03,2.37E+03,Interim,n/a,n/a,8.92E-07,n/a,5.99E-07,n/a,4.54E-06,n/a,4.93E-08,n/a,4.81E-07,n/a,8.97E-07,n/a,Interim,n/a,n/a,n/a,
60102376,60102-37-6,PETASITENINE,n/a,n/a,n/a,n/a,n/a,n/a,n/a,n/a,n/a,1.72E-04,n/a,1.48E-04,n/a,1.40E-04,n/a,2.82E-08,n/a,5.47E-05,n/a,6.63E-05,n/a,Recommended,n/a,n/a,n/a,n/a,
60123651,60123-65-1,"2,3',4,4',5-PENTACHLORODIPHENYL ETHER",n/a,3.80E+02,3.55E+02,1.27E+04,6.82E+01,7.42E+01,7.42E+01,Interim,n/a,n/a,n/a,n/a,n/a,n/a,n/a,n/a,n/a,n/a,n/a,n/a,n/a,n/a,n/a,n/a,n/a,n/a,
60142963,60142-96-3,"CYCLOHEXANEACETIC ACID, 1-(AMINOMETHYL)-",n/a,n/a,n/a,n/a,n/a,n/a,n/a,n/a,n/a,5.39E-09,n/a,1.48E-09,n/a,7.82E-09,n/a,4.57E-12,n/a,8.13E-10,n/a,1.20E-09,n/a,Interim,n/a,n/a,n/a,n/a,
60168889,60168-88-9,FENARIMOL,n/a,2.20E+03,1.75E+03,3.47E+04,5.44E-02,1.65E+03,1.65E+03,Recommended,n/a,n/a,1.14E-05,n/a,8.72E-06,n/a,4.68E-05,n/a,8.89E-07,n/a,2.23E-06,n/a,4.41E-06,n/a,Recommended,n/a,n/a,n/a,
60207310,60207-31-0,AZACONAZOL,n/a,9.46E+01,7.64E+01,1.67E+03,3.02E-05,1.52E+02,1.52E+02,Interim,n/a,n/a,n/a,n/a,n/a,n/a,n/a,n/a,n/a,n/a,n/a,n/a,n/a,n/a,n/a,n/a,n/a,n/a,
60207901,60207-90-1,PROPICONAZOLE,n/a,5.83E+02,2.95E+02,2.23E+04,2.23E-03,2.85E+02,2.85E+02,Recommended,n/a,n/a,1.89E-06,n/a,1.08E-06,n/a,1.68E-05,n/a,3.53E-07,n/a,2.15E-07,n/a,4.27E-07,n/a,Recommended,n/a,n/a,n/a,
60599384,60599-38-4,N-NITROSOBIS(2-OXOPROPYL)AMINE,n/a,n/a,n/a,n/a,n/a,n/a,n/a,n/a,n/a,1.33E-04,n/a,8.54E-05,n/a,1.91E-04,n/a,3.72E-08,n/a,6.62E-05,n/a,8.98E-05,n/a,Recommended,n/a,n/a,n/a,n/a,
61168103,61168-10-3,1-NONENE-4-ONE,n/a,n/a,n/a,n/a,n/a,n/a,n/a,n/a,n/a,n/a,n/a,n/a,n/a,n/a,n/a,n/a,n/a,n/a,n/a,n/a,n/a,n/a,n/a,n/a,n/a,3.14E+00,
61213250,61213-25-0,FLUROCHLORIDONE,n/a,9.30E+02,6.70E+02,2.01E+04,2.72E-01,6.53E+02,6.53E+02,Recommended,n/a,n/a,n/a,n/a,n/a,n/a,n/a,n/a,n/a,n/a,n/a,n/a,n/a,n/a,n/a,n/a,n/a,n/a,
61260557,61260-55-7,"1,2-BIS((2,2,6,6-TETRAMETHYL-PIPERIDIN-4-YL)AMINOETHYL)ETHANE",n/a,3.56E+00,4.09E-01,2.10E+02,3.91E-05,1.45E-01,1.45E-01,Recommended,n/a,n/a,n/a,n/a,n/a,n/a,n/a,n/a,n/a,n/a,n/a,n/a,n/a,n/a,n/a,n/a,n/a,n/a,
61868540,61868-54-0,"2,3,4,6-TETRAMETHYL HEPTANE",n/a,n/a,n/a,n/a,n/a,n/a,n/a,n/a,n/a,n/a,n/a,n/a,n/a,n/a,n/a,n/a,n/a,n/a,n/a,n/a,n/a,n/a,n/a,n/a,n/a,1.11E+00,
61869021,61869-02-1,"3,5-DIETHYL HEPTANE",n/a,n/a,n/a,n/a,n/a,n/a,n/a,n/a,n/a,n/a,n/a,n/a,n/a,n/a,n/a,n/a,n/a,n/a,n/a,n/a,n/a,n/a,n/a,n/a,n/a,1.11E+00,
61949766,61949-76-6,CIS-PERMETHRIN,n/a,2.74E+04,1.04E+04,2.02E+06,6.06E+01,1.34E+03,1.34E+03,Interim,n/a,n/a,n/a,n/a,n/a,n/a,n/a,n/a,n/a,n/a,n/a,n/a,n/a,n/a,n/a,n/a,n/a,n/a,
61949777,61949-77-7,TRANS-PERMETHRIN,n/a,1.40E+04,5.28E+03,1.03E+06,3.08E+01,6.82E+02,6.82E+02,Interim,n/a,n/a,n/a,n/a,n/a,n/a,n/a,n/a,n/a,n/a,n/a,n/a,n/a,n/a,n/a,n/a,n/a,n/a,
62183942,62183-94-2,"2,6-DIETHYL OCTANE",n/a,n/a,n/a,n/a,n/a,n/a,n/a,n/a,n/a,n/a,n/a,n/a,n/a,n/a,n/a,n/a,n/a,n/a,n/a,n/a,n/a,n/a,n/a,n/a,n/a,9.67E-01,
62199320,62199-32-0,"2,3,5,7-TETRAMETHYL OCTANE",n/a,n/a,n/a,n/a,n/a,n/a,n/a,n/a,n/a,n/a,n/a,n/a,n/a,n/a,n/a,n/a,n/a,n/a,n/a,n/a,n/a,n/a,n/a,n/a,n/a,9.10E-01,
62238339,62238-33-9,1-ETHYL-2-PROPYL CYCLOHEXANE,n/a,n/a,n/a,n/a,n/a,n/a,n/a,n/a,n/a,n/a,n/a,n/a,n/a,n/a,n/a,n/a,n/a,n/a,n/a,n/a,n/a,n/a,n/a,n/a,n/a,8.14E-01,
62476599,62476-59-9,ACIFLUORFEN-SODIUM,n/a,7.14E+01,5.43E+01,1.20E+03,1.06E-08,2.87E+01,2.87E+01,Interim,n/a,n/a,n/a,n/a,n/a,n/a,n/a,n/a,n/a,n/a,n/a,n/a,n/a,n/a,n/a,n/a,n/a,n/a,
62924703,62924-70-3,FLUMETRALIN,n/a,1.33E+04,5.52E+03,9.62E+05,8.87E+01,1.97E+03,1.97E+03,Recommended,n/a,n/a,n/a,n/a,n/a,n/a,n/a,n/a,n/a,n/a,n/a,n/a,n/a,n/a,n/a,n/a,n/a,n/a,
63284719,63284-71-9,"5-PYRIMIDINEMETHANOL, ,ALPHA,-(2-CHLOROPHENYL)-,",n/a,5.24E+02,3.34E+02,1.33E+04,3.41E-04,8.09E+01,8.09E+01,Recommended,n/a,n/a,n/a,n/a,n/a,n/a,n/a,n/a,n/a,n/a,n/a,n/a,n/a,n/a,n/a,n/a,n/a,n/a,
63412066,63412-06-6,N-METHYL-N-NITROSOBENZAMIDE,n/a,n/a,n/a,n/a,n/a,n/a,n/a,n/a,n/a,7.73E-06,n/a,1.46E-06,n/a,1.39E-05,n/a,2.53E-09,n/a,1.32E-06,n/a,2.17E-06,n/a,Interim,n/a,n/a,n/a,n/a,
63885234,63885-23-4,N-ETHYL-N'-NITRO-N-NITROSOGUANIDINE,n/a,n/a,n/a,n/a,n/a,n/a,n/a,n/a,n/a,4.15E-05,n/a,2.64E-05,n/a,5.86E-05,n/a,1.10E-08,n/a,6.33E-06,n/a,8.23E-06,n/a,Recommended,n/a,n/a,n/a,n/a,
63886771,63886-77-1,TETRAFLUORO-M-PHENYLENEDIAMINE.2HCL,n/a,n/a,n/a,n/a,n/a,n/a,n/a,n/a,n/a,3.88E-07,n/a,3.52E-08,n/a,4.23E-06,n/a,1.41E-09,n/a,7.97E-07,n/a,8.96E-07,n/a,Recommended,n/a,n/a,n/a,n/a,
64049292,64049-29-2,"4,4'-METHYLENE-BIS(2-CHLOROANILINE).2HCL",n/a,n/a,n/a,n/a,n/a,n/a,n/a,n/a,n/a,9.25E-07,n/a,3.41E-07,n/a,7.79E-06,n/a,1.35E-07,n/a,4.49E-08,n/a,1.67E-07,n/a,Recommended,n/a,n/a,n/a,n/a,
64091914,64091-91-4,4-(METHYLNITROSAMINO)-1-(3-PYRIDYL)-1-BUTANONE,n/a,n/a,n/a,n/a,n/a,n/a,n/a,n/a,n/a,6.23E-04,n/a,3.92E-04,n/a,1.28E-03,n/a,2.66E-07,n/a,1.04E-04,n/a,1.37E-04,n/a,Recommended,n/a,n/a,n/a,n/a,
64257847,64257-84-7,FENPROPATHRIN,n/a,5.37E+04,2.82E+04,5.10E+06,7.43E+02,9.51E+03,9.51E+03,Recommended,n/a,n/a,2.98E-06,n/a,2.16E-06,n/a,5.06E-06,n/a,1.93E-07,n/a,8.15E-08,n/a,3.97E-07,n/a,Recommended,n/a,n/a,n/a,
64359815,64359-81-5,"3(2H)-ISOTHIAZOLONE, 4,5-DICHLORO-2-OCTYL-",n/a,2.68E+04,1.16E+04,1.21E+06,2.28E+00,1.06E+04,1.06E+04,Recommended,n/a,n/a,n/a,n/a,n/a,n/a,n/a,n/a,n/a,n/a,n/a,n/a,n/a,n/a,n/a,n/a,n/a,n/a,
64628440,64628-44-0,TRIFLUMURON,n/a,3.97E+05,3.17E+05,8.86E+06,1.80E+01,1.31E+06,1.31E+06,Interim,n/a,n/a,n/a,n/a,n/a,n/a,n/a,n/a,n/a,n/a,n/a,n/a,n/a,n/a,n/a,n/a,n/a,n/a,
64700567,64700-56-7,TRICLOPYR ESTER,n/a,2.75E+03,2.12E+03,4.67E+04,3.44E-06,1.33E+03,1.33E+03,Recommended,n/a,n/a,n/a,n/a,n/a,n/a,n/a,n/a,n/a,n/a,n/a,n/a,n/a,n/a,n/a,n/a,n/a,n/a,
64902723,64902-72-3,CHLORSULFURON,n/a,1.71E+03,1.59E+03,1.22E+04,2.38E-09,1.73E+03,1.73E+03,Recommended,n/a,n/a,3.06E-06,n/a,2.55E-06,n/a,2.91E-06,n/a,2.16E-09,n/a,4.11E-07,n/a,7.74E-07,n/a,Recommended,n/a,n/a,n/a,
65195553,65195-55-3,AVERMECTIN B1A,n/a,3.21E+03,1.99E+03,8.37E+04,4.00E-20,4.49E+01,4.49E+01,Recommended,n/a,n/a,1.83E-04,n/a,1.62E-04,n/a,2.70E-04,n/a,1.02E-04,n/a,1.45E-07,n/a,4.24E-07,n/a,Recommended,n/a,n/a,n/a,
65381091,65381-09-1,"DECANOIC ACID, ESTER WITH 1,2,3-PROPANETRIOL OCTANOATE",n/a,3.93E-01,1.40E-01,2.08E+01,1.80E-05,5.37E-02,5.37E-02,Recommended,n/a,n/a,n/a,n/a,n/a,n/a,n/a,n/a,n/a,n/a,n/a,n/a,n/a,n/a,n/a,n/a,n/a,n/a,
65732072,65732-07-2,BETA-CYPERMETHRIN ISOMER,n/a,3.16E+06,1.20E+06,1.66E+08,4.04E+03,2.31E+05,2.31E+05,Interim,n/a,n/a,n/a,n/a,n/a,n/a,n/a,n/a,n/a,n/a,n/a,n/a,n/a,n/a,n/a,n/a,n/a,n/a,
66063056,66063-05-6,PENCYCURON,n/a,1.36E+02,8.61E+01,3.41E+03,1.25E-06,9.87E+00,9.87E+00,Recommended,n/a,n/a,n/a,n/a,n/a,n/a,n/a,n/a,n/a,n/a,n/a,n/a,n/a,n/a,n/a,n/a,n/a,n/a,
66215278,66215-27-8,CYROMAZINE,n/a,3.95E+02,3.62E+02,3.13E+03,1.15E-07,3.69E+02,3.69E+02,Recommended,n/a,n/a,6.46E-06,n/a,4.95E-06,n/a,7.91E-06,n/a,1.89E-09,n/a,9.33E-07,n/a,1.50E-06,n/a,Recommended,n/a,n/a,n/a,
66230044,66230-04-4,ESFENVALERATE,n/a,5.11E+05,2.59E+05,1.90E+07,3.23E+01,1.12E+05,1.12E+05,Recommended,n/a,n/a,n/a,n/a,n/a,n/a,n/a,n/a,n/a,n/a,n/a,n/a,n/a,n/a,n/a,n/a,n/a,n/a,
66246886,66246-88-6,PENCONAZOLE,n/a,5.17E+02,3.06E+02,1.51E+04,2.01E-02,5.83E+01,5.83E+01,Recommended,n/a,n/a,2.69E-06,n/a,1.74E-06,n/a,4.71E-05,n/a,1.35E-06,n/a,1.81E-07,n/a,3.33E-07,n/a,Recommended,n/a,n/a,n/a,
66332965,66332-96-5,FLUTOLANIL,n/a,1.37E+02,3.17E+01,7.64E+03,4.50E-04,9.39E+01,9.39E+01,Recommended,n/a,n/a,1.68E-07,n/a,4.88E-08,n/a,9.92E-07,n/a,3.93E-09,n/a,1.22E-08,n/a,6.16E-08,n/a,Recommended,n/a,n/a,n/a,
66441234,66441-23-4,FENOXAPROP ETHYL,n/a,1.05E+03,4.07E+02,4.93E+04,2.77E-02,1.71E+02,1.71E+02,Recommended,n/a,n/a,n/a,n/a,n/a,n/a,n/a,n/a,n/a,n/a,n/a,n/a,n/a,n/a,n/a,n/a,n/a,n/a,
66841256,66841-25-6,TRALOMETHRIN,n/a,1.19E+05,7.48E+04,3.06E+06,6.80E-02,4.22E+03,4.22E+03,Recommended,n/a,n/a,4.03E-05,n/a,3.80E-05,n/a,1.25E-05,n/a,8.20E-08,n/a,1.73E-08,n/a,1.68E-06,n/a,Recommended,n/a,n/a,n/a,
67129082,67129-08-2,METAZACHLOR,n/a,1.61E+02,6.96E+01,7.36E+03,1.86E-04,2.20E+02,2.20E+02,Recommended,n/a,n/a,n/a,n/a,n/a,n/a,n/a,n/a,n/a,n/a,n/a,n/a,n/a,n/a,n/a,n/a,n/a,n/a,
67375308,67375-30-8,ALPHA-CYPERMETHRIN,n/a,6.69E+05,2.54E+05,3.51E+07,8.56E+02,4.88E+04,4.88E+04,Interim,n/a,n/a,2.65E-06,n/a,2.14E-06,n/a,5.60E-06,n/a,4.00E-07,n/a,1.11E-08,n/a,2.02E-07,n/a,Recommended,n/a,n/a,n/a,
67485294,67485-29-4,HYDRAMETHYLNON,n/a,2.43E+03,4.61E+02,1.75E+05,2.14E+00,9.80E+01,9.80E+01,Recommended,n/a,n/a,1.35E-03,n/a,4.34E-04,n/a,8.37E-02,n/a,2.18E-02,n/a,4.72E-05,n/a,4.89E-05,n/a,Recommended,n/a,n/a,n/a,
67564914,67564-91-4,FENPROPIMORPH,n/a,4.73E+01,7.22E+00,7.38E+03,7.47E-02,9.83E+00,9.83E+00,Interim,n/a,n/a,n/a,n/a,n/a,n/a,n/a,n/a,n/a,n/a,n/a,n/a,n/a,n/a,n/a,n/a,n/a,n/a,
67730103,67730-10-3,GLU-P-2,n/a,n/a,n/a,n/a,n/a,n/a,n/a,n/a,n/a,2.12E-06,n/a,4.06E-07,n/a,9.88E-06,n/a,4.95E-09,n/a,5.31E-08,n/a,9.87E-08,n/a,Recommended,n/a,n/a,n/a,n/a,
67730114,67730-11-4,GLU-P-1,n/a,n/a,n/a,n/a,n/a,n/a,n/a,n/a,n/a,7.69E-06,n/a,1.80E-06,n/a,2.85E-05,n/a,2.23E-08,n/a,9.50E-08,n/a,1.90E-07,n/a,Recommended,n/a,n/a,n/a,n/a,
67747095,67747-09-5,PROCHLORAZ,n/a,8.45E+03,3.72E+03,3.94E+05,6.05E-01,1.92E+04,1.92E+04,Recommended,n/a,5.66E-06,1.06E-05,2.79E-06,5.21E-06,1.81E-04,3.38E-04,5.60E-06,1.04E-05,8.82E-06,1.65E-05,1.14E-05,2.12E-05,Recommended,Recommended,n/a,n/a,n/a,
67989235,67989-23-5,"1,2,4-BENZENETRICARBOXYLIC ACID, DECYL OCTYL ESTER",n/a,2.48E-02,1.52E-02,6.62E-01,4.81E-06,2.40E-05,2.40E-05,Recommended,n/a,n/a,n/a,n/a,n/a,n/a,n/a,n/a,n/a,n/a,n/a,n/a,n/a,n/a,n/a,n/a,n/a,n/a,
68085858,68085-85-8,CYHALOTHRIN,n/a,6.74E+04,2.07E+04,5.16E+06,1.66E+02,4.95E+03,4.95E+03,Interim,n/a,n/a,6.03E-06,n/a,4.79E-06,n/a,4.79E-05,n/a,6.66E-06,n/a,5.99E-08,n/a,5.62E-07,n/a,Recommended,n/a,n/a,n/a,
68153015,68153-01-5,NAPHTHALENESULFONIC ACIDS,n/a,8.03E+00,6.59E+00,1.16E+02,1.55E-09,7.04E+00,7.04E+00,Interim,n/a,n/a,n/a,n/a,n/a,n/a,n/a,n/a,n/a,n/a,n/a,n/a,n/a,n/a,n/a,n/a,n/a,n/a,
68359375,68359-37-5,CYFLUTHRIN,n/a,1.46E+07,7.86E+06,4.90E+08,1.85E+03,6.78E+05,6.78E+05,Recommended,n/a,n/a,6.75E-06,n/a,5.50E-06,n/a,1.54E-05,n/a,1.19E-06,n/a,2.19E-08,n/a,3.93E-07,n/a,Recommended,n/a,n/a,n/a,
68411303,68411-30-3,"ALKYLBENZENESULFONIC ACID, SODIUM SALT C10-C13",n/a,7.89E+01,5.00E+01,2.00E+03,1.95E-12,4.33E+00,4.33E+00,Interim,n/a,n/a,n/a,n/a,n/a,n/a,n/a,n/a,n/a,n/a,n/a,n/a,n/a,n/a,n/a,n/a,n/a,n/a,
68439509,68439-50-9,"ALCOHOLS, C12-14, ETHOXYLATED",n/a,3.31E-02,8.25E-03,7.16E+02,5.98E-04,7.11E-01,7.11E-01,Interim,n/a,n/a,n/a,n/a,n/a,n/a,n/a,n/a,n/a,n/a,n/a,n/a,n/a,n/a,n/a,n/a,n/a,n/a,
68515424,68515-42-4,"PHTHALIC ACID,BRANCHED AND LINEAR DI C7-C11 ALK*",n/a,1.09E-01,1.86E-02,9.34E+01,3.55E-04,1.02E-02,1.02E-02,Recommended,n/a,n/a,n/a,n/a,n/a,n/a,n/a,n/a,n/a,n/a,n/a,n/a,n/a,n/a,n/a,n/a,n/a,n/a,
68515435,68515-43-5,"1,2-BENZENEDICARBOXYLIC ACID, DI-C9-11-BRANCHED AND LINEAR ALKYL ESTERS",n/a,1.57E-01,2.41E-02,4.10E+01,8.91E-04,5.93E-03,5.93E-03,Recommended,n/a,n/a,n/a,n/a,n/a,n/a,n/a,n/a,n/a,n/a,n/a,n/a,n/a,n/a,n/a,n/a,n/a,n/a,
68515479,68515-47-9,"1,2-BENZENEDICARBOXYLIC ACID, DI-C11-14-BRANCHED ALKYL ESTERS, C13-RICH",n/a,7.97E+00,2.79E+00,4.94E+02,7.21E-02,3.07E-01,3.07E-01,Recommended,n/a,n/a,n/a,n/a,n/a,n/a,n/a,n/a,n/a,n/a,n/a,n/a,n/a,n/a,n/a,n/a,n/a,n/a,
68515480,68515-48-0,"1,2-BENZENEDICARBOXYLIC ACID, DI-C8-10-BRANCHED ALKYL ESTERS, C9-RICH",n/a,3.09E-01,8.25E-03,2.13E+03,1.52E-04,9.34E-02,9.34E-02,Recommended,n/a,5.48E-08,n/a,2.70E-08,n/a,2.28E-08,n/a,9.90E-10,n/a,4.91E-09,n/a,5.50E-09,n/a,Recommended,n/a,n/a,n/a,n/a,
68515491,68515-49-1,"1,2-BENZENEDICARBOXYLIC ACID, DI-C9-11-BRANCHED ALKYL ESTERS, C10-RICH",n/a,5.71E+00,1.06E+00,2.55E+03,6.11E-02,5.52E-01,5.52E-01,Recommended,n/a,n/a,n/a,n/a,n/a,n/a,n/a,n/a,n/a,n/a,n/a,n/a,n/a,n/a,n/a,n/a,n/a,n/a,
68515515,68515-51-5,"1,2-BENZENEDICARBOXYLIC ACID, DI-C6-10-ALKYL ESTERS",n/a,5.34E+00,2.58E+00,5.17E+02,2.19E-02,7.49E-02,7.49E-02,Recommended,n/a,n/a,n/a,n/a,n/a,n/a,n/a,n/a,n/a,n/a,n/a,n/a,n/a,n/a,n/a,n/a,n/a,n/a,
68526863,68526-86-3,"ALCOHOLS, C11-14-ISO-, C13-RICH",n/a,2.52E+00,2.26E+00,4.55E+02,5.40E-02,5.12E+00,5.12E+00,Recommended,n/a,n/a,n/a,n/a,n/a,n/a,n/a,n/a,n/a,n/a,n/a,n/a,n/a,n/a,n/a,n/a,n/a,n/a,
68603156,68603-15-6,"ALCOHOLS, C6-12",n/a,1.81E+01,1.78E+01,1.67E+03,2.52E-01,2.10E+02,2.10E+02,Recommended,n/a,n/a,n/a,n/a,n/a,n/a,n/a,n/a,n/a,n/a,n/a,n/a,n/a,n/a,n/a,n/a,n/a,n/a,
68603872,68603-87-2,"CARBOXYLIC ACIDS, DI-, C4-6",n/a,1.52E+01,1.40E+01,1.27E+02,4.46E-09,1.93E+01,1.93E+01,Interim,n/a,n/a,n/a,n/a,n/a,n/a,n/a,n/a,n/a,n/a,n/a,n/a,n/a,n/a,n/a,n/a,n/a,n/a,
68608151,68608-15-1,ALKANE SULFONIC ACIDS (SODIUM SALT),n/a,1.97E+02,1.89E+02,1.18E+03,3.36E-11,2.75E+02,2.75E+02,Interim,n/a,n/a,n/a,n/a,n/a,n/a,n/a,n/a,n/a,n/a,n/a,n/a,n/a,n/a,n/a,n/a,n/a,n/a,
68648873,68648-87-3,ALKYLBENZENE (C10-C15),n/a,2.24E-02,3.36E-03,1.37E+01,7.12E-05,1.23E-03,1.23E-03,Recommended,n/a,n/a,n/a,n/a,n/a,n/a,n/a,n/a,n/a,n/a,n/a,n/a,n/a,n/a,n/a,n/a,n/a,n/a,
68694111,68694-11-1,TRIFLUMIZOLE,n/a,8.90E+02,4.89E+02,3.46E+04,2.57E-04,2.07E+03,2.07E+03,Recommended,n/a,n/a,n/a,n/a,n/a,n/a,n/a,n/a,n/a,n/a,n/a,n/a,n/a,n/a,n/a,n/a,n/a,n/a,
68815678,68815-67-8,"PHENOL, THIOBIS[TETRAPROPYLENE-",n/a,1.09E-05,6.70E-06,2.86E-04,1.34E-13,2.54E-08,2.54E-08,Recommended,n/a,n/a,n/a,n/a,n/a,n/a,n/a,n/a,n/a,n/a,n/a,n/a,n/a,n/a,n/a,n/a,n/a,n/a,
68938078,68938-07-8,"FATTY ACIDS, C9-13-NEO-",n/a,8.85E-01,8.81E-01,1.06E+02,2.86E-02,9.61E+00,9.61E+00,Interim,n/a,n/a,n/a,n/a,n/a,n/a,n/a,n/a,n/a,n/a,n/a,n/a,n/a,n/a,n/a,n/a,n/a,n/a,
69327760,69327-76-0,BUPROFEZIN,n/a,5.00E+00,1.89E+00,8.10E+02,2.21E-02,4.53E+00,4.53E+00,Interim,n/a,n/a,4.00E-06,n/a,1.33E-06,n/a,1.05E-05,n/a,9.22E-08,n/a,1.21E-07,n/a,1.19E-06,n/a,Recommended,n/a,n/a,n/a,
69377817,69377-81-7,FLUROXYPYR,n/a,4.80E+02,4.74E+02,2.92E+03,2.42E-07,1.12E+03,1.12E+03,Interim,n/a,n/a,n/a,n/a,n/a,n/a,n/a,n/a,n/a,n/a,n/a,n/a,n/a,n/a,n/a,n/a,n/a,n/a,
69409945,69409-94-5,FLUVALINATE,n/a,8.47E+04,2.70E+04,7.26E+06,2.53E+02,3.81E+03,3.81E+03,Recommended,n/a,n/a,1.14E-05,n/a,9.64E-06,n/a,7.92E-06,n/a,2.01E-06,n/a,1.38E-08,n/a,7.76E-07,n/a,Recommended,n/a,n/a,n/a,
69581335,69581-33-5,CYPROFURAM,n/a,3.58E+01,2.82E+01,6.74E+02,1.96E-05,5.27E+01,5.27E+01,Recommended,n/a,n/a,n/a,n/a,n/a,n/a,n/a,n/a,n/a,n/a,n/a,n/a,n/a,n/a,n/a,n/a,n/a,n/a,
69806504,69806-50-4,FLUAZIFOP - BUTYL,n/a,3.82E+02,1.41E+02,2.00E+04,1.23E-01,1.13E+02,1.13E+02,Recommended,n/a,n/a,n/a,n/a,n/a,n/a,n/a,n/a,n/a,n/a,n/a,n/a,n/a,n/a,n/a,n/a,n/a,n/a,
70124775,70124-77-5,FLUCYTHRINATE,n/a,5.90E+05,1.82E+05,3.22E+07,5.21E+01,1.48E+04,1.48E+04,Recommended,n/a,n/a,3.39E-06,n/a,1.92E-06,n/a,9.81E-06,n/a,5.06E-07,n/a,4.73E-09,n/a,1.92E-07,n/a,Recommended,n/a,n/a,n/a,
70630170,70630-17-0,METALAXYL-M,n/a,1.45E+02,1.31E+02,2.16E+03,1.21E-03,5.08E+02,5.08E+02,Recommended,n/a,n/a,n/a,n/a,n/a,n/a,n/a,n/a,n/a,n/a,n/a,n/a,n/a,n/a,n/a,n/a,n/a,n/a,
70657704,70657-70-4,2-METHYOXY-1-PROPYL ACETATE,n/a,n/a,n/a,n/a,n/a,n/a,n/a,n/a,n/a,n/a,n/a,n/a,n/a,n/a,n/a,n/a,n/a,n/a,n/a,n/a,n/a,n/a,n/a,n/a,n/a,1.12E+00,
70693300,70693-30-0,"1,2-BENZENEDICARBOXYLIC ACID, MIXED DECYL AND LAURYL AND OCTYL DIESTERS",n/a,9.91E-03,2.65E-04,6.85E+01,4.87E-06,3.00E-03,3.00E-03,Recommended,n/a,n/a,n/a,n/a,n/a,n/a,n/a,n/a,n/a,n/a,n/a,n/a,n/a,n/a,n/a,n/a,n/a,n/a,
71283802,71283-80-2,FENOXAPROP-ETHYL,n/a,1.22E+03,4.76E+02,5.76E+04,3.23E-02,1.99E+02,1.99E+02,Recommended,n/a,n/a,n/a,n/a,n/a,n/a,n/a,n/a,n/a,n/a,n/a,n/a,n/a,n/a,n/a,n/a,n/a,n/a,
71561110,71561-11-0,PYRAZOXYFEN,n/a,4.14E+03,1.84E+03,1.81E+05,3.76E-03,2.86E+03,2.86E+03,Interim,n/a,n/a,n/a,n/a,n/a,n/a,n/a,n/a,n/a,n/a,n/a,n/a,n/a,n/a,n/a,n/a,n/a,n/a,
71662469,71662-46-9,"1,2-BENZENEDICARBOXYLIC ACID, DI-C8-10-ALKYL ESTERS",n/a,1.86E-01,2.26E-02,7.67E+01,4.15E-04,5.92E-03,5.92E-03,Recommended,n/a,n/a,n/a,n/a,n/a,n/a,n/a,n/a,n/a,n/a,n/a,n/a,n/a,n/a,n/a,n/a,n/a,n/a,
72178020,72178-02-0,FOMESAFEN,n/a,3.04E+01,2.53E+01,3.91E+02,2.07E-03,2.16E+01,2.16E+01,Recommended,n/a,9.74E-06,n/a,8.33E-06,n/a,2.06E-05,n/a,2.70E-07,n/a,1.15E-06,n/a,1.86E-06,n/a,Recommended,n/a,n/a,n/a,n/a,
72254581,72254-58-1,"3-AMINO-1-METHYL-5H-PYRIDO(4,3-B)INDOLE ACETATE",n/a,n/a,n/a,n/a,n/a,n/a,n/a,n/a,n/a,2.88E-06,n/a,5.48E-07,n/a,1.42E-05,n/a,3.98E-08,n/a,4.96E-08,n/a,1.07E-07,n/a,Recommended,n/a,n/a,n/a,n/a,
72490018,72490-01-8,FENOXYCARB,n/a,7.25E+02,3.06E+02,3.31E+04,4.00E-04,6.34E+02,6.34E+02,Recommended,n/a,n/a,n/a,n/a,n/a,n/a,n/a,n/a,n/a,n/a,n/a,n/a,n/a,n/a,n/a,n/a,n/a,n/a,
73250687,73250-68-7,MEFENACET,n/a,6.00E+02,1.57E+02,3.29E+04,2.26E-04,2.10E+02,2.10E+02,Recommended,n/a,n/a,n/a,n/a,n/a,n/a,n/a,n/a,n/a,n/a,n/a,n/a,n/a,n/a,n/a,n/a,n/a,n/a,
73590586,73590-58-6,OMEPRAZOLE,n/a,n/a,n/a,n/a,n/a,n/a,n/a,n/a,n/a,6.86E-07,n/a,4.75E-07,n/a,1.07E-06,n/a,8.41E-10,n/a,2.26E-08,n/a,4.47E-08,n/a,Interim,n/a,n/a,n/a,n/a,
74051802,74051-80-2,SETHOXYDIM,n/a,1.80E+02,3.74E+01,1.03E+04,3.05E-04,4.72E+01,4.72E+01,Recommended,n/a,n/a,1.20E-07,n/a,2.87E-08,n/a,1.30E-06,n/a,2.30E-08,n/a,5.99E-09,n/a,4.37E-08,n/a,Recommended,n/a,n/a,n/a,
74070465,74070-46-5,ACLONIFEN,n/a,2.14E+04,1.27E+04,6.62E+05,1.01E+00,8.50E+03,8.50E+03,Recommended,n/a,n/a,n/a,n/a,n/a,n/a,n/a,n/a,n/a,n/a,n/a,n/a,n/a,n/a,n/a,n/a,n/a,n/a,
74222972,74222-97-2,SULFOMETURON (PH 5-7),n/a,1.92E+04,1.82E+04,1.54E+05,2.69E-06,3.45E+04,3.45E+04,Recommended,n/a,n/a,n/a,n/a,n/a,n/a,n/a,n/a,n/a,n/a,n/a,n/a,n/a,n/a,n/a,n/a,n/a,n/a,
74223646,74223-64-6,METSULFURON-METHYL,n/a,5.45E+03,5.37E+03,2.14E+04,3.03E-09,6.44E+03,6.44E+03,Recommended,n/a,n/a,7.12E-07,n/a,6.14E-07,n/a,5.82E-07,n/a,3.87E-10,n/a,1.75E-07,n/a,3.40E-07,n/a,Recommended,n/a,n/a,n/a,
74392339,74392-33-9,TRANS-5-PENTADECENE,n/a,n/a,n/a,n/a,n/a,n/a,n/a,n/a,n/a,n/a,n/a,n/a,n/a,n/a,n/a,n/a,n/a,n/a,n/a,n/a,n/a,n/a,n/a,n/a,n/a,2.16E+00,
74738173,74738-17-3,FENPICLONIL,n/a,1.64E+03,8.43E+02,6.04E+04,2.25E-02,3.84E+02,3.84E+02,Recommended,n/a,n/a,n/a,n/a,n/a,n/a,n/a,n/a,n/a,n/a,n/a,n/a,n/a,n/a,n/a,n/a,n/a,n/a,
75104437,75104-43-7,"5H-PYRIDO(4,3-B)INDOL-3-AMINE, 1,4-DIMETHYL-, ACETATE",n/a,n/a,n/a,n/a,n/a,n/a,n/a,n/a,n/a,3.22E-05,n/a,6.10E-06,n/a,1.04E-04,n/a,3.06E-07,n/a,6.06E-08,n/a,1.44E-07,n/a,Interim,n/a,n/a,n/a,n/a,
75330755,75330-75-5,LOVASTATIN,n/a,n/a,n/a,n/a,n/a,n/a,n/a,n/a,n/a,3.22E-07,n/a,2.34E-07,n/a,5.08E-07,n/a,5.91E-09,n/a,1.40E-09,n/a,1.53E-08,n/a,Recommended,n/a,n/a,n/a,n/a,
75736673,75736-67-3,1-METHYL-4-PENTYL CYCLOHEXANE,n/a,n/a,n/a,n/a,n/a,n/a,n/a,n/a,n/a,n/a,n/a,n/a,n/a,n/a,n/a,n/a,n/a,n/a,n/a,n/a,n/a,n/a,n/a,n/a,n/a,7.24E-01,
76180966,76180-96-6,"2-AMINO-3-METHYL-3H-IMIDAZO(4,5-F)QUINOLINE",n/a,n/a,n/a,n/a,n/a,n/a,n/a,n/a,n/a,5.00E-05,n/a,2.18E-05,n/a,1.06E-04,n/a,5.55E-08,n/a,3.53E-07,n/a,7.00E-07,n/a,Recommended,n/a,n/a,n/a,n/a,
76578148,76578-14-8,QUIZALOFOP-ETHYL,n/a,2.45E+03,1.03E+03,1.09E+05,4.62E-02,4.62E+02,4.62E+02,Recommended,n/a,n/a,6.32E-06,n/a,3.47E-06,n/a,2.11E-05,n/a,2.19E-07,n/a,8.97E-08,n/a,8.77E-07,n/a,Recommended,n/a,n/a,n/a,
76738620,76738-62-0,PACLOBUTRAZOL,n/a,1.11E+02,8.13E+01,2.51E+03,3.11E-05,1.40E+02,1.40E+02,Recommended,n/a,n/a,8.40E-07,n/a,5.59E-07,n/a,3.25E-06,n/a,4.67E-08,n/a,1.82E-07,n/a,3.53E-07,n/a,Recommended,n/a,n/a,n/a,
77182822,77182-82-2,GLUFOSINATE-AMMONIUM,n/a,1.60E+01,8.89E+00,5.79E+02,2.32E-14,1.68E+01,1.68E+01,Interim,n/a,n/a,1.86E-06,n/a,5.47E-07,n/a,2.52E-06,n/a,1.48E-09,n/a,7.34E-08,n/a,1.07E-07,n/a,Interim,n/a,n/a,n/a,
77458016,77458-01-6,PYRACLOFOS,n/a,8.54E+03,2.66E+03,4.49E+05,1.32E-03,7.17E+03,7.17E+03,Interim,n/a,n/a,n/a,n/a,n/a,n/a,n/a,n/a,n/a,n/a,n/a,n/a,n/a,n/a,n/a,n/a,n/a,n/a,
77732093,77732-09-3,OXADIXYL,n/a,6.76E+00,5.27E+00,1.59E+02,4.40E-08,2.19E+01,2.19E+01,Recommended,n/a,n/a,n/a,n/a,n/a,n/a,n/a,n/a,n/a,n/a,n/a,n/a,n/a,n/a,n/a,n/a,n/a,n/a,
78587050,78587-05-0,HEXYTHIAZOX,n/a,2.62E+02,1.06E+02,1.21E+04,1.06E-02,6.36E+01,6.36E+01,Interim,n/a,n/a,6.97E-07,n/a,3.95E-07,n/a,2.40E-06,n/a,3.10E-08,n/a,1.28E-08,n/a,3.64E-07,n/a,Recommended,n/a,n/a,n/a,
79127803,79127-80-3,FENOXYCARB,n/a,3.00E+03,1.27E+03,1.37E+05,1.66E-03,2.63E+03,2.63E+03,Recommended,n/a,n/a,n/a,n/a,n/a,n/a,n/a,n/a,n/a,n/a,n/a,n/a,n/a,n/a,n/a,n/a,n/a,n/a,
79241466,79241-46-6,FLUAZIFOP-P-BUTYL,n/a,5.59E+02,2.07E+02,2.93E+04,1.80E-01,1.65E+02,1.65E+02,Recommended,n/a,n/a,n/a,n/a,n/a,n/a,n/a,n/a,n/a,n/a,n/a,n/a,n/a,n/a,n/a,n/a,n/a,n/a,
79277273,79277-27-3,HARMONY,n/a,3.59E+04,3.56E+04,1.29E+05,4.40E-06,4.13E+04,4.13E+04,Recommended,n/a,n/a,1.15E-05,n/a,9.44E-06,n/a,1.15E-05,n/a,3.98E-09,n/a,3.68E-06,n/a,6.56E-06,n/a,Recommended,n/a,n/a,n/a,
79538322,79538-32-2,TETRAFLUTHRIN,n/a,9.61E+03,1.88E+03,8.25E+06,4.76E+02,4.66E+03,4.66E+03,Recommended,n/a,n/a,n/a,n/a,n/a,n/a,n/a,n/a,n/a,n/a,n/a,n/a,n/a,n/a,n/a,n/a,n/a,n/a,
79622596,79622-59-6,FLUAZINAM,n/a,1.05E+04,6.94E+03,2.29E+05,1.10E+00,2.64E+02,2.64E+02,Recommended,n/a,n/a,n/a,n/a,n/a,n/a,n/a,n/a,n/a,n/a,n/a,n/a,n/a,n/a,n/a,n/a,n/a,n/a,
80844071,80844-07-1,ETOFENPROX,n/a,2.88E+00,4.23E-01,6.19E+02,3.05E-02,1.68E-01,1.68E-01,Interim,n/a,n/a,5.95E-06,n/a,2.32E-06,n/a,6.44E-04,n/a,1.12E-04,n/a,2.38E-07,n/a,4.05E-07,n/a,Recommended,n/a,n/a,n/a,
81334341,81334-34-1,IMAZAPYR,n/a,1.82E+02,1.72E+02,1.20E+03,2.27E-09,2.11E+02,2.11E+02,Interim,n/a,n/a,n/a,n/a,n/a,n/a,n/a,n/a,n/a,n/a,n/a,n/a,n/a,n/a,n/a,n/a,n/a,n/a,
81335775,81335-77-5,IMAZETHAPYR,n/a,1.10E+02,9.62E+01,1.16E+03,2.79E-09,9.07E+01,9.07E+01,Interim,n/a,n/a,2.02E-07,n/a,1.65E-07,n/a,2.08E-07,n/a,1.46E-10,n/a,1.62E-08,n/a,3.50E-08,n/a,Interim,n/a,n/a,n/a,
81405858,81405-85-8,IMAZAMETHABENZ (ISOMER MIX),n/a,1.03E+01,7.13E+00,2.20E+02,8.52E-08,2.92E+00,2.92E+00,Recommended,n/a,n/a,n/a,n/a,n/a,n/a,n/a,n/a,n/a,n/a,n/a,n/a,n/a,n/a,n/a,n/a,n/a,n/a,
81406373,81406-37-3,FLUROXYPYR-MEPTYL,n/a,1.83E+03,9.05E+02,7.73E+04,4.88E-01,2.44E+03,2.44E+03,Recommended,n/a,n/a,n/a,n/a,n/a,n/a,n/a,n/a,n/a,n/a,n/a,n/a,n/a,n/a,n/a,n/a,n/a,n/a,
81510830,81510-83-0,IMAZAPYR-ISOPROPYLAMMONIUM SALT,n/a,1.05E+03,8.52E+02,1.54E+04,6.70E-11,6.48E+02,6.48E+02,Interim,n/a,n/a,n/a,n/a,n/a,n/a,n/a,n/a,n/a,n/a,n/a,n/a,n/a,n/a,n/a,n/a,n/a,n/a,
81777891,81777-89-1,CLOMAZONE,n/a,2.80E+02,1.93E+02,7.80E+03,2.62E-02,4.80E+02,4.80E+02,Recommended,n/a,n/a,n/a,n/a,n/a,n/a,n/a,n/a,n/a,n/a,n/a,n/a,n/a,n/a,n/a,n/a,n/a,n/a,
82097505,82097-50-5,TRIASULFURON,n/a,5.22E+03,5.16E+03,1.92E+04,4.66E-06,6.06E+03,6.06E+03,Recommended,n/a,n/a,3.36E-05,n/a,3.01E-05,n/a,3.75E-05,n/a,5.01E-08,n/a,1.18E-05,n/a,2.11E-05,n/a,Recommended,n/a,n/a,n/a,
82144670,82144-67-0,"3,7-DIMETHYL DODECANE",n/a,n/a,n/a,n/a,n/a,n/a,n/a,n/a,n/a,n/a,n/a,n/a,n/a,n/a,n/a,n/a,n/a,n/a,n/a,n/a,n/a,n/a,n/a,n/a,n/a,6.19E-01,
82558507,82558-50-7,ISOXABEN,n/a,1.00E+03,2.42E+02,5.47E+04,1.36E-03,1.18E+03,1.18E+03,Recommended,n/a,n/a,5.53E-07,n/a,1.53E-07,n/a,7.05E-06,n/a,1.11E-07,n/a,1.53E-07,n/a,5.68E-07,n/a,Recommended,n/a,n/a,n/a,
82560541,82560-54-1,BENFURACARB,n/a,4.36E+03,1.67E+03,2.13E+05,9.32E-02,4.31E+03,4.31E+03,Interim,n/a,n/a,n/a,n/a,n/a,n/a,n/a,n/a,n/a,n/a,n/a,n/a,n/a,n/a,n/a,n/a,n/a,n/a,
82657043,82657-04-3,BIFENTHRIN,n/a,1.47E+05,6.21E+04,6.61E+06,1.56E+02,5.73E+03,5.73E+03,Recommended,n/a,n/a,7.67E-06,n/a,5.54E-06,n/a,1.39E-04,n/a,2.10E-05,n/a,1.28E-07,n/a,3.55E-07,n/a,Recommended,n/a,n/a,n/a,
83055996,83055-99-6,BENSULFURON-METHYL (PH7),n/a,3.79E+01,3.24E+01,4.51E+02,3.38E-10,3.08E+01,3.08E+01,Interim,n/a,n/a,1.90E-06,n/a,1.41E-06,n/a,2.07E-06,n/a,4.98E-09,n/a,1.41E-07,n/a,2.84E-07,n/a,Interim,n/a,n/a,n/a,
83121180,83121-18-0,TEFLUBENZURON,n/a,6.39E+04,5.10E+04,9.71E+05,7.99E-02,4.13E+04,4.13E+04,Interim,n/a,n/a,7.21E-05,n/a,6.20E-05,n/a,2.22E-04,n/a,4.75E-06,n/a,9.45E-06,n/a,4.97E-05,n/a,Recommended,n/a,n/a,n/a,
83164334,83164-33-4,DIFLUFENICAN,n/a,4.71E+01,3.01E+01,1.25E+03,9.18E-02,5.52E+00,5.52E+00,Interim,n/a,n/a,n/a,n/a,n/a,n/a,n/a,n/a,n/a,n/a,n/a,n/a,n/a,n/a,n/a,n/a,n/a,n/a,
83261158,83261-15-8,L-2-CHLOROPROPIONIC ACID ISOBUTYL ESTER,n/a,1.93E-01,1.93E-01,8.27E+01,1.48E-02,4.07E+00,4.07E+00,Recommended,n/a,n/a,n/a,n/a,n/a,n/a,n/a,n/a,n/a,n/a,n/a,n/a,n/a,n/a,n/a,n/a,n/a,n/a,
83657221,83657-22-1,UNICONAZOLE,n/a,3.08E+00,8.92E-01,5.35E+02,4.82E-03,1.04E+01,1.04E+01,Interim,n/a,n/a,n/a,n/a,n/a,n/a,n/a,n/a,n/a,n/a,n/a,n/a,n/a,n/a,n/a,n/a,n/a,n/a,
84087014,84087-01-4,QUINCLORAC,n/a,2.46E+02,2.00E+02,3.73E+03,1.26E-01,1.46E+02,1.46E+02,Interim,n/a,n/a,n/a,n/a,n/a,n/a,n/a,n/a,n/a,n/a,n/a,n/a,n/a,n/a,n/a,n/a,n/a,n/a,
84540578,84540-57-8,METHOXYPROPANOL ACETATE,n/a,n/a,n/a,n/a,n/a,n/a,n/a,n/a,n/a,n/a,n/a,n/a,n/a,n/a,n/a,n/a,n/a,n/a,n/a,n/a,n/a,n/a,n/a,n/a,n/a,1.86E+00,
84852153,84852-15-3,N-NONYLPHENOL,n/a,6.96E+02,2.14E+02,8.32E+04,2.69E+00,7.41E+01,7.41E+01,Recommended,n/a,n/a,n/a,n/a,n/a,n/a,n/a,n/a,n/a,n/a,n/a,n/a,n/a,n/a,n/a,n/a,n/a,n/a,
85918316,85918-31-6,"2,3,3',4,4'-PENTACHLORODIPHENYLETHER",n/a,2.47E+04,2.29E+04,7.85E+05,4.22E+03,4.53E+03,4.53E+03,Interim,n/a,n/a,n/a,n/a,n/a,n/a,n/a,n/a,n/a,n/a,n/a,n/a,n/a,n/a,n/a,n/a,n/a,n/a,
86209510,86209-51-0,PRIMISULFURON-METHYL,n/a,8.91E+03,8.38E+03,1.93E+05,8.53E-05,7.39E+04,7.39E+04,Recommended,n/a,n/a,n/a,n/a,n/a,n/a,n/a,n/a,n/a,n/a,n/a,n/a,n/a,n/a,n/a,n/a,n/a,n/a,
86315528,86315-52-8,ISOMAZOLE,n/a,n/a,n/a,n/a,n/a,n/a,n/a,n/a,n/a,1.02E-06,n/a,6.61E-07,n/a,1.31E-06,n/a,6.77E-10,n/a,1.65E-08,n/a,2.95E-08,n/a,Recommended,n/a,n/a,n/a,n/a,
87130209,87130-20-9,"CARBAMIC ACID, (3,4-DIETHOXYPHENYL)-, 1-METHYLET",n/a,3.75E+01,7.85E+00,6.49E+03,2.04E-02,3.41E+02,3.41E+02,Interim,n/a,n/a,n/a,n/a,n/a,n/a,n/a,n/a,n/a,n/a,n/a,n/a,n/a,n/a,n/a,n/a,n/a,n/a,
87237487,87237-48-7,HALOXYFOP-ETOTYL,n/a,5.16E+02,3.50E+02,1.16E+04,4.02E-05,1.39E+02,1.39E+02,Recommended,n/a,n/a,n/a,n/a,n/a,n/a,n/a,n/a,n/a,n/a,n/a,n/a,n/a,n/a,n/a,n/a,n/a,n/a,
87392129,87392-12-9,S-METOLACHLOR,n/a,3.23E+03,2.00E+03,1.15E+05,8.41E-02,1.02E+04,1.02E+04,Recommended,n/a,n/a,n/a,n/a,n/a,n/a,n/a,n/a,n/a,n/a,n/a,n/a,n/a,n/a,n/a,n/a,n/a,n/a,
87546187,87546-18-7,FLUMICLORAC-PENTYL,n/a,2.05E+03,1.28E+03,5.70E+04,1.36E-03,8.68E+02,8.68E+02,Recommended,n/a,n/a,n/a,n/a,n/a,n/a,n/a,n/a,n/a,n/a,n/a,n/a,n/a,n/a,n/a,n/a,n/a,n/a,
87674688,87674-68-8,DIMETHENAMID,n/a,4.21E+03,2.98E+03,1.41E+05,1.15E+00,2.05E+04,2.05E+04,Recommended,n/a,n/a,n/a,n/a,n/a,n/a,n/a,n/a,n/a,n/a,n/a,n/a,n/a,n/a,n/a,n/a,n/a,n/a,
88107102,88107-10-2,"ETHANONE, 1-[2-HYDROXY-3-PROPYL-4-[4-(1H-TETRAZO",n/a,n/a,n/a,n/a,n/a,n/a,n/a,n/a,n/a,1.13E-06,n/a,7.27E-07,n/a,1.59E-06,n/a,4.08E-09,n/a,1.59E-08,n/a,1.28E-07,n/a,Recommended,n/a,n/a,n/a,n/a,
88283414,88283-41-4,PYRIFENOX,n/a,5.45E+02,3.42E+02,1.39E+04,4.79E-02,5.59E+00,5.59E+00,Recommended,n/a,n/a,n/a,n/a,n/a,n/a,n/a,n/a,n/a,n/a,n/a,n/a,n/a,n/a,n/a,n/a,n/a,n/a,
88671890,88671-89-0,MYCLOBUTANIL,n/a,1.49E+03,1.10E+03,3.00E+04,1.45E-02,1.09E+03,1.09E+03,Recommended,n/a,n/a,1.06E-06,n/a,6.87E-07,n/a,2.46E-06,n/a,2.58E-08,n/a,9.01E-08,n/a,1.93E-07,n/a,Recommended,n/a,n/a,n/a,
88917220,88917-22-0,DIPROPYLENE GLYCOL METHYL ETHER ACETATE ISOMERS,n/a,n/a,n/a,n/a,n/a,n/a,n/a,n/a,n/a,n/a,n/a,n/a,n/a,n/a,n/a,n/a,n/a,n/a,n/a,n/a,n/a,n/a,n/a,n/a,n/a,1.45E+00,
89399280,89399-28-0,2-METHOXY-1-(2-METHOXY-1-METHYLETHOXY)-PROPANE; DIPROPYLENE GLYCOL DIMETHYL ETHER,n/a,n/a,n/a,n/a,n/a,n/a,n/a,n/a,n/a,n/a,n/a,n/a,n/a,n/a,n/a,n/a,n/a,n/a,n/a,n/a,n/a,n/a,n/a,n/a,n/a,2.02E+00,
90717036,90717-03-6,QUINMERAC,n/a,3.06E+01,2.39E+01,5.05E+02,1.45E-05,1.95E+01,1.95E+01,Interim,n/a,n/a,n/a,n/a,n/a,n/a,n/a,n/a,n/a,n/a,n/a,n/a,n/a,n/a,n/a,n/a,n/a,n/a,
91465086,91465-08-6,LAMBDA-CYHALOTHRIN,n/a,1.87E+06,5.76E+05,1.39E+08,3.93E+03,1.34E+05,1.34E+05,Recommended,n/a,n/a,n/a,n/a,n/a,n/a,n/a,n/a,n/a,n/a,n/a,n/a,n/a,n/a,n/a,n/a,n/a,n/a,
92031931,92031-93-1,1-METHYL-2-HEXYL CYCLOHEXANE,n/a,n/a,n/a,n/a,n/a,n/a,n/a,n/a,n/a,n/a,n/a,n/a,n/a,n/a,n/a,n/a,n/a,n/a,n/a,n/a,n/a,n/a,n/a,n/a,n/a,5.81E-01,
93106606,93106-60-6,ENROFLOXACIN,n/a,9.99E+05,1.00E+06,3.39E+06,4.37E-06,1.51E+06,1.51E+06,Interim,n/a,n/a,n/a,n/a,n/a,n/a,n/a,n/a,n/a,n/a,n/a,n/a,n/a,n/a,n/a,n/a,n/a,n/a,
93762802,93762-80-2,"ALKENES, C15-18",n/a,8.98E-05,5.21E-07,4.54E+00,1.01E-08,3.19E-04,3.19E-04,Recommended,n/a,n/a,n/a,n/a,n/a,n/a,n/a,n/a,n/a,n/a,n/a,n/a,n/a,n/a,n/a,n/a,n/a,n/a,
93957541,93957-54-1,FLUVASTATIN,n/a,n/a,n/a,n/a,n/a,n/a,n/a,n/a,n/a,8.13E-07,n/a,6.19E-07,n/a,6.78E-07,n/a,4.88E-10,n/a,2.29E-09,n/a,1.14E-07,n/a,Interim,n/a,n/a,n/a,n/a,
94023151,94023-15-1,2-TERT-BUTOXY-1-PROPANOL,n/a,n/a,n/a,n/a,n/a,n/a,n/a,n/a,n/a,n/a,n/a,n/a,n/a,n/a,n/a,n/a,n/a,n/a,n/a,n/a,n/a,n/a,n/a,n/a,n/a,1.81E+00,
94050529,94050-52-9,"FLUCYCLOXURON,(E)-ISOMER",n/a,4.51E+04,1.15E+04,2.81E+06,9.97E+00,1.46E+03,1.46E+03,Interim,n/a,n/a,n/a,n/a,n/a,n/a,n/a,n/a,n/a,n/a,n/a,n/a,n/a,n/a,n/a,n/a,n/a,n/a,
94125345,94125-34-5,PROSULFURON,n/a,9.20E+03,6.84E+03,1.66E+05,1.66E-04,3.51E+03,3.51E+03,Recommended,n/a,n/a,n/a,n/a,n/a,n/a,n/a,n/a,n/a,n/a,n/a,n/a,n/a,n/a,n/a,n/a,n/a,n/a,
94361065,94361-06-5,CYPROCONAZOLE,n/a,1.58E+02,9.92E+01,4.57E+03,3.26E-04,1.15E+02,1.15E+02,Recommended,n/a,n/a,n/a,n/a,n/a,n/a,n/a,n/a,n/a,n/a,n/a,n/a,n/a,n/a,n/a,n/a,n/a,n/a,
95266403,95266-40-3,TRINEXAPAC-ETHYL,n/a,6.49E+00,3.36E+00,1.30E+03,8.61E-03,1.64E+02,1.64E+02,Interim,n/a,n/a,n/a,n/a,n/a,n/a,n/a,n/a,n/a,n/a,n/a,n/a,n/a,n/a,n/a,n/a,n/a,n/a,
95737681,95737-68-1,PYRIPROXYFEN,n/a,6.96E+02,1.86E+02,8.52E+04,3.68E+00,3.55E+01,3.55E+01,Recommended,n/a,n/a,1.64E-07,n/a,7.86E-08,n/a,1.05E-06,n/a,8.69E-08,n/a,8.54E-10,n/a,7.17E-09,n/a,Recommended,n/a,n/a,n/a,
96182535,96182-53-5,TEBUPIRIMFOS,n/a,3.96E+03,8.47E+02,7.19E+05,6.81E+00,3.38E+03,3.38E+03,Recommended,n/a,n/a,n/a,n/a,n/a,n/a,n/a,n/a,n/a,n/a,n/a,n/a,n/a,n/a,n/a,n/a,n/a,n/a,
96489713,96489-71-3,PYRIDABEN,n/a,4.66E+03,1.27E+03,8.11E+05,1.04E+02,3.57E+02,3.57E+02,Recommended,n/a,n/a,n/a,n/a,n/a,n/a,n/a,n/a,n/a,n/a,n/a,n/a,n/a,n/a,n/a,n/a,n/a,n/a,
97886458,97886-45-8,DITHIOPYR,n/a,9.05E+03,7.22E+03,3.22E+05,8.94E+01,2.13E+04,2.13E+04,Recommended,n/a,n/a,n/a,n/a,n/a,n/a,n/a,n/a,n/a,n/a,n/a,n/a,n/a,n/a,n/a,n/a,n/a,n/a,
98319267,98319-26-7,PROSCAR,n/a,n/a,n/a,n/a,n/a,n/a,n/a,n/a,n/a,7.22E-07,n/a,5.95E-07,n/a,8.14E-07,n/a,1.52E-08,n/a,2.05E-09,n/a,4.93E-09,n/a,Recommended,n/a,n/a,n/a,n/a,
98967409,98967-40-9,FLUMETSULAM,n/a,8.75E+03,8.67E+03,3.12E+04,2.23E-06,1.02E+04,1.02E+04,Recommended,n/a,n/a,n/a,n/a,n/a,n/a,n/a,n/a,n/a,n/a,n/a,n/a,n/a,n/a,n/a,n/a,n/a,n/a,
99129212,99129-21-2,CLETHODIM,n/a,5.74E+01,1.14E+01,3.29E+03,3.03E-05,8.48E+00,8.48E+00,Interim,n/a,n/a,n/a,n/a,n/a,n/a,n/a,n/a,n/a,n/a,n/a,n/a,n/a,n/a,n/a,n/a,n/a,n/a,
99607702,99607-70-2,CLOQUINTOCET-MEXYL,n/a,2.88E+02,1.45E+02,1.04E+04,3.36E-04,8.87E+00,8.87E+00,Recommended,n/a,n/a,n/a,n/a,n/a,n/a,n/a,n/a,n/a,n/a,n/a,n/a,n/a,n/a,n/a,n/a,n/a,n/a,
100784201,100784-20-1,HALOSULFURON-METHYL,n/a,5.94E+03,5.65E+03,1.60E+05,2.41E-06,6.25E+04,6.25E+04,Recommended,n/a,n/a,n/a,n/a,n/a,n/a,n/a,n/a,n/a,n/a,n/a,n/a,n/a,n/a,n/a,n/a,n/a,n/a,
101200480,101200-48-0,TRIBENURON-METHYL,n/a,1.58E+02,1.55E+02,6.80E+02,6.65E-08,1.75E+02,1.75E+02,Recommended,n/a,n/a,6.53E-06,n/a,5.34E-06,n/a,6.66E-06,n/a,5.47E-09,n/a,1.71E-06,n/a,3.62E-06,n/a,Recommended,n/a,n/a,n/a,
101205021,101205-02-1,CYCLOXYDIM,n/a,5.13E+00,1.07E+00,2.92E+02,2.56E-06,1.14E+00,1.14E+00,Interim,n/a,n/a,n/a,n/a,n/a,n/a,n/a,n/a,n/a,n/a,n/a,n/a,n/a,n/a,n/a,n/a,n/a,n/a,
102851069,102851-06-9,TAU-FLUVALINATE,n/a,9.99E+03,3.18E+03,8.56E+05,2.98E+01,4.50E+02,4.50E+02,Interim,n/a,n/a,n/a,n/a,n/a,n/a,n/a,n/a,n/a,n/a,n/a,n/a,n/a,n/a,n/a,n/a,n/a,n/a,
103112352,103112-35-2,FENCHLORAZOLE-ETHYL,n/a,1.34E+04,1.04E+04,2.22E+05,3.94E-01,7.38E+03,7.38E+03,Interim,n/a,n/a,n/a,n/a,n/a,n/a,n/a,n/a,n/a,n/a,n/a,n/a,n/a,n/a,n/a,n/a,n/a,n/a,
103361097,103361-09-7,FLUMIOXAZIN,n/a,5.58E+03,1.72E+03,4.66E+05,4.63E+00,1.01E+04,1.01E+04,Recommended,n/a,n/a,n/a,n/a,n/a,n/a,n/a,n/a,n/a,n/a,n/a,n/a,n/a,n/a,n/a,n/a,n/a,n/a,
105512069,105512-06-9,CLODINAFOP-PROPARGYL,n/a,7.10E+02,3.75E+02,2.66E+04,1.05E-02,5.86E+02,5.86E+02,Recommended,n/a,n/a,n/a,n/a,n/a,n/a,n/a,n/a,n/a,n/a,n/a,n/a,n/a,n/a,n/a,n/a,n/a,n/a,
106325080,106325-08-0,BAS 480F,n/a,7.60E+02,4.43E+02,2.30E+04,8.29E-02,1.06E+02,1.06E+02,Recommended,n/a,n/a,n/a,n/a,n/a,n/a,n/a,n/a,n/a,n/a,n/a,n/a,n/a,n/a,n/a,n/a,n/a,n/a,
107534963,107534-96-3,TEBUCONAZOLE,n/a,2.68E+03,1.77E+03,6.83E+04,1.17E-03,1.37E+03,1.37E+03,Recommended,n/a,n/a,1.28E-06,n/a,8.75E-07,n/a,8.19E-06,n/a,1.68E-07,n/a,1.64E-07,n/a,3.18E-07,n/a,Recommended,n/a,n/a,n/a,
110488705,110488-70-5,DIMETHOMORPH,n/a,4.43E+01,1.06E+01,2.47E+03,8.95E-06,1.40E+01,1.40E+01,Recommended,n/a,n/a,n/a,n/a,n/a,n/a,n/a,n/a,n/a,n/a,n/a,n/a,n/a,n/a,n/a,n/a,n/a,n/a,
111381896,111381-89-6,"1,2-BENZENEDICARBOXYLIC ACID, HEPTYL NONYL ESTER, BRANCHED AND LINEAR",n/a,1.65E+00,2.99E-01,8.14E+03,1.34E-02,2.30E+00,2.30E+00,Interim,n/a,n/a,n/a,n/a,n/a,n/a,n/a,n/a,n/a,n/a,n/a,n/a,n/a,n/a,n/a,n/a,n/a,n/a,
111479051,111479-05-1,PROPAQUIZAFOP,n/a,1.51E+03,9.32E+02,3.90E+04,1.05E-05,1.51E+01,1.51E+01,Interim,n/a,n/a,n/a,n/a,n/a,n/a,n/a,n/a,n/a,n/a,n/a,n/a,n/a,n/a,n/a,n/a,n/a,n/a,
111823359,111823-35-9,3-METHYL-2-ISOPROPYL-1-BUTENE,n/a,n/a,n/a,n/a,n/a,n/a,n/a,n/a,n/a,n/a,n/a,n/a,n/a,n/a,n/a,n/a,n/a,n/a,n/a,n/a,n/a,n/a,n/a,n/a,n/a,3.31E+00,
111991094,111991-09-4,NICOSULFURON,n/a,1.58E+02,1.56E+02,6.52E+02,5.80E-11,2.16E+02,2.16E+02,Recommended,n/a,n/a,n/a,n/a,n/a,n/a,n/a,n/a,n/a,n/a,n/a,n/a,n/a,n/a,n/a,n/a,n/a,n/a,
112225873,112225-87-3,"1,2-DIBENZOYL-1-TERT-BUTYLHYDRAZINE",n/a,2.01E+02,1.34E+02,5.48E+03,3.31E-06,2.48E+02,2.48E+02,Interim,n/a,n/a,n/a,n/a,n/a,n/a,n/a,n/a,n/a,n/a,n/a,n/a,n/a,n/a,n/a,n/a,n/a,n/a,
112226616,112226-61-6,HALOFENOZIDE,n/a,1.70E+03,1.26E+03,3.55E+04,5.88E-05,1.62E+03,1.62E+03,Interim,n/a,n/a,n/a,n/a,n/a,n/a,n/a,n/a,n/a,n/a,n/a,n/a,n/a,n/a,n/a,n/a,n/a,n/a,
112410238,112410-23-8,TEBUFENOZIDE,n/a,9.95E+02,4.31E+02,4.41E+04,2.35E-02,4.50E+02,4.50E+02,Recommended,n/a,n/a,1.54E-06,n/a,7.90E-07,n/a,2.32E-05,n/a,5.49E-07,n/a,2.37E-07,n/a,5.66E-07,n/a,Recommended,n/a,n/a,n/a,
113096994,113096-99-4,CYPROCONAZOLE,n/a,3.30E+02,2.08E+02,9.58E+03,6.84E-04,2.42E+02,2.42E+02,Recommended,n/a,n/a,n/a,n/a,n/a,n/a,n/a,n/a,n/a,n/a,n/a,n/a,n/a,n/a,n/a,n/a,n/a,n/a,
113136779,113136-77-9,CYCLANILIDE,n/a,3.91E+03,3.77E+03,2.08E+04,8.66E-03,4.82E+03,4.82E+03,Interim,n/a,n/a,n/a,n/a,n/a,n/a,n/a,n/a,n/a,n/a,n/a,n/a,n/a,n/a,n/a,n/a,n/a,n/a,
114311329,114311-32-9,IMAZAMOX,n/a,9.46E+02,9.11E+02,5.01E+03,4.81E-09,1.04E+03,1.04E+03,Interim,n/a,n/a,n/a,n/a,n/a,n/a,n/a,n/a,n/a,n/a,n/a,n/a,n/a,n/a,n/a,n/a,n/a,n/a,
114369436,114369-43-6,FENBUCONAZOLE,n/a,1.49E+03,8.09E+02,5.01E+04,2.82E-01,3.06E+01,3.06E+01,Recommended,n/a,n/a,2.68E-06,n/a,1.80E-06,n/a,4.81E-06,n/a,1.63E-07,n/a,3.20E-09,n/a,8.17E-09,n/a,Recommended,n/a,n/a,n/a,
116255482,116255-48-2,BROMUCONAZOLE,n/a,3.54E+03,2.17E+03,9.94E+04,2.76E-03,9.47E+02,9.47E+02,Recommended,n/a,n/a,n/a,n/a,n/a,n/a,n/a,n/a,n/a,n/a,n/a,n/a,n/a,n/a,n/a,n/a,n/a,n/a,
117337196,117337-19-6,FLUTHIACET-METHYL,n/a,5.18E+04,2.02E+04,2.42E+06,1.73E-01,8.84E+03,8.84E+03,Recommended,n/a,n/a,n/a,n/a,n/a,n/a,n/a,n/a,n/a,n/a,n/a,n/a,n/a,n/a,n/a,n/a,n/a,n/a,
117718602,117718-60-2,THIAZOPYR,n/a,5.66E+02,2.63E+02,2.49E+04,1.01E+00,2.31E+01,2.31E+01,Recommended,n/a,n/a,n/a,n/a,n/a,n/a,n/a,n/a,n/a,n/a,n/a,n/a,n/a,n/a,n/a,n/a,n/a,n/a,
119446683,119446-68-3,DIFENOCONAZOLE,n/a,5.89E+03,4.20E+03,1.19E+05,3.64E-04,1.92E+03,1.92E+03,Recommended,n/a,n/a,n/a,n/a,n/a,n/a,n/a,n/a,n/a,n/a,n/a,n/a,n/a,n/a,n/a,n/a,n/a,n/a,
120068373,120068-37-3,FIPRONIL,n/a,3.82E+04,1.17E+04,2.01E+06,9.29E-02,3.23E+04,3.23E+04,Recommended,n/a,n/a,2.59E-05,n/a,1.23E-05,n/a,3.27E-04,n/a,7.59E-06,n/a,5.26E-06,n/a,1.41E-05,n/a,Recommended,n/a,n/a,n/a,
121552612,121552-61-2,CGA 219417 (CYPRODINIL),n/a,4.12E+02,6.20E+01,2.79E+04,1.74E-02,2.80E+02,2.80E+02,Recommended,n/a,n/a,n/a,n/a,n/a,n/a,n/a,n/a,n/a,n/a,n/a,n/a,n/a,n/a,n/a,n/a,n/a,n/a,
122836355,122836-35-5,SULFENTRAZONE,n/a,4.79E+03,4.32E+03,4.50E+04,1.17E-05,5.26E+03,5.26E+03,Recommended,n/a,n/a,n/a,n/a,n/a,n/a,n/a,n/a,n/a,n/a,n/a,n/a,n/a,n/a,n/a,n/a,n/a,n/a,
122931480,122931-48-0,RIMSULFURON,n/a,4.01E+02,3.16E+02,1.42E+04,8.25E-04,3.70E+03,3.70E+03,Recommended,n/a,n/a,n/a,n/a,n/a,n/a,n/a,n/a,n/a,n/a,n/a,n/a,n/a,n/a,n/a,n/a,n/a,n/a,
123312890,123312-89-0,PYMETROZINE,n/a,2.90E+01,1.85E+01,7.88E+02,8.56E-07,1.16E+01,1.16E+01,Recommended,n/a,n/a,n/a,n/a,n/a,n/a,n/a,n/a,n/a,n/a,n/a,n/a,n/a,n/a,n/a,n/a,n/a,n/a,
123343168,123343-16-8,PYRITHIOBAC-SODIUM SALT,n/a,2.51E+02,2.01E+02,3.75E+03,2.01E-11,1.53E+02,1.53E+02,Interim,n/a,n/a,n/a,n/a,n/a,n/a,n/a,n/a,n/a,n/a,n/a,n/a,n/a,n/a,n/a,n/a,n/a,n/a,
125401925,125401-92-5,BISPYRIBAC-SODIUM,n/a,1.84E+02,1.17E+02,4.68E+03,2.29E-16,9.53E+00,9.53E+00,Interim,n/a,n/a,n/a,n/a,n/a,n/a,n/a,n/a,n/a,n/a,n/a,n/a,n/a,n/a,n/a,n/a,n/a,n/a,
126535157,126535-15-7,TRIFLUSULFURON-METHYL,n/a,1.23E+04,1.22E+04,4.09E+04,4.48E-05,1.46E+04,1.46E+04,Recommended,n/a,n/a,n/a,n/a,n/a,n/a,n/a,n/a,n/a,n/a,n/a,n/a,n/a,n/a,n/a,n/a,n/a,n/a,
128639021,128639-02-1,CARFENTRAZONE-ETHYL,n/a,9.71E+03,6.75E+03,2.14E+05,1.91E-01,4.08E+03,4.08E+03,Recommended,n/a,n/a,n/a,n/a,n/a,n/a,n/a,n/a,n/a,n/a,n/a,n/a,n/a,n/a,n/a,n/a,n/a,n/a,
131341861,131341-86-1,FLUDIOXONIL,n/a,2.31E+03,1.05E+03,1.01E+05,2.73E-03,2.66E+03,2.66E+03,Recommended,n/a,n/a,n/a,n/a,n/a,n/a,n/a,n/a,n/a,n/a,n/a,n/a,n/a,n/a,n/a,n/a,n/a,n/a,
131860338,131860-33-8,AZOXYSTROBIN,n/a,3.31E+03,2.26E+03,7.31E+04,6.87E-07,8.20E+02,8.20E+02,Recommended,n/a,n/a,n/a,n/a,n/a,n/a,n/a,n/a,n/a,n/a,n/a,n/a,n/a,n/a,n/a,n/a,n/a,n/a,
134190504,134190-50-4,HCFC-244,n/a,n/a,n/a,n/a,n/a,n/a,n/a,n/a,n/a,n/a,n/a,n/a,n/a,n/a,n/a,n/a,n/a,n/a,n/a,n/a,n/a,n/a,n/a,n/a,7.45E-02,n/a,
134190537,134190-53-7,HCFC-262,n/a,n/a,n/a,n/a,n/a,n/a,n/a,n/a,n/a,n/a,n/a,n/a,n/a,n/a,n/a,n/a,n/a,n/a,n/a,n/a,n/a,n/a,n/a,n/a,1.10E-02,n/a,
135158542,135158-54-2,CGA 245704,n/a,1.87E+03,1.74E+03,1.82E+04,7.09E-01,3.61E+03,3.61E+03,Recommended,n/a,n/a,n/a,n/a,n/a,n/a,n/a,n/a,n/a,n/a,n/a,n/a,n/a,n/a,n/a,n/a,n/a,n/a,
138261413,138261-41-3,IMIDACLOPRID,n/a,1.43E+02,1.01E+02,3.14E+03,8.14E-10,9.67E+01,9.67E+01,Interim,n/a,n/a,1.45E-06,n/a,9.64E-07,n/a,2.50E-06,n/a,1.78E-09,n/a,7.71E-08,n/a,1.14E-07,n/a,Interim,n/a,n/a,n/a,
138495428,138495-42-8,HFC-43-10mee,n/a,n/a,n/a,n/a,n/a,n/a,n/a,n/a,1.64E+03,n/a,n/a,n/a,n/a,n/a,n/a,n/a,n/a,n/a,n/a,n/a,n/a,n/a,n/a,n/a,n/a,2.04E-04,
141112290,141112-29-0,ISOXAFLUTOLE,n/a,1.55E+03,9.48E+02,4.24E+04,7.53E-04,1.61E+02,1.61E+02,Recommended,n/a,n/a,n/a,n/a,n/a,n/a,n/a,n/a,n/a,n/a,n/a,n/a,n/a,n/a,n/a,n/a,n/a,n/a,
141776321,141776-32-1,SULFOSULFURON,n/a,1.56E+02,1.33E+02,5.20E+03,1.20E-05,1.58E+03,1.58E+03,Recommended,n/a,n/a,n/a,n/a,n/a,n/a,n/a,n/a,n/a,n/a,n/a,n/a,n/a,n/a,n/a,n/a,n/a,n/a,
142459583,142459-58-3,FLUTHIAMIDE,n/a,5.85E+03,3.77E+03,1.68E+05,2.18E-01,6.14E+03,6.14E+03,Recommended,n/a,n/a,n/a,n/a,n/a,n/a,n/a,n/a,n/a,n/a,n/a,n/a,n/a,n/a,n/a,n/a,n/a,n/a,
143390890,143390-89-0,BAS 490F,n/a,2.29E+03,8.17E+02,1.12E+05,8.55E-03,9.01E+01,9.01E+01,Recommended,n/a,n/a,1.18E-07,n/a,4.84E-08,n/a,3.24E-07,n/a,4.40E-09,n/a,2.60E-10,n/a,1.06E-09,n/a,Recommended,n/a,n/a,n/a,
149979419,149979-41-9,BAS 620H,n/a,9.11E+00,4.04E+00,3.97E+02,5.57E-08,6.06E+00,6.06E+00,Recommended,n/a,n/a,n/a,n/a,n/a,n/a,n/a,n/a,n/a,n/a,n/a,n/a,n/a,n/a,n/a,n/a,n/a,n/a,
161050584,161050-58-4,RH-2485,n/a,1.98E+03,1.33E+03,5.01E+04,9.69E-05,1.39E+03,1.39E+03,Recommended,n/a,n/a,n/a,n/a,n/a,n/a,n/a,n/a,n/a,n/a,n/a,n/a,n/a,n/a,n/a,n/a,n/a,n/a,
163702054,163702-05-4,ETHOXY-PERFLUORO-N-BUTANE,n/a,n/a,n/a,n/a,n/a,n/a,n/a,n/a,n/a,n/a,n/a,n/a,n/a,n/a,n/a,n/a,n/a,n/a,n/a,n/a,n/a,n/a,n/a,n/a,n/a,8.16E-03,
163702065,163702-06-5,ETHOXY-PERFLUORO-ISOBUTANE,n/a,n/a,n/a,n/a,n/a,n/a,n/a,n/a,n/a,n/a,n/a,n/a,n/a,n/a,n/a,n/a,n/a,n/a,n/a,n/a,n/a,n/a,n/a,n/a,n/a,9.80E-03,
163702076,163702-07-6,METHOXY-PERFLUORO-N-BUTANE,n/a,n/a,n/a,n/a,n/a,n/a,n/a,n/a,n/a,n/a,n/a,n/a,n/a,n/a,n/a,n/a,n/a,n/a,n/a,n/a,n/a,n/a,n/a,n/a,n/a,5.83E-04,
163702087,163702-08-7,METHOXY-PERFLUORO-ISOBUTENE,n/a,n/a,n/a,n/a,n/a,n/a,n/a,n/a,n/a,n/a,n/a,n/a,n/a,n/a,n/a,n/a,n/a,n/a,n/a,n/a,n/a,n/a,n/a,n/a,n/a,5.83E-04,
164259421,164259-42-1,"1,3-DIETHYL-5-METHYL CYCLOHEXANE",n/a,n/a,n/a,n/a,n/a,n/a,n/a,n/a,n/a,n/a,n/a,n/a,n/a,n/a,n/a,n/a,n/a,n/a,n/a,n/a,n/a,n/a,n/a,n/a,n/a,1.04E+00,
164259432,164259-43-2,"1,3,5-TRIETHYL CYCLOHEXANE",n/a,n/a,n/a,n/a,n/a,n/a,n/a,n/a,n/a,n/a,n/a,n/a,n/a,n/a,n/a,n/a,n/a,n/a,n/a,n/a,n/a,n/a,n/a,n/a,n/a,1.02E+00,
173584446,173584-44-6,DPX-MP062,n/a,4.43E+03,1.93E+03,1.95E+05,8.13E-02,2.34E+03,2.34E+03,Recommended,n/a,n/a,n/a,n/a,n/a,n/a,n/a,n/a,n/a,n/a,n/a,n/a,n/a,n/a,n/a,n/a,n/a,n/a,
175032367,175032-36-7,"4,8-DIMETHYL TETRADECANE",n/a,n/a,n/a,n/a,n/a,n/a,n/a,n/a,n/a,n/a,n/a,n/a,n/a,n/a,n/a,n/a,n/a,n/a,n/a,n/a,n/a,n/a,n/a,n/a,n/a,4.88E-01,
205324738,205324-73-8,TRANS-1-METHYL-4-HEPTYL CYCLOHEXANE,n/a,n/a,n/a,n/a,n/a,n/a,n/a,n/a,n/a,n/a,n/a,n/a,n/a,n/a,n/a,n/a,n/a,n/a,n/a,n/a,n/a,n/a,n/a,n/a,n/a,5.27E-01,
x,x,ANTIMONY(III),n/a,4.89E+02,4.93E+02,1.22E+03,9.07E-18,6.15E+02,6.15E+02,Interim,n/a,n/a,1.87E-04,n/a,1.55E-04,n/a,3.64E-04,n/a,1.68E-05,n/a,1.83E-04,n/a,2.09E-04,n/a,Interim,n/a,n/a,n/a,
x,x,ANTIMONY(V),n/a,7.62E+04,7.68E+04,1.90E+05,1.41E-15,9.58E+04,9.58E+04,Interim,n/a,n/a,1.87E-04,n/a,1.55E-04,n/a,3.64E-04,n/a,1.68E-05,n/a,1.83E-04,n/a,2.09E-04,n/a,Interim,n/a,n/a,n/a,
x,x,ARSENIC(III),n/a,6.37E+03,6.44E+03,1.52E+04,9.59E-17,8.05E+03,8.05E+03,Interim,n/a,4.24E-04,1.71E-02,2.42E-04,1.65E-02,3.69E-04,2.73E-02,3.03E-05,2.24E-03,1.95E-04,1.45E-02,3.92E-04,2.90E-02,Interim,Interim,n/a,n/a,n/a,
x,x,ARSENIC(V),n/a,1.69E+04,1.71E+04,4.04E+04,2.54E-16,2.14E+04,2.14E+04,Interim,n/a,4.24E-04,1.71E-02,2.42E-04,1.65E-02,3.69E-04,2.73E-02,3.03E-05,2.24E-03,1.95E-04,1.45E-02,3.92E-04,2.90E-02,Interim,Interim,n/a,n/a,n/a,
x,x,BARIUM(II),n/a,6.07E+02,6.12E+02,1.53E+03,2.45E-17,7.63E+02,7.63E+02,Interim,n/a,n/a,4.52E-05,n/a,3.86E-05,n/a,9.82E-05,n/a,3.03E-06,n/a,4.91E-05,n/a,4.91E-05,n/a,Interim,n/a,n/a,n/a,
x,x,BERYLLIUM(II),n/a,1.61E+03,1.63E+03,3.72E+03,1.70E-17,2.04E+03,2.04E+03,Interim,n/a,1.15E-04,8.56E-02,1.15E-05,8.55E-03,1.93E-25,4.44E-06,9.06E-26,2.07E-07,2.13E-24,2.44E-06,2.13E-24,3.14E-05,Interim,Interim,n/a,n/a,n/a,
x,x,BIOLOGICAL OXYGEN DEMAND,n/a,n/a,n/a,n/a,n/a,n/a,n/a,n/a,n/a,n/a,n/a,n/a,n/a,n/a,n/a,n/a,n/a,n/a,n/a,n/a,n/a,n/a,n/a,n/a,n/a,n/a,
x,x,CADMIUM(II),n/a,3.92E+03,3.96E+03,9.71E+03,1.27E-17,4.94E+03,4.94E+03,Interim,n/a,2.52E-04,4.45E-02,1.82E-04,4.65E-02,1.59E-06,4.27E-04,5.90E-07,1.58E-04,8.08E-07,2.17E-04,4.82E-04,1.29E-01,Interim,Interim,n/a,n/a,n/a,
x,x,CHEMICAL OXYGEN DEMAND,n/a,n/a,n/a,n/a,n/a,n/a,n/a,n/a,n/a,n/a,n/a,n/a,n/a,n/a,n/a,n/a,n/a,n/a,n/a,n/a,n/a,n/a,n/a,n/a,n/a,n/a,
x,x,CHROMIUM(III),n/a,5.17E+02,5.21E+02,1.29E+03,1.70E-18,6.50E+02,6.50E+02,Interim,n/a,n/a,3.57E-09,n/a,1.59E-09,n/a,3.03E-09,n/a,1.46E-09,n/a,1.52E-09,n/a,1.78E-09,n/a,Interim,n/a,n/a,n/a,
x,x,CHROMIUM(VI),n/a,4.18E+04,4.21E+04,1.05E+05,4.32E-16,5.26E+04,5.26E+04,Interim,n/a,4.70E-03,7.48E-04,4.21E-03,8.31E-05,1.06E-02,2.40E-05,6.28E-04,1.41E-06,5.34E-03,1.20E-05,5.41E-03,1.22E-05,Interim,Interim,n/a,n/a,n/a,
x,x,COBALT(II),n/a,1.71E+03,1.72E+03,4.10E+03,9.29E-18,2.15E+03,2.15E+03,Interim,n/a,n/a,n/a,n/a,n/a,n/a,n/a,n/a,n/a,n/a,n/a,n/a,n/a,n/a,n/a,n/a,n/a,n/a,
x,x,COPPER(II),n/a,2.31E+04,2.33E+04,5.52E+04,1.03E-16,2.92E+04,2.92E+04,Interim,n/a,n/a,1.32E-05,n/a,1.36E-05,n/a,8.63E-07,n/a,2.22E-07,n/a,4.55E-07,n/a,3.74E-05,n/a,Interim,n/a,n/a,n/a,
x,x,LEAD(II),n/a,1.74E+02,1.76E+02,3.75E+02,1.39E-19,2.21E+02,2.21E+02,Interim,n/a,2.66E-05,9.32E-03,2.73E-05,9.57E-03,3.42E-07,1.20E-04,3.10E-07,1.09E-04,2.02E-07,7.08E-05,7.55E-05,2.65E-02,Interim,Interim,n/a,n/a,n/a,
x,x,MERCURY(II),n/a,1.21E+04,1.23E+04,2.21E+04,1.78E-17,1.56E+04,1.56E+04,Interim,n/a,6.89E-03,8.15E-01,7.22E-03,8.55E-01,1.20E-04,1.42E-02,9.56E-05,1.13E-02,8.48E-05,1.00E-02,2.00E-02,2.37E+00,Interim,Interim,n/a,n/a,n/a,
x,x,MOLYBDENUM(VI),n/a,1.17E+02,1.18E+02,2.94E+02,7.40E-19,1.48E+02,1.48E+02,Interim,n/a,n/a,1.63E-03,n/a,1.69E-03,n/a,7.66E-05,n/a,2.94E-06,n/a,3.85E-05,n/a,4.66E-03,n/a,Interim,n/a,n/a,n/a,
x,x,NICKEL(II),n/a,6.08E+03,6.14E+03,1.49E+04,4.52E-17,7.66E+03,7.66E+03,Interim,n/a,5.62E-05,3.16E-06,4.73E-05,2.66E-06,3.83E-05,2.15E-06,3.93E-06,2.21E-07,1.97E-05,1.11E-06,1.06E-04,5.95E-06,Interim,Interim,n/a,n/a,n/a,
x,x,PHOSPHORUS PENTOXIDE,n/a,n/a,n/a,n/a,n/a,n/a,n/a,n/a,n/a,n/a,n/a,n/a,n/a,n/a,n/a,n/a,n/a,n/a,n/a,n/a,n/a,n/a,n/a,n/a,n/a,n/a,
x,x,SELENIUM(IV),n/a,2.96E+03,2.99E+03,7.32E+03,2.00E-17,3.73E+03,3.73E+03,Interim,n/a,n/a,n/a,n/a,n/a,n/a,n/a,n/a,n/a,n/a,n/a,n/a,n/a,n/a,n/a,n/a,n/a,n/a,
x,x,SILVER(I),n/a,8.01E+04,8.08E+04,1.94E+05,2.40E-16,1.01E+05,1.01E+05,Interim,n/a,n/a,2.53E-02,n/a,2.64E-02,n/a,3.55E-04,n/a,8.72E-05,n/a,1.85E-04,n/a,7.32E-02,n/a,Interim,n/a,n/a,n/a,
x,x,THALLIUM(I),n/a,1.41E+04,1.42E+04,3.54E+04,1.08E-16,1.77E+04,1.77E+04,Interim,n/a,n/a,7.19E-04,n/a,6.93E-04,n/a,1.78E-03,n/a,1.05E-04,n/a,8.93E-04,n/a,8.94E-04,n/a,Interim,n/a,n/a,n/a,
x,x,TIN(II),n/a,1.35E+03,1.36E+03,2.98E+03,4.31E-18,1.71E+03,1.71E+03,Interim,n/a,n/a,n/a,n/a,n/a,n/a,n/a,n/a,n/a,n/a,n/a,n/a,n/a,n/a,n/a,n/a,n/a,n/a,
x,x,VANADIUM(V),n/a,4.62E+04,4.67E+04,1.13E+05,1.15E-15,5.83E+04,5.83E+04,Interim,n/a,n/a,9.69E-05,n/a,9.23E-05,n/a,1.94E-04,n/a,1.20E-05,n/a,1.00E-04,n/a,1.40E-04,n/a,Interim,n/a,n/a,n/a,
x,x,ZINC(II),n/a,1.67E+04,1.69E+04,3.86E+04,3.27E-15,2.11E+04,2.11E+04,Interim,n/a,n/a,1.52E-02,n/a,1.60E-02,n/a,1.28E-03,n/a,3.02E-04,n/a,7.02E-04,n/a,4.35E-02,n/a,Interim,n/a,n/a,n/a,
x,x,HFE-263fb2,n/a,n/a,n/a,n/a,n/a,n/a,n/a,n/a,1.10E+01,n/a,n/a,n/a,n/a,n/a,n/a,n/a,n/a,n/a,n/a,n/a,n/a,n/a,n/a,n/a,n/a,n/a,
x,x,HFE-569sf2,n/a,n/a,n/a,n/a,n/a,n/a,n/a,n/a,5.90E+01,n/a,n/a,n/a,n/a,n/a,n/a,n/a,n/a,n/a,n/a,n/a,n/a,n/a,n/a,n/a,n/a,n/a,
x,x,HFE-7200,n/a,n/a,n/a,n/a,n/a,n/a,n/a,n/a,5.90E+01,n/a,n/a,n/a,n/a,n/a,n/a,n/a,n/a,n/a,n/a,n/a,n/a,n/a,n/a,n/a,n/a,n/a,
x,x,HFE-356mec3,n/a,n/a,n/a,n/a,n/a,n/a,n/a,n/a,1.01E+02,n/a,n/a,n/a,n/a,n/a,n/a,n/a,n/a,n/a,n/a,n/a,n/a,n/a,n/a,n/a,n/a,n/a,
x,x,HFE-356pcc3,n/a,n/a,n/a,n/a,n/a,n/a,n/a,n/a,1.10E+02,n/a,n/a,n/a,n/a,n/a,n/a,n/a,n/a,n/a,n/a,n/a,n/a,n/a,n/a,n/a,n/a,n/a,
x,x,HFE-356pcf2,n/a,n/a,n/a,n/a,n/a,n/a,n/a,n/a,2.65E+02,n/a,n/a,n/a,n/a,n/a,n/a,n/a,n/a,n/a,n/a,n/a,n/a,n/a,n/a,n/a,n/a,n/a,
x,x,HFE-7100,n/a,n/a,n/a,n/a,n/a,n/a,n/a,n/a,2.97E+02,n/a,n/a,n/a,n/a,n/a,n/a,n/a,n/a,n/a,n/a,n/a,n/a,n/a,n/a,n/a,n/a,n/a,
x,x,HCFE-235da2,n/a,n/a,n/a,n/a,n/a,n/a,n/a,n/a,3.50E+02,n/a,n/a,n/a,n/a,n/a,n/a,n/a,n/a,n/a,n/a,n/a,n/a,n/a,n/a,n/a,n/a,n/a,
x,x,HFE-254cb2,n/a,n/a,n/a,n/a,n/a,n/a,n/a,n/a,3.59E+02,n/a,n/a,n/a,n/a,n/a,n/a,n/a,n/a,n/a,n/a,n/a,n/a,n/a,n/a,n/a,n/a,n/a,
x,x,HFE-236fa,n/a,n/a,n/a,n/a,n/a,n/a,n/a,n/a,4.87E+02,n/a,n/a,n/a,n/a,n/a,n/a,n/a,n/a,n/a,n/a,n/a,n/a,n/a,n/a,n/a,n/a,n/a,
x,x,HFE-356pcf3,n/a,n/a,n/a,n/a,n/a,n/a,n/a,n/a,5.02E+02,n/a,n/a,n/a,n/a,n/a,n/a,n/a,n/a,n/a,n/a,n/a,n/a,n/a,n/a,n/a,n/a,n/a,
x,x,HFE-338mcf2,n/a,n/a,n/a,n/a,n/a,n/a,n/a,n/a,5.52E+02,n/a,n/a,n/a,n/a,n/a,n/a,n/a,n/a,n/a,n/a,n/a,n/a,n/a,n/a,n/a,n/a,n/a,
x,x,HFE-374pc2,n/a,n/a,n/a,n/a,n/a,n/a,n/a,n/a,5.57E+02,n/a,n/a,n/a,n/a,n/a,n/a,n/a,n/a,n/a,n/a,n/a,n/a,n/a,n/a,n/a,n/a,n/a,
x,x,HFE-347mcc3,n/a,n/a,n/a,n/a,n/a,n/a,n/a,n/a,5.75E+02,n/a,n/a,n/a,n/a,n/a,n/a,n/a,n/a,n/a,n/a,n/a,n/a,n/a,n/a,n/a,n/a,n/a,
x,x,HFE-347pcf2,n/a,n/a,n/a,n/a,n/a,n/a,n/a,n/a,5.80E+02,n/a,n/a,n/a,n/a,n/a,n/a,n/a,n/a,n/a,n/a,n/a,n/a,n/a,n/a,n/a,n/a,n/a,
x,x,HFE-245fa2,n/a,n/a,n/a,n/a,n/a,n/a,n/a,n/a,6.59E+02,n/a,n/a,n/a,n/a,n/a,n/a,n/a,n/a,n/a,n/a,n/a,n/a,n/a,n/a,n/a,n/a,n/a,
x,x,HFE-245cb2,n/a,n/a,n/a,n/a,n/a,n/a,n/a,n/a,7.08E+02,n/a,n/a,n/a,n/a,n/a,n/a,n/a,n/a,n/a,n/a,n/a,n/a,n/a,n/a,n/a,n/a,n/a,
x,x,HFE-329mcc2,n/a,n/a,n/a,n/a,n/a,n/a,n/a,n/a,9.19E+02,n/a,n/a,n/a,n/a,n/a,n/a,n/a,n/a,n/a,n/a,n/a,n/a,n/a,n/a,n/a,n/a,n/a,
x,x,HFE-236ea2,n/a,n/a,n/a,n/a,n/a,n/a,n/a,n/a,9.89E+02,n/a,n/a,n/a,n/a,n/a,n/a,n/a,n/a,n/a,n/a,n/a,n/a,n/a,n/a,n/a,n/a,n/a,
x,x,HFE-338pcc13,n/a,n/a,n/a,n/a,n/a,n/a,n/a,n/a,1.50E+03,n/a,n/a,n/a,n/a,n/a,n/a,n/a,n/a,n/a,n/a,n/a,n/a,n/a,n/a,n/a,n/a,n/a,
x,x,HFE-227ea,n/a,n/a,n/a,n/a,n/a,n/a,n/a,n/a,1.54E+03,n/a,n/a,n/a,n/a,n/a,n/a,n/a,n/a,n/a,n/a,n/a,n/a,n/a,n/a,n/a,n/a,n/a,
x,x,HFE-43-10pccc124,n/a,n/a,n/a,n/a,n/a,n/a,n/a,n/a,1.87E+03,n/a,n/a,n/a,n/a,n/a,n/a,n/a,n/a,n/a,n/a,n/a,n/a,n/a,n/a,n/a,n/a,n/a,
x,x,HFE-236ca12,n/a,n/a,n/a,n/a,n/a,n/a,n/a,n/a,2.80E+03,n/a,n/a,n/a,n/a,n/a,n/a,n/a,n/a,n/a,n/a,n/a,n/a,n/a,n/a,n/a,n/a,n/a,
x,x,PFPMIE,n/a,n/a,n/a,n/a,n/a,n/a,n/a,n/a,1.03E+04,n/a,n/a,n/a,n/a,n/a,n/a,n/a,n/a,n/a,n/a,n/a,n/a,n/a,n/a,n/a,n/a,n/a,
x,x,"PROPANE, PERFLUOROCYCLO-",n/a,n/a,n/a,n/a,n/a,n/a,n/a,n/a,1.73E+04,n/a,n/a,n/a,n/a,n/a,n/a,n/a,n/a,n/a,n/a,n/a,n/a,n/a,n/a,n/a,n/a,n/a,
x,x,TRIFLUOROMETHYL SULFUR PENTAFLUORIDE,n/a,n/a,n/a,n/a,n/a,n/a,n/a,n/a,1.77E+04,n/a,n/a,n/a,n/a,n/a,n/a,n/a,n/a,n/a,n/a,n/a,n/a,n/a,n/a,n/a,n/a,n/a,
x,x,SULFUR OXIDES (SOX),1.00E+00,n/a,n/a,n/a,n/a,n/a,n/a,n/a,n/a,n/a,n/a,n/a,n/a,n/a,n/a,n/a,n/a,n/a,n/a,n/a,n/a,n/a,n/a,n/a,n/a,n/a,
x,x,PM10,n/a,n/a,n/a,n/a,n/a,n/a,n/a,n/a,n/a,n/a,n/a,n/a,n/a,n/a,n/a,n/a,n/a,n/a,n/a,n/a,n/a,n/a,n/a,2.28E-01,n/a,n/a,
x,x,TSP,n/a,n/a,n/a,n/a,n/a,n/a,n/a,n/a,n/a,n/a,n/a,n/a,n/a,n/a,n/a,n/a,n/a,n/a,n/a,n/a,n/a,n/a,n/a,2.28E-01,n/a,n/a,
x,x,PM2.5,n/a,n/a,n/a,n/a,n/a,n/a,n/a,n/a,n/a,n/a,n/a,n/a,n/a,n/a,n/a,n/a,n/a,n/a,n/a,n/a,n/a,n/a,n/a,1.00E+00,n/a,n/a,
x,x,C3H4FBR3,n/a,n/a,n/a,n/a,n/a,n/a,n/a,n/a,n/a,n/a,n/a,n/a,n/a,n/a,n/a,n/a,n/a,n/a,n/a,n/a,n/a,n/a,n/a,n/a,1.65E-01,n/a,
x,x,C3H5FBR2,n/a,n/a,n/a,n/a,n/a,n/a,n/a,n/a,n/a,n/a,n/a,n/a,n/a,n/a,n/a,n/a,n/a,n/a,n/a,n/a,n/a,n/a,n/a,n/a,2.20E-01,n/a,
x,x,C3H4F3BR,n/a,n/a,n/a,n/a,n/a,n/a,n/a,n/a,n/a,n/a,n/a,n/a,n/a,n/a,n/a,n/a,n/a,n/a,n/a,n/a,n/a,n/a,n/a,n/a,4.35E-01,n/a,
x,x,C3H5F2BR,n/a,n/a,n/a,n/a,n/a,n/a,n/a,n/a,n/a,n/a,n/a,n/a,n/a,n/a,n/a,n/a,n/a,n/a,n/a,n/a,n/a,n/a,n/a,n/a,4.35E-01,n/a,
x,x,C3H2F5BR,n/a,n/a,n/a,n/a,n/a,n/a,n/a,n/a,n/a,n/a,n/a,n/a,n/a,n/a,n/a,n/a,n/a,n/a,n/a,n/a,n/a,n/a,n/a,n/a,5.20E-01,n/a,
x,x,C2HFBR4,n/a,n/a,n/a,n/a,n/a,n/a,n/a,n/a,n/a,n/a,n/a,n/a,n/a,n/a,n/a,n/a,n/a,n/a,n/a,n/a,n/a,n/a,n/a,n/a,5.50E-01,n/a,
x,x,C2H2FBR3,n/a,n/a,n/a,n/a,n/a,n/a,n/a,n/a,n/a,n/a,n/a,n/a,n/a,n/a,n/a,n/a,n/a,n/a,n/a,n/a,n/a,n/a,n/a,n/a,6.00E-01,n/a,
x,x,C3HFBR6,n/a,n/a,n/a,n/a,n/a,n/a,n/a,n/a,n/a,n/a,n/a,n/a,n/a,n/a,n/a,n/a,n/a,n/a,n/a,n/a,n/a,n/a,n/a,n/a,9.00E-01,n/a,
x,x,C3H3FBR4,n/a,n/a,n/a,n/a,n/a,n/a,n/a,n/a,n/a,n/a,n/a,n/a,n/a,n/a,n/a,n/a,n/a,n/a,n/a,n/a,n/a,n/a,n/a,n/a,9.90E-01,n/a,
x,x,C3HF2BR5,n/a,n/a,n/a,n/a,n/a,n/a,n/a,n/a,n/a,n/a,n/a,n/a,n/a,n/a,n/a,n/a,n/a,n/a,n/a,n/a,n/a,n/a,n/a,n/a,1.05E+00,n/a,
x,x,C3HF3BR4,n/a,n/a,n/a,n/a,n/a,n/a,n/a,n/a,n/a,n/a,n/a,n/a,n/a,n/a,n/a,n/a,n/a,n/a,n/a,n/a,n/a,n/a,n/a,n/a,1.05E+00,n/a,
x,x,C2HF2BR3,n/a,n/a,n/a,n/a,n/a,n/a,n/a,n/a,n/a,n/a,n/a,n/a,n/a,n/a,n/a,n/a,n/a,n/a,n/a,n/a,n/a,n/a,n/a,n/a,1.15E+00,n/a,
x,x,C3H2F2BR4,n/a,n/a,n/a,n/a,n/a,n/a,n/a,n/a,n/a,n/a,n/a,n/a,n/a,n/a,n/a,n/a,n/a,n/a,n/a,n/a,n/a,n/a,n/a,n/a,1.15E+00,n/a,
x,x,C3H3F3BR2,n/a,n/a,n/a,n/a,n/a,n/a,n/a,n/a,n/a,n/a,n/a,n/a,n/a,n/a,n/a,n/a,n/a,n/a,n/a,n/a,n/a,n/a,n/a,n/a,1.30E+00,n/a,
x,x,C3HF4BR3,n/a,n/a,n/a,n/a,n/a,n/a,n/a,n/a,n/a,n/a,n/a,n/a,n/a,n/a,n/a,n/a,n/a,n/a,n/a,n/a,n/a,n/a,n/a,n/a,1.35E+00,n/a,
x,x,C3HF5BR2,n/a,n/a,n/a,n/a,n/a,n/a,n/a,n/a,n/a,n/a,n/a,n/a,n/a,n/a,n/a,n/a,n/a,n/a,n/a,n/a,n/a,n/a,n/a,n/a,1.45E+00,n/a,
x,x,C3H3F2BR3,n/a,n/a,n/a,n/a,n/a,n/a,n/a,n/a,n/a,n/a,n/a,n/a,n/a,n/a,n/a,n/a,n/a,n/a,n/a,n/a,n/a,n/a,n/a,n/a,1.60E+00,n/a,
x,x,C3H2FBR5,n/a,n/a,n/a,n/a,n/a,n/a,n/a,n/a,n/a,n/a,n/a,n/a,n/a,n/a,n/a,n/a,n/a,n/a,n/a,n/a,n/a,n/a,n/a,n/a,1.90E+00,n/a,
x,x,C3HF6BR,n/a,n/a,n/a,n/a,n/a,n/a,n/a,n/a,n/a,n/a,n/a,n/a,n/a,n/a,n/a,n/a,n/a,n/a,n/a,n/a,n/a,n/a,n/a,n/a,2.00E+00,n/a,
x,x,C3H3F4BR,n/a,n/a,n/a,n/a,n/a,n/a,n/a,n/a,n/a,n/a,n/a,n/a,n/a,n/a,n/a,n/a,n/a,n/a,n/a,n/a,n/a,n/a,n/a,n/a,2.35E+00,n/a,
x,x,"1,2,3-TRIBROMO-3,3-DIFLUOROPROPANE",n/a,n/a,n/a,n/a,n/a,n/a,n/a,n/a,n/a,n/a,n/a,n/a,n/a,n/a,n/a,n/a,n/a,n/a,n/a,n/a,n/a,n/a,n/a,n/a,3.10E+00,n/a,
x,x,C3H2F4BR2,n/a,n/a,n/a,n/a,n/a,n/a,n/a,n/a,n/a,n/a,n/a,n/a,n/a,n/a,n/a,n/a,n/a,n/a,n/a,n/a,n/a,n/a,n/a,n/a,3.90E+00,n/a,
x,x,"1,3-DIBROMO-1,1,3,3-TETRAFLUOROPROPANE ",n/a,n/a,n/a,n/a,n/a,n/a,n/a,n/a,n/a,n/a,n/a,n/a,n/a,n/a,n/a,n/a,n/a,n/a,n/a,n/a,n/a,n/a,n/a,n/a,7.50E+00,n/a,
x,x,BRANCHED C22 ALKANES,n/a,n/a,n/a,n/a,n/a,n/a,n/a,n/a,n/a,n/a,n/a,n/a,n/a,n/a,n/a,n/a,n/a,n/a,n/a,n/a,n/a,n/a,n/a,n/a,n/a,3.43E-01,
x,x,BRANCHED C21 ALKANES,n/a,n/a,n/a,n/a,n/a,n/a,n/a,n/a,n/a,n/a,n/a,n/a,n/a,n/a,n/a,n/a,n/a,n/a,n/a,n/a,n/a,n/a,n/a,n/a,n/a,3.60E-01,
x,x,BRANCHED C20 ALKANES,n/a,n/a,n/a,n/a,n/a,n/a,n/a,n/a,n/a,n/a,n/a,n/a,n/a,n/a,n/a,n/a,n/a,n/a,n/a,n/a,n/a,n/a,n/a,n/a,n/a,3.78E-01,
x,x,BRANCHED C19 ALKANES,n/a,n/a,n/a,n/a,n/a,n/a,n/a,n/a,n/a,n/a,n/a,n/a,n/a,n/a,n/a,n/a,n/a,n/a,n/a,n/a,n/a,n/a,n/a,n/a,n/a,3.97E-01,
x,x,C22 CYCLOALKANES,n/a,n/a,n/a,n/a,n/a,n/a,n/a,n/a,n/a,n/a,n/a,n/a,n/a,n/a,n/a,n/a,n/a,n/a,n/a,n/a,n/a,n/a,n/a,n/a,n/a,4.00E-01,
x,x,C21 CYCLOALKANES,n/a,n/a,n/a,n/a,n/a,n/a,n/a,n/a,n/a,n/a,n/a,n/a,n/a,n/a,n/a,n/a,n/a,n/a,n/a,n/a,n/a,n/a,n/a,n/a,n/a,4.19E-01,
x,x,BRANCHED C18 ALKANES,n/a,n/a,n/a,n/a,n/a,n/a,n/a,n/a,n/a,n/a,n/a,n/a,n/a,n/a,n/a,n/a,n/a,n/a,n/a,n/a,n/a,n/a,n/a,n/a,n/a,4.19E-01,
x,x,C22 BICYCLOALKANES,n/a,n/a,n/a,n/a,n/a,n/a,n/a,n/a,n/a,n/a,n/a,n/a,n/a,n/a,n/a,n/a,n/a,n/a,n/a,n/a,n/a,n/a,n/a,n/a,n/a,4.21E-01,
x,x,C22 TRICYCLOALKANES,n/a,n/a,n/a,n/a,n/a,n/a,n/a,n/a,n/a,n/a,n/a,n/a,n/a,n/a,n/a,n/a,n/a,n/a,n/a,n/a,n/a,n/a,n/a,n/a,n/a,4.24E-01,
x,x,"4,7,9-TRIMETHYL-DECYL ACETATE",n/a,n/a,n/a,n/a,n/a,n/a,n/a,n/a,n/a,n/a,n/a,n/a,n/a,n/a,n/a,n/a,n/a,n/a,n/a,n/a,n/a,n/a,n/a,n/a,n/a,4.24E-01,
x,x,UNSPECIATED C18 ALKANES,n/a,n/a,n/a,n/a,n/a,n/a,n/a,n/a,n/a,n/a,n/a,n/a,n/a,n/a,n/a,n/a,n/a,n/a,n/a,n/a,n/a,n/a,n/a,n/a,n/a,4.35E-01,
x,x,C20 CYCLOALKANES,n/a,n/a,n/a,n/a,n/a,n/a,n/a,n/a,n/a,n/a,n/a,n/a,n/a,n/a,n/a,n/a,n/a,n/a,n/a,n/a,n/a,n/a,n/a,n/a,n/a,4.40E-01,
x,x,C21 BICYCLOALKANES,n/a,n/a,n/a,n/a,n/a,n/a,n/a,n/a,n/a,n/a,n/a,n/a,n/a,n/a,n/a,n/a,n/a,n/a,n/a,n/a,n/a,n/a,n/a,n/a,n/a,4.41E-01,
x,x,BRANCHED C17 ALKANES,n/a,n/a,n/a,n/a,n/a,n/a,n/a,n/a,n/a,n/a,n/a,n/a,n/a,n/a,n/a,n/a,n/a,n/a,n/a,n/a,n/a,n/a,n/a,n/a,n/a,4.44E-01,
x,x,C21 TRICYCLOALKANES,n/a,n/a,n/a,n/a,n/a,n/a,n/a,n/a,n/a,n/a,n/a,n/a,n/a,n/a,n/a,n/a,n/a,n/a,n/a,n/a,n/a,n/a,n/a,n/a,n/a,4.44E-01,
x,x,UNSPECIATED C17 ALKANES,n/a,n/a,n/a,n/a,n/a,n/a,n/a,n/a,n/a,n/a,n/a,n/a,n/a,n/a,n/a,n/a,n/a,n/a,n/a,n/a,n/a,n/a,n/a,n/a,n/a,4.61E-01,
x,x,C19 CYCLOALKANES,n/a,n/a,n/a,n/a,n/a,n/a,n/a,n/a,n/a,n/a,n/a,n/a,n/a,n/a,n/a,n/a,n/a,n/a,n/a,n/a,n/a,n/a,n/a,n/a,n/a,4.63E-01,
x,x,C20 BICYCLOALKANES,n/a,n/a,n/a,n/a,n/a,n/a,n/a,n/a,n/a,n/a,n/a,n/a,n/a,n/a,n/a,n/a,n/a,n/a,n/a,n/a,n/a,n/a,n/a,n/a,n/a,4.63E-01,
x,x,C20 TRICYCLOALKANES,n/a,n/a,n/a,n/a,n/a,n/a,n/a,n/a,n/a,n/a,n/a,n/a,n/a,n/a,n/a,n/a,n/a,n/a,n/a,n/a,n/a,n/a,n/a,n/a,n/a,4.67E-01,
x,x,BRANCHED C16 ALKANES,n/a,n/a,n/a,n/a,n/a,n/a,n/a,n/a,n/a,n/a,n/a,n/a,n/a,n/a,n/a,n/a,n/a,n/a,n/a,n/a,n/a,n/a,n/a,n/a,n/a,4.71E-01,
x,x,"3,5,7,9-TETRAMETHYL-DECYL ACETATE",n/a,n/a,n/a,n/a,n/a,n/a,n/a,n/a,n/a,n/a,n/a,n/a,n/a,n/a,n/a,n/a,n/a,n/a,n/a,n/a,n/a,n/a,n/a,n/a,n/a,4.80E-01,
x,x,CARB HYDROCARBON BIN 17,n/a,n/a,n/a,n/a,n/a,n/a,n/a,n/a,n/a,n/a,n/a,n/a,n/a,n/a,n/a,n/a,n/a,n/a,n/a,n/a,n/a,n/a,n/a,n/a,n/a,4.81E-01,
x,x,C19 BICYCLOALKANES,n/a,n/a,n/a,n/a,n/a,n/a,n/a,n/a,n/a,n/a,n/a,n/a,n/a,n/a,n/a,n/a,n/a,n/a,n/a,n/a,n/a,n/a,n/a,n/a,n/a,4.88E-01,
x,x,C18 CYCLOALKANES,n/a,n/a,n/a,n/a,n/a,n/a,n/a,n/a,n/a,n/a,n/a,n/a,n/a,n/a,n/a,n/a,n/a,n/a,n/a,n/a,n/a,n/a,n/a,n/a,n/a,4.89E-01,
x,x,UNSPECIATED C16 ALKANES,n/a,n/a,n/a,n/a,n/a,n/a,n/a,n/a,n/a,n/a,n/a,n/a,n/a,n/a,n/a,n/a,n/a,n/a,n/a,n/a,n/a,n/a,n/a,n/a,n/a,4.89E-01,
x,x,C19 TRICYCLOALKANES,n/a,n/a,n/a,n/a,n/a,n/a,n/a,n/a,n/a,n/a,n/a,n/a,n/a,n/a,n/a,n/a,n/a,n/a,n/a,n/a,n/a,n/a,n/a,n/a,n/a,4.92E-01,
x,x,BRANCHED C15 ALKANES,n/a,n/a,n/a,n/a,n/a,n/a,n/a,n/a,n/a,n/a,n/a,n/a,n/a,n/a,n/a,n/a,n/a,n/a,n/a,n/a,n/a,n/a,n/a,n/a,n/a,5.02E-01,
x,x,1-METHYL-2-OCTYL CYCLOHEXANE,n/a,n/a,n/a,n/a,n/a,n/a,n/a,n/a,n/a,n/a,n/a,n/a,n/a,n/a,n/a,n/a,n/a,n/a,n/a,n/a,n/a,n/a,n/a,n/a,n/a,5.02E-01,
x,x,"4,7-DIMETHYL-NONYL ACETATE",n/a,n/a,n/a,n/a,n/a,n/a,n/a,n/a,n/a,n/a,n/a,n/a,n/a,n/a,n/a,n/a,n/a,n/a,n/a,n/a,n/a,n/a,n/a,n/a,n/a,5.04E-01,
x,x,"2,4,6,8-TETRAMETHYL-NONYL ACETATE",n/a,n/a,n/a,n/a,n/a,n/a,n/a,n/a,n/a,n/a,n/a,n/a,n/a,n/a,n/a,n/a,n/a,n/a,n/a,n/a,n/a,n/a,n/a,n/a,n/a,5.07E-01,
x,x,C18 BICYCLOALKANES,n/a,n/a,n/a,n/a,n/a,n/a,n/a,n/a,n/a,n/a,n/a,n/a,n/a,n/a,n/a,n/a,n/a,n/a,n/a,n/a,n/a,n/a,n/a,n/a,n/a,5.15E-01,
x,x,C17 CYCLOALKANES,n/a,n/a,n/a,n/a,n/a,n/a,n/a,n/a,n/a,n/a,n/a,n/a,n/a,n/a,n/a,n/a,n/a,n/a,n/a,n/a,n/a,n/a,n/a,n/a,n/a,5.17E-01,
x,x,C18 TRICYCLOALKANES,n/a,n/a,n/a,n/a,n/a,n/a,n/a,n/a,n/a,n/a,n/a,n/a,n/a,n/a,n/a,n/a,n/a,n/a,n/a,n/a,n/a,n/a,n/a,n/a,n/a,5.20E-01,
x,x,CARB HYDROCARBON BIN 16,n/a,n/a,n/a,n/a,n/a,n/a,n/a,n/a,n/a,n/a,n/a,n/a,n/a,n/a,n/a,n/a,n/a,n/a,n/a,n/a,n/a,n/a,n/a,n/a,n/a,5.22E-01,
x,x,2-METHYLOCTYL ACETATE,n/a,n/a,n/a,n/a,n/a,n/a,n/a,n/a,n/a,n/a,n/a,n/a,n/a,n/a,n/a,n/a,n/a,n/a,n/a,n/a,n/a,n/a,n/a,n/a,n/a,5.22E-01,
x,x,"2,7-DIMETHYL 3,5-DIISOPROPYL HEPTANE",n/a,n/a,n/a,n/a,n/a,n/a,n/a,n/a,n/a,n/a,n/a,n/a,n/a,n/a,n/a,n/a,n/a,n/a,n/a,n/a,n/a,n/a,n/a,n/a,n/a,5.24E-01,
x,x,UNSPECIATED C15 ALKANES,n/a,n/a,n/a,n/a,n/a,n/a,n/a,n/a,n/a,n/a,n/a,n/a,n/a,n/a,n/a,n/a,n/a,n/a,n/a,n/a,n/a,n/a,n/a,n/a,n/a,5.36E-01,
x,x,3-ISOPROPYL-HEPTYL ACETATE,n/a,n/a,n/a,n/a,n/a,n/a,n/a,n/a,n/a,n/a,n/a,n/a,n/a,n/a,n/a,n/a,n/a,n/a,n/a,n/a,n/a,n/a,n/a,n/a,n/a,5.44E-01,
x,x,OXO-TRIDECYL ACETATE,n/a,n/a,n/a,n/a,n/a,n/a,n/a,n/a,n/a,n/a,n/a,n/a,n/a,n/a,n/a,n/a,n/a,n/a,n/a,n/a,n/a,n/a,n/a,n/a,n/a,5.45E-01,
x,x,C17 BICYCLOALKANES,n/a,n/a,n/a,n/a,n/a,n/a,n/a,n/a,n/a,n/a,n/a,n/a,n/a,n/a,n/a,n/a,n/a,n/a,n/a,n/a,n/a,n/a,n/a,n/a,n/a,5.46E-01,
x,x,C16 CYCLOALKANES,n/a,n/a,n/a,n/a,n/a,n/a,n/a,n/a,n/a,n/a,n/a,n/a,n/a,n/a,n/a,n/a,n/a,n/a,n/a,n/a,n/a,n/a,n/a,n/a,n/a,5.50E-01,
x,x,BRANCHED C14 ALKANES,n/a,n/a,n/a,n/a,n/a,n/a,n/a,n/a,n/a,n/a,n/a,n/a,n/a,n/a,n/a,n/a,n/a,n/a,n/a,n/a,n/a,n/a,n/a,n/a,n/a,5.50E-01,
x,x,C17 TRICYCLOALKANES,n/a,n/a,n/a,n/a,n/a,n/a,n/a,n/a,n/a,n/a,n/a,n/a,n/a,n/a,n/a,n/a,n/a,n/a,n/a,n/a,n/a,n/a,n/a,n/a,n/a,5.51E-01,
x,x,"3,7-DIMETHYL TRIDECANE",n/a,n/a,n/a,n/a,n/a,n/a,n/a,n/a,n/a,n/a,n/a,n/a,n/a,n/a,n/a,n/a,n/a,n/a,n/a,n/a,n/a,n/a,n/a,n/a,n/a,5.53E-01,
x,x,"2-METHYL 3,5-DIISOPROPYL HEPTANE",n/a,n/a,n/a,n/a,n/a,n/a,n/a,n/a,n/a,n/a,n/a,n/a,n/a,n/a,n/a,n/a,n/a,n/a,n/a,n/a,n/a,n/a,n/a,n/a,n/a,5.55E-01,
x,x,5-METHYLOCTYL ACETATE,n/a,n/a,n/a,n/a,n/a,n/a,n/a,n/a,n/a,n/a,n/a,n/a,n/a,n/a,n/a,n/a,n/a,n/a,n/a,n/a,n/a,n/a,n/a,n/a,n/a,5.58E-01,
x,x,UNSPECIATED C14 ALKANES,n/a,n/a,n/a,n/a,n/a,n/a,n/a,n/a,n/a,n/a,n/a,n/a,n/a,n/a,n/a,n/a,n/a,n/a,n/a,n/a,n/a,n/a,n/a,n/a,n/a,5.71E-01,
x,x,EXXON ISOPAR® M FLUID,n/a,n/a,n/a,n/a,n/a,n/a,n/a,n/a,n/a,n/a,n/a,n/a,n/a,n/a,n/a,n/a,n/a,n/a,n/a,n/a,n/a,n/a,n/a,n/a,n/a,5.73E-01,
x,x,C16 BICYCLOALKANES,n/a,n/a,n/a,n/a,n/a,n/a,n/a,n/a,n/a,n/a,n/a,n/a,n/a,n/a,n/a,n/a,n/a,n/a,n/a,n/a,n/a,n/a,n/a,n/a,n/a,5.80E-01,
x,x,C16 TRICYCLOALKANES,n/a,n/a,n/a,n/a,n/a,n/a,n/a,n/a,n/a,n/a,n/a,n/a,n/a,n/a,n/a,n/a,n/a,n/a,n/a,n/a,n/a,n/a,n/a,n/a,n/a,5.86E-01,
x,x,"3,6,8-TRIMETHYL-NONYL ACETATE",n/a,n/a,n/a,n/a,n/a,n/a,n/a,n/a,n/a,n/a,n/a,n/a,n/a,n/a,n/a,n/a,n/a,n/a,n/a,n/a,n/a,n/a,n/a,n/a,n/a,5.86E-01,
x,x,OXO-DODECYL ACETATE,n/a,n/a,n/a,n/a,n/a,n/a,n/a,n/a,n/a,n/a,n/a,n/a,n/a,n/a,n/a,n/a,n/a,n/a,n/a,n/a,n/a,n/a,n/a,n/a,n/a,5.86E-01,
x,x,5-METHYLHEXYL ACETATE,n/a,n/a,n/a,n/a,n/a,n/a,n/a,n/a,n/a,n/a,n/a,n/a,n/a,n/a,n/a,n/a,n/a,n/a,n/a,n/a,n/a,n/a,n/a,n/a,n/a,5.94E-01,
x,x,BRANCHED C13 ALKANES,n/a,n/a,n/a,n/a,n/a,n/a,n/a,n/a,n/a,n/a,n/a,n/a,n/a,n/a,n/a,n/a,n/a,n/a,n/a,n/a,n/a,n/a,n/a,n/a,n/a,5.98E-01,
x,x,EXXON EXXOL® D95 FLUID,n/a,n/a,n/a,n/a,n/a,n/a,n/a,n/a,n/a,n/a,n/a,n/a,n/a,n/a,n/a,n/a,n/a,n/a,n/a,n/a,n/a,n/a,n/a,n/a,n/a,5.99E-01,
x,x,CARB HYDROCARBON BIN 18,n/a,n/a,n/a,n/a,n/a,n/a,n/a,n/a,n/a,n/a,n/a,n/a,n/a,n/a,n/a,n/a,n/a,n/a,n/a,n/a,n/a,n/a,n/a,n/a,n/a,6.03E-01,
x,x,UNSPECIATED C13 ALKANES,n/a,n/a,n/a,n/a,n/a,n/a,n/a,n/a,n/a,n/a,n/a,n/a,n/a,n/a,n/a,n/a,n/a,n/a,n/a,n/a,n/a,n/a,n/a,n/a,n/a,6.07E-01,
x,x,5-METHYL-HEPTYL ACETATE,n/a,n/a,n/a,n/a,n/a,n/a,n/a,n/a,n/a,n/a,n/a,n/a,n/a,n/a,n/a,n/a,n/a,n/a,n/a,n/a,n/a,n/a,n/a,n/a,n/a,6.10E-01,
x,x,"3-ETHYL-6,7-DIMETHYL-NONYL ACETATE",n/a,n/a,n/a,n/a,n/a,n/a,n/a,n/a,n/a,n/a,n/a,n/a,n/a,n/a,n/a,n/a,n/a,n/a,n/a,n/a,n/a,n/a,n/a,n/a,n/a,6.12E-01,
x,x,4-METHYLOCTYL ACETATE,n/a,n/a,n/a,n/a,n/a,n/a,n/a,n/a,n/a,n/a,n/a,n/a,n/a,n/a,n/a,n/a,n/a,n/a,n/a,n/a,n/a,n/a,n/a,n/a,n/a,6.13E-01,
x,x,C15 CYCLOALKANES,n/a,n/a,n/a,n/a,n/a,n/a,n/a,n/a,n/a,n/a,n/a,n/a,n/a,n/a,n/a,n/a,n/a,n/a,n/a,n/a,n/a,n/a,n/a,n/a,n/a,6.13E-01,
x,x,CARB HYDROCARBON BIN 12,n/a,n/a,n/a,n/a,n/a,n/a,n/a,n/a,n/a,n/a,n/a,n/a,n/a,n/a,n/a,n/a,n/a,n/a,n/a,n/a,n/a,n/a,n/a,n/a,n/a,6.16E-01,
x,x,"3,5,7-TRIMETHYL-NONYL ACETATE",n/a,n/a,n/a,n/a,n/a,n/a,n/a,n/a,n/a,n/a,n/a,n/a,n/a,n/a,n/a,n/a,n/a,n/a,n/a,n/a,n/a,n/a,n/a,n/a,n/a,6.17E-01,
x,x,C15 BICYCLOALKANES,n/a,n/a,n/a,n/a,n/a,n/a,n/a,n/a,n/a,n/a,n/a,n/a,n/a,n/a,n/a,n/a,n/a,n/a,n/a,n/a,n/a,n/a,n/a,n/a,n/a,6.19E-01,
x,x,"2,3,5,7-TETRAMETHYL-OCTYL ACETATE",n/a,n/a,n/a,n/a,n/a,n/a,n/a,n/a,n/a,n/a,n/a,n/a,n/a,n/a,n/a,n/a,n/a,n/a,n/a,n/a,n/a,n/a,n/a,n/a,n/a,6.21E-01,
x,x,C15 TRICYCLOALKANES,n/a,n/a,n/a,n/a,n/a,n/a,n/a,n/a,n/a,n/a,n/a,n/a,n/a,n/a,n/a,n/a,n/a,n/a,n/a,n/a,n/a,n/a,n/a,n/a,n/a,6.25E-01,
x,x,3-ETHYL-6-METHYL-OCTYL ACETATE,n/a,n/a,n/a,n/a,n/a,n/a,n/a,n/a,n/a,n/a,n/a,n/a,n/a,n/a,n/a,n/a,n/a,n/a,n/a,n/a,n/a,n/a,n/a,n/a,n/a,6.28E-01,
x,x,"2,6,8-TRIMETHYL 4-ISOPROPYL NONANE",n/a,n/a,n/a,n/a,n/a,n/a,n/a,n/a,n/a,n/a,n/a,n/a,n/a,n/a,n/a,n/a,n/a,n/a,n/a,n/a,n/a,n/a,n/a,n/a,n/a,6.28E-01,
x,x,3-ETHYL-HEPTYL ACETATE,n/a,n/a,n/a,n/a,n/a,n/a,n/a,n/a,n/a,n/a,n/a,n/a,n/a,n/a,n/a,n/a,n/a,n/a,n/a,n/a,n/a,n/a,n/a,n/a,n/a,6.30E-01,
x,x,BRANCHED C12 ALKANES,n/a,n/a,n/a,n/a,n/a,n/a,n/a,n/a,n/a,n/a,n/a,n/a,n/a,n/a,n/a,n/a,n/a,n/a,n/a,n/a,n/a,n/a,n/a,n/a,n/a,6.33E-01,
x,x,C14 CYCLOALKANES,n/a,n/a,n/a,n/a,n/a,n/a,n/a,n/a,n/a,n/a,n/a,n/a,n/a,n/a,n/a,n/a,n/a,n/a,n/a,n/a,n/a,n/a,n/a,n/a,n/a,6.50E-01,
x,x,"2,3,5,6,8-PENTAMETHYL-NONYL ACETATE",n/a,n/a,n/a,n/a,n/a,n/a,n/a,n/a,n/a,n/a,n/a,n/a,n/a,n/a,n/a,n/a,n/a,n/a,n/a,n/a,n/a,n/a,n/a,n/a,n/a,6.53E-01,
x,x,"3,5,7-TRIMETHYL-OCTYL ACETATE",n/a,n/a,n/a,n/a,n/a,n/a,n/a,n/a,n/a,n/a,n/a,n/a,n/a,n/a,n/a,n/a,n/a,n/a,n/a,n/a,n/a,n/a,n/a,n/a,n/a,6.56E-01,
x,x,C14 BICYCLOALKANES,n/a,n/a,n/a,n/a,n/a,n/a,n/a,n/a,n/a,n/a,n/a,n/a,n/a,n/a,n/a,n/a,n/a,n/a,n/a,n/a,n/a,n/a,n/a,n/a,n/a,6.57E-01,
x,x,4-METHYL-HEPTYL ACETATE,n/a,n/a,n/a,n/a,n/a,n/a,n/a,n/a,n/a,n/a,n/a,n/a,n/a,n/a,n/a,n/a,n/a,n/a,n/a,n/a,n/a,n/a,n/a,n/a,n/a,6.57E-01,
x,x,UNSPECIATED C12 ALKANES,n/a,n/a,n/a,n/a,n/a,n/a,n/a,n/a,n/a,n/a,n/a,n/a,n/a,n/a,n/a,n/a,n/a,n/a,n/a,n/a,n/a,n/a,n/a,n/a,n/a,6.61E-01,
x,x,CARB HYDROCARBON BIN 19,n/a,n/a,n/a,n/a,n/a,n/a,n/a,n/a,n/a,n/a,n/a,n/a,n/a,n/a,n/a,n/a,n/a,n/a,n/a,n/a,n/a,n/a,n/a,n/a,n/a,6.63E-01,
x,x,C14 TRICYCLOALKANES,n/a,n/a,n/a,n/a,n/a,n/a,n/a,n/a,n/a,n/a,n/a,n/a,n/a,n/a,n/a,n/a,n/a,n/a,n/a,n/a,n/a,n/a,n/a,n/a,n/a,6.64E-01,
x,x,"1,3-DIETHYL-5-PENTYL CYCLOHEXANE",n/a,n/a,n/a,n/a,n/a,n/a,n/a,n/a,n/a,n/a,n/a,n/a,n/a,n/a,n/a,n/a,n/a,n/a,n/a,n/a,n/a,n/a,n/a,n/a,n/a,6.64E-01,
x,x,3-METHYL-HEPTYL ACETATE,n/a,n/a,n/a,n/a,n/a,n/a,n/a,n/a,n/a,n/a,n/a,n/a,n/a,n/a,n/a,n/a,n/a,n/a,n/a,n/a,n/a,n/a,n/a,n/a,n/a,6.73E-01,
x,x,"4,5-DIMETHYL-HEXYL ACETATE",n/a,n/a,n/a,n/a,n/a,n/a,n/a,n/a,n/a,n/a,n/a,n/a,n/a,n/a,n/a,n/a,n/a,n/a,n/a,n/a,n/a,n/a,n/a,n/a,n/a,6.82E-01,
x,x,"2,4-DIMETHYL-HEPTYL ACETATE",n/a,n/a,n/a,n/a,n/a,n/a,n/a,n/a,n/a,n/a,n/a,n/a,n/a,n/a,n/a,n/a,n/a,n/a,n/a,n/a,n/a,n/a,n/a,n/a,n/a,6.84E-01,
x,x,"4,5-DIMETHYL-HEPTYL ACETATE",n/a,n/a,n/a,n/a,n/a,n/a,n/a,n/a,n/a,n/a,n/a,n/a,n/a,n/a,n/a,n/a,n/a,n/a,n/a,n/a,n/a,n/a,n/a,n/a,n/a,6.86E-01,
x,x,2-METHYLHEXYL ACETATE,n/a,n/a,n/a,n/a,n/a,n/a,n/a,n/a,n/a,n/a,n/a,n/a,n/a,n/a,n/a,n/a,n/a,n/a,n/a,n/a,n/a,n/a,n/a,n/a,n/a,6.93E-01,
x,x,C13 CYCLOALKANES,n/a,n/a,n/a,n/a,n/a,n/a,n/a,n/a,n/a,n/a,n/a,n/a,n/a,n/a,n/a,n/a,n/a,n/a,n/a,n/a,n/a,n/a,n/a,n/a,n/a,6.97E-01,
x,x,CARB HYDROCARBON BIN 11,n/a,n/a,n/a,n/a,n/a,n/a,n/a,n/a,n/a,n/a,n/a,n/a,n/a,n/a,n/a,n/a,n/a,n/a,n/a,n/a,n/a,n/a,n/a,n/a,n/a,6.98E-01,
x,x,OXO-DECYL ACETATE,n/a,n/a,n/a,n/a,n/a,n/a,n/a,n/a,n/a,n/a,n/a,n/a,n/a,n/a,n/a,n/a,n/a,n/a,n/a,n/a,n/a,n/a,n/a,n/a,n/a,7.01E-01,
x,x,"SAFETY-KLEEN MINERAL SPIRITS ""B"" (TYPE II-C)",n/a,n/a,n/a,n/a,n/a,n/a,n/a,n/a,n/a,n/a,n/a,n/a,n/a,n/a,n/a,n/a,n/a,n/a,n/a,n/a,n/a,n/a,n/a,n/a,n/a,7.01E-01,
x,x,C13 BICYCLOALKANES,n/a,n/a,n/a,n/a,n/a,n/a,n/a,n/a,n/a,n/a,n/a,n/a,n/a,n/a,n/a,n/a,n/a,n/a,n/a,n/a,n/a,n/a,n/a,n/a,n/a,7.05E-01,
x,x,"SAFETY-KLEEN MINERAL SPIRITS ""D"" (TYPE II-C)",n/a,n/a,n/a,n/a,n/a,n/a,n/a,n/a,n/a,n/a,n/a,n/a,n/a,n/a,n/a,n/a,n/a,n/a,n/a,n/a,n/a,n/a,n/a,n/a,n/a,7.07E-01,
x,x,"SAFETY-KLEEN MINERAL SPIRITS ""C"" (TYPE II-C)",n/a,n/a,n/a,n/a,n/a,n/a,n/a,n/a,n/a,n/a,n/a,n/a,n/a,n/a,n/a,n/a,n/a,n/a,n/a,n/a,n/a,n/a,n/a,n/a,n/a,7.08E-01,
x,x,"2,3-DIMETHYL-HEPTYL ACETATE",n/a,n/a,n/a,n/a,n/a,n/a,n/a,n/a,n/a,n/a,n/a,n/a,n/a,n/a,n/a,n/a,n/a,n/a,n/a,n/a,n/a,n/a,n/a,n/a,n/a,7.13E-01,
x,x,C13 TRICYCLOALKANES,n/a,n/a,n/a,n/a,n/a,n/a,n/a,n/a,n/a,n/a,n/a,n/a,n/a,n/a,n/a,n/a,n/a,n/a,n/a,n/a,n/a,n/a,n/a,n/a,n/a,7.13E-01,
x,x,OXO-NONYL ACETATE,n/a,n/a,n/a,n/a,n/a,n/a,n/a,n/a,n/a,n/a,n/a,n/a,n/a,n/a,n/a,n/a,n/a,n/a,n/a,n/a,n/a,n/a,n/a,n/a,n/a,7.16E-01,
x,x,BRANCHED C11 ALKANES,n/a,n/a,n/a,n/a,n/a,n/a,n/a,n/a,n/a,n/a,n/a,n/a,n/a,n/a,n/a,n/a,n/a,n/a,n/a,n/a,n/a,n/a,n/a,n/a,n/a,7.25E-01,
x,x,TLEV EXHAUST -- CNG,n/a,n/a,n/a,n/a,n/a,n/a,n/a,n/a,n/a,n/a,n/a,n/a,n/a,n/a,n/a,n/a,n/a,n/a,n/a,n/a,n/a,n/a,n/a,n/a,n/a,7.27E-01,
x,x,UNSPECIATED C11 ALKANES,n/a,n/a,n/a,n/a,n/a,n/a,n/a,n/a,n/a,n/a,n/a,n/a,n/a,n/a,n/a,n/a,n/a,n/a,n/a,n/a,n/a,n/a,n/a,n/a,n/a,7.44E-01,
x,x,"2,3-DIMETHYLBUTYL ACETATE",n/a,n/a,n/a,n/a,n/a,n/a,n/a,n/a,n/a,n/a,n/a,n/a,n/a,n/a,n/a,n/a,n/a,n/a,n/a,n/a,n/a,n/a,n/a,n/a,n/a,7.46E-01,
x,x,"SYNTHETIC ISOPARAFFINIC ALKANE MIXTURE, PREDOMINATELY C10-C12",n/a,n/a,n/a,n/a,n/a,n/a,n/a,n/a,n/a,n/a,n/a,n/a,n/a,n/a,n/a,n/a,n/a,n/a,n/a,n/a,n/a,n/a,n/a,n/a,n/a,7.51E-01,
x,x,"1,3-PROPYL-5-BUTYL CYCLOHEXANE",n/a,n/a,n/a,n/a,n/a,n/a,n/a,n/a,n/a,n/a,n/a,n/a,n/a,n/a,n/a,n/a,n/a,n/a,n/a,n/a,n/a,n/a,n/a,n/a,n/a,7.54E-01,
x,x,"4,6-DIMETHYL-OCTYL ACETATE",n/a,n/a,n/a,n/a,n/a,n/a,n/a,n/a,n/a,n/a,n/a,n/a,n/a,n/a,n/a,n/a,n/a,n/a,n/a,n/a,n/a,n/a,n/a,n/a,n/a,7.63E-01,
x,x,"2,4-DIMETHYLHEXYL ACETATE",n/a,n/a,n/a,n/a,n/a,n/a,n/a,n/a,n/a,n/a,n/a,n/a,n/a,n/a,n/a,n/a,n/a,n/a,n/a,n/a,n/a,n/a,n/a,n/a,n/a,7.65E-01,
x,x,"5-ETHYL-3,6,8-TRIMETHYL-NONYL ACETATE",n/a,n/a,n/a,n/a,n/a,n/a,n/a,n/a,n/a,n/a,n/a,n/a,n/a,n/a,n/a,n/a,n/a,n/a,n/a,n/a,n/a,n/a,n/a,n/a,n/a,7.74E-01,
x,x,"3,6-DIMETHYL-HEPTYL ACETATE",n/a,n/a,n/a,n/a,n/a,n/a,n/a,n/a,n/a,n/a,n/a,n/a,n/a,n/a,n/a,n/a,n/a,n/a,n/a,n/a,n/a,n/a,n/a,n/a,n/a,7.77E-01,
x,x,"4,6-DIMETHYL-HEPTYL ACETATE",n/a,n/a,n/a,n/a,n/a,n/a,n/a,n/a,n/a,n/a,n/a,n/a,n/a,n/a,n/a,n/a,n/a,n/a,n/a,n/a,n/a,n/a,n/a,n/a,n/a,7.80E-01,
x,x,"2,5-DIMETHYL-HEPTYL ACETATE",n/a,n/a,n/a,n/a,n/a,n/a,n/a,n/a,n/a,n/a,n/a,n/a,n/a,n/a,n/a,n/a,n/a,n/a,n/a,n/a,n/a,n/a,n/a,n/a,n/a,7.83E-01,
x,x,"3,6-DIMETHYL-OCTYL ACETATE",n/a,n/a,n/a,n/a,n/a,n/a,n/a,n/a,n/a,n/a,n/a,n/a,n/a,n/a,n/a,n/a,n/a,n/a,n/a,n/a,n/a,n/a,n/a,n/a,n/a,7.87E-01,
x,x,C12 CYCLOALKANES,n/a,n/a,n/a,n/a,n/a,n/a,n/a,n/a,n/a,n/a,n/a,n/a,n/a,n/a,n/a,n/a,n/a,n/a,n/a,n/a,n/a,n/a,n/a,n/a,n/a,7.96E-01,
x,x,HEXYL ACETATES,n/a,n/a,n/a,n/a,n/a,n/a,n/a,n/a,n/a,n/a,n/a,n/a,n/a,n/a,n/a,n/a,n/a,n/a,n/a,n/a,n/a,n/a,n/a,n/a,n/a,7.98E-01,
x,x,C12 BICYCLOALKANES,n/a,n/a,n/a,n/a,n/a,n/a,n/a,n/a,n/a,n/a,n/a,n/a,n/a,n/a,n/a,n/a,n/a,n/a,n/a,n/a,n/a,n/a,n/a,n/a,n/a,8.06E-01,
x,x,OXO-OCTYL ACETATE,n/a,n/a,n/a,n/a,n/a,n/a,n/a,n/a,n/a,n/a,n/a,n/a,n/a,n/a,n/a,n/a,n/a,n/a,n/a,n/a,n/a,n/a,n/a,n/a,n/a,8.09E-01,
x,x,SUBSTITUTED C7 ESTER (C12),n/a,n/a,n/a,n/a,n/a,n/a,n/a,n/a,n/a,n/a,n/a,n/a,n/a,n/a,n/a,n/a,n/a,n/a,n/a,n/a,n/a,n/a,n/a,n/a,n/a,8.09E-01,
x,x,SUBSTITUTED C9 ESTER (C12),n/a,n/a,n/a,n/a,n/a,n/a,n/a,n/a,n/a,n/a,n/a,n/a,n/a,n/a,n/a,n/a,n/a,n/a,n/a,n/a,n/a,n/a,n/a,n/a,n/a,8.09E-01,
x,x,"3,5-DIMETHYL-HEPTYL ACETATE",n/a,n/a,n/a,n/a,n/a,n/a,n/a,n/a,n/a,n/a,n/a,n/a,n/a,n/a,n/a,n/a,n/a,n/a,n/a,n/a,n/a,n/a,n/a,n/a,n/a,8.11E-01,
x,x,C12 TRICYCLOALKANES,n/a,n/a,n/a,n/a,n/a,n/a,n/a,n/a,n/a,n/a,n/a,n/a,n/a,n/a,n/a,n/a,n/a,n/a,n/a,n/a,n/a,n/a,n/a,n/a,n/a,8.16E-01,
x,x,4-METHYLPENTYL ACETATE,n/a,n/a,n/a,n/a,n/a,n/a,n/a,n/a,n/a,n/a,n/a,n/a,n/a,n/a,n/a,n/a,n/a,n/a,n/a,n/a,n/a,n/a,n/a,n/a,n/a,8.18E-01,
x,x,4-METHYLHEXYL ACETATE,n/a,n/a,n/a,n/a,n/a,n/a,n/a,n/a,n/a,n/a,n/a,n/a,n/a,n/a,n/a,n/a,n/a,n/a,n/a,n/a,n/a,n/a,n/a,n/a,n/a,8.21E-01,
x,x,OXO-HEPTYL ACETATE,n/a,n/a,n/a,n/a,n/a,n/a,n/a,n/a,n/a,n/a,n/a,n/a,n/a,n/a,n/a,n/a,n/a,n/a,n/a,n/a,n/a,n/a,n/a,n/a,n/a,8.32E-01,
x,x,"2,3,5-TRIMETHYL-HEXYL ACETATE",n/a,n/a,n/a,n/a,n/a,n/a,n/a,n/a,n/a,n/a,n/a,n/a,n/a,n/a,n/a,n/a,n/a,n/a,n/a,n/a,n/a,n/a,n/a,n/a,n/a,8.55E-01,
x,x,C10 CYCLIC KETONES,n/a,n/a,n/a,n/a,n/a,n/a,n/a,n/a,n/a,n/a,n/a,n/a,n/a,n/a,n/a,n/a,n/a,n/a,n/a,n/a,n/a,n/a,n/a,n/a,n/a,8.56E-01,
x,x,OXO-HEXYL ACETATE,n/a,n/a,n/a,n/a,n/a,n/a,n/a,n/a,n/a,n/a,n/a,n/a,n/a,n/a,n/a,n/a,n/a,n/a,n/a,n/a,n/a,n/a,n/a,n/a,n/a,8.59E-01,
x,x,CARB HYDROCARBON BIN 13,n/a,n/a,n/a,n/a,n/a,n/a,n/a,n/a,n/a,n/a,n/a,n/a,n/a,n/a,n/a,n/a,n/a,n/a,n/a,n/a,n/a,n/a,n/a,n/a,n/a,8.62E-01,
x,x,"DEAROMATIZED ALKANES, MIXED, PREDOMINATELY C10-C12",n/a,n/a,n/a,n/a,n/a,n/a,n/a,n/a,n/a,n/a,n/a,n/a,n/a,n/a,n/a,n/a,n/a,n/a,n/a,n/a,n/a,n/a,n/a,n/a,n/a,8.70E-01,
x,x,"1,3,5-TRIPROPYL CYCLOHEXANE",n/a,n/a,n/a,n/a,n/a,n/a,n/a,n/a,n/a,n/a,n/a,n/a,n/a,n/a,n/a,n/a,n/a,n/a,n/a,n/a,n/a,n/a,n/a,n/a,n/a,8.74E-01,
x,x,"3,4-DIMETHYL-HEXYL ACETATE",n/a,n/a,n/a,n/a,n/a,n/a,n/a,n/a,n/a,n/a,n/a,n/a,n/a,n/a,n/a,n/a,n/a,n/a,n/a,n/a,n/a,n/a,n/a,n/a,n/a,8.74E-01,
x,x,"3,7-DIETHYL NONANE",n/a,n/a,n/a,n/a,n/a,n/a,n/a,n/a,n/a,n/a,n/a,n/a,n/a,n/a,n/a,n/a,n/a,n/a,n/a,n/a,n/a,n/a,n/a,n/a,n/a,8.85E-01,
x,x,3-METHYLHEXYL ACETATE,n/a,n/a,n/a,n/a,n/a,n/a,n/a,n/a,n/a,n/a,n/a,n/a,n/a,n/a,n/a,n/a,n/a,n/a,n/a,n/a,n/a,n/a,n/a,n/a,n/a,8.93E-01,
x,x,UNSPECIATED C10 ALKANES,n/a,n/a,n/a,n/a,n/a,n/a,n/a,n/a,n/a,n/a,n/a,n/a,n/a,n/a,n/a,n/a,n/a,n/a,n/a,n/a,n/a,n/a,n/a,n/a,n/a,8.97E-01,
x,x,C11 CYCLOALKANES,n/a,n/a,n/a,n/a,n/a,n/a,n/a,n/a,n/a,n/a,n/a,n/a,n/a,n/a,n/a,n/a,n/a,n/a,n/a,n/a,n/a,n/a,n/a,n/a,n/a,8.98E-01,
x,x,C10 KETONES,n/a,n/a,n/a,n/a,n/a,n/a,n/a,n/a,n/a,n/a,n/a,n/a,n/a,n/a,n/a,n/a,n/a,n/a,n/a,n/a,n/a,n/a,n/a,n/a,n/a,8.99E-01,
x,x,3-ETHYL-HEXYL ACETATE,n/a,n/a,n/a,n/a,n/a,n/a,n/a,n/a,n/a,n/a,n/a,n/a,n/a,n/a,n/a,n/a,n/a,n/a,n/a,n/a,n/a,n/a,n/a,n/a,n/a,9.09E-01,
x,x,C11 BICYCLOALKANES,n/a,n/a,n/a,n/a,n/a,n/a,n/a,n/a,n/a,n/a,n/a,n/a,n/a,n/a,n/a,n/a,n/a,n/a,n/a,n/a,n/a,n/a,n/a,n/a,n/a,9.10E-01,
x,x,"1,3-DIPROPYL-5-ETHYL CYCLOHEXANE",n/a,n/a,n/a,n/a,n/a,n/a,n/a,n/a,n/a,n/a,n/a,n/a,n/a,n/a,n/a,n/a,n/a,n/a,n/a,n/a,n/a,n/a,n/a,n/a,n/a,9.12E-01,
x,x,"2,4-DIMETHYLPENTYL ACETATE",n/a,n/a,n/a,n/a,n/a,n/a,n/a,n/a,n/a,n/a,n/a,n/a,n/a,n/a,n/a,n/a,n/a,n/a,n/a,n/a,n/a,n/a,n/a,n/a,n/a,9.18E-01,
x,x,"2,3,6-TRIMETHYL 4-ISOPROPYL HEPTANE",n/a,n/a,n/a,n/a,n/a,n/a,n/a,n/a,n/a,n/a,n/a,n/a,n/a,n/a,n/a,n/a,n/a,n/a,n/a,n/a,n/a,n/a,n/a,n/a,n/a,9.26E-01,
x,x,BRANCHED C10 ALKANES,n/a,n/a,n/a,n/a,n/a,n/a,n/a,n/a,n/a,n/a,n/a,n/a,n/a,n/a,n/a,n/a,n/a,n/a,n/a,n/a,n/a,n/a,n/a,n/a,n/a,9.37E-01,
x,x,C9 CYCLIC KETONES,n/a,n/a,n/a,n/a,n/a,n/a,n/a,n/a,n/a,n/a,n/a,n/a,n/a,n/a,n/a,n/a,n/a,n/a,n/a,n/a,n/a,n/a,n/a,n/a,n/a,9.42E-01,
x,x,CARB HYDROCARBON BIN 20,n/a,n/a,n/a,n/a,n/a,n/a,n/a,n/a,n/a,n/a,n/a,n/a,n/a,n/a,n/a,n/a,n/a,n/a,n/a,n/a,n/a,n/a,n/a,n/a,n/a,9.45E-01,
x,x,"2,4,5,6,8-PENTAMETHYL NONANE",n/a,n/a,n/a,n/a,n/a,n/a,n/a,n/a,n/a,n/a,n/a,n/a,n/a,n/a,n/a,n/a,n/a,n/a,n/a,n/a,n/a,n/a,n/a,n/a,n/a,9.47E-01,
x,x,"1,3-DIETHYL-5-PROPYL CYCLOHEXANE",n/a,n/a,n/a,n/a,n/a,n/a,n/a,n/a,n/a,n/a,n/a,n/a,n/a,n/a,n/a,n/a,n/a,n/a,n/a,n/a,n/a,n/a,n/a,n/a,n/a,9.61E-01,
x,x,2-METHYLPENTYL ACETATE,n/a,n/a,n/a,n/a,n/a,n/a,n/a,n/a,n/a,n/a,n/a,n/a,n/a,n/a,n/a,n/a,n/a,n/a,n/a,n/a,n/a,n/a,n/a,n/a,n/a,9.80E-01,
x,x,CARB HYDROCARBON BIN 14,n/a,n/a,n/a,n/a,n/a,n/a,n/a,n/a,n/a,n/a,n/a,n/a,n/a,n/a,n/a,n/a,n/a,n/a,n/a,n/a,n/a,n/a,n/a,n/a,n/a,9.88E-01,
x,x,"3,5-DIMETHYL-HEXYL ACETATE",n/a,n/a,n/a,n/a,n/a,n/a,n/a,n/a,n/a,n/a,n/a,n/a,n/a,n/a,n/a,n/a,n/a,n/a,n/a,n/a,n/a,n/a,n/a,n/a,n/a,9.91E-01,
x,x,C22 MONOSUBSTITUTED BENZENES,n/a,n/a,n/a,n/a,n/a,n/a,n/a,n/a,n/a,n/a,n/a,n/a,n/a,n/a,n/a,n/a,n/a,n/a,n/a,n/a,n/a,n/a,n/a,n/a,n/a,9.99E-01,
x,x,"2,5-DIMETHYL OCTANE",n/a,n/a,n/a,n/a,n/a,n/a,n/a,n/a,n/a,n/a,n/a,n/a,n/a,n/a,n/a,n/a,n/a,n/a,n/a,n/a,n/a,n/a,n/a,n/a,n/a,1.03E+00,
x,x,CARB HYDROCARBON BIN 7,n/a,n/a,n/a,n/a,n/a,n/a,n/a,n/a,n/a,n/a,n/a,n/a,n/a,n/a,n/a,n/a,n/a,n/a,n/a,n/a,n/a,n/a,n/a,n/a,n/a,1.03E+00,
x,x,C8 CYCLIC KETONES,n/a,n/a,n/a,n/a,n/a,n/a,n/a,n/a,n/a,n/a,n/a,n/a,n/a,n/a,n/a,n/a,n/a,n/a,n/a,n/a,n/a,n/a,n/a,n/a,n/a,1.05E+00,
x,x,C21 MONOSUBSTITUTED BENZENES,n/a,n/a,n/a,n/a,n/a,n/a,n/a,n/a,n/a,n/a,n/a,n/a,n/a,n/a,n/a,n/a,n/a,n/a,n/a,n/a,n/a,n/a,n/a,n/a,n/a,1.05E+00,
x,x,3-METHYLPENTYL ACETATE,n/a,n/a,n/a,n/a,n/a,n/a,n/a,n/a,n/a,n/a,n/a,n/a,n/a,n/a,n/a,n/a,n/a,n/a,n/a,n/a,n/a,n/a,n/a,n/a,n/a,1.07E+00,
x,x,C10 CYCLOALKANES,n/a,n/a,n/a,n/a,n/a,n/a,n/a,n/a,n/a,n/a,n/a,n/a,n/a,n/a,n/a,n/a,n/a,n/a,n/a,n/a,n/a,n/a,n/a,n/a,n/a,1.07E+00,
x,x,C9 KETONES,n/a,n/a,n/a,n/a,n/a,n/a,n/a,n/a,n/a,n/a,n/a,n/a,n/a,n/a,n/a,n/a,n/a,n/a,n/a,n/a,n/a,n/a,n/a,n/a,n/a,1.08E+00,
x,x,C10 BICYCLOALKANES,n/a,n/a,n/a,n/a,n/a,n/a,n/a,n/a,n/a,n/a,n/a,n/a,n/a,n/a,n/a,n/a,n/a,n/a,n/a,n/a,n/a,n/a,n/a,n/a,n/a,1.09E+00,
x,x,UNSPECIATED C9 ALKANES,n/a,n/a,n/a,n/a,n/a,n/a,n/a,n/a,n/a,n/a,n/a,n/a,n/a,n/a,n/a,n/a,n/a,n/a,n/a,n/a,n/a,n/a,n/a,n/a,n/a,1.09E+00,
x,x,C20 MONOSUBSTITUTED BENZENES,n/a,n/a,n/a,n/a,n/a,n/a,n/a,n/a,n/a,n/a,n/a,n/a,n/a,n/a,n/a,n/a,n/a,n/a,n/a,n/a,n/a,n/a,n/a,n/a,n/a,1.10E+00,
x,x,3-ETHYLPENTYL ACETATE,n/a,n/a,n/a,n/a,n/a,n/a,n/a,n/a,n/a,n/a,n/a,n/a,n/a,n/a,n/a,n/a,n/a,n/a,n/a,n/a,n/a,n/a,n/a,n/a,n/a,1.10E+00,
x,x,BRANCHED C9 ALKANES,n/a,n/a,n/a,n/a,n/a,n/a,n/a,n/a,n/a,n/a,n/a,n/a,n/a,n/a,n/a,n/a,n/a,n/a,n/a,n/a,n/a,n/a,n/a,n/a,n/a,1.14E+00,
x,x,C5 CYCLIC KETONES,n/a,n/a,n/a,n/a,n/a,n/a,n/a,n/a,n/a,n/a,n/a,n/a,n/a,n/a,n/a,n/a,n/a,n/a,n/a,n/a,n/a,n/a,n/a,n/a,n/a,1.15E+00,
x,x,C19 MONOSUBSTITUTED BENZENES,n/a,n/a,n/a,n/a,n/a,n/a,n/a,n/a,n/a,n/a,n/a,n/a,n/a,n/a,n/a,n/a,n/a,n/a,n/a,n/a,n/a,n/a,n/a,n/a,n/a,1.16E+00,
x,x,CARB HYDROCARBON BIN 6,n/a,n/a,n/a,n/a,n/a,n/a,n/a,n/a,n/a,n/a,n/a,n/a,n/a,n/a,n/a,n/a,n/a,n/a,n/a,n/a,n/a,n/a,n/a,n/a,n/a,1.17E+00,
x,x,C7 CYCLIC KETONES,n/a,n/a,n/a,n/a,n/a,n/a,n/a,n/a,n/a,n/a,n/a,n/a,n/a,n/a,n/a,n/a,n/a,n/a,n/a,n/a,n/a,n/a,n/a,n/a,n/a,1.18E+00,
x,x,REDUCED AROMATICS MINERAL SPIRITS,n/a,n/a,n/a,n/a,n/a,n/a,n/a,n/a,n/a,n/a,n/a,n/a,n/a,n/a,n/a,n/a,n/a,n/a,n/a,n/a,n/a,n/a,n/a,n/a,n/a,1.19E+00,
x,x,C18 MONOSUBSTITUTED BENZENES,n/a,n/a,n/a,n/a,n/a,n/a,n/a,n/a,n/a,n/a,n/a,n/a,n/a,n/a,n/a,n/a,n/a,n/a,n/a,n/a,n/a,n/a,n/a,n/a,n/a,1.23E+00,
x,x,VMP NAPHTHA,n/a,n/a,n/a,n/a,n/a,n/a,n/a,n/a,n/a,n/a,n/a,n/a,n/a,n/a,n/a,n/a,n/a,n/a,n/a,n/a,n/a,n/a,n/a,n/a,n/a,1.23E+00,
x,x,"SAFETY-KLEEN MINERAL SPIRITS ""A"" (TYPE I-B, 91% ALKANES)",n/a,n/a,n/a,n/a,n/a,n/a,n/a,n/a,n/a,n/a,n/a,n/a,n/a,n/a,n/a,n/a,n/a,n/a,n/a,n/a,n/a,n/a,n/a,n/a,n/a,1.25E+00,
x,x,"2,5,5-TRIMETHYL HEPTANE",n/a,n/a,n/a,n/a,n/a,n/a,n/a,n/a,n/a,n/a,n/a,n/a,n/a,n/a,n/a,n/a,n/a,n/a,n/a,n/a,n/a,n/a,n/a,n/a,n/a,1.25E+00,
x,x,C6 CYCLOALKANES,n/a,n/a,n/a,n/a,n/a,n/a,n/a,n/a,n/a,n/a,n/a,n/a,n/a,n/a,n/a,n/a,n/a,n/a,n/a,n/a,n/a,n/a,n/a,n/a,n/a,1.25E+00,
x,x,C15 TERMINAL ALKENES,n/a,n/a,n/a,n/a,n/a,n/a,n/a,n/a,n/a,n/a,n/a,n/a,n/a,n/a,n/a,n/a,n/a,n/a,n/a,n/a,n/a,n/a,n/a,n/a,n/a,1.25E+00,
x,x,"2,2,5-TRIMETHYL HEPTANE",n/a,n/a,n/a,n/a,n/a,n/a,n/a,n/a,n/a,n/a,n/a,n/a,n/a,n/a,n/a,n/a,n/a,n/a,n/a,n/a,n/a,n/a,n/a,n/a,n/a,1.26E+00,
x,x,UNSPECIATED C6 ALKANES,n/a,n/a,n/a,n/a,n/a,n/a,n/a,n/a,n/a,n/a,n/a,n/a,n/a,n/a,n/a,n/a,n/a,n/a,n/a,n/a,n/a,n/a,n/a,n/a,n/a,1.27E+00,
x,x,UNSPECIATED C8 ALKANES,n/a,n/a,n/a,n/a,n/a,n/a,n/a,n/a,n/a,n/a,n/a,n/a,n/a,n/a,n/a,n/a,n/a,n/a,n/a,n/a,n/a,n/a,n/a,n/a,n/a,1.27E+00,
x,x,C17 MONOSUBSTITUTED BENZENES,n/a,n/a,n/a,n/a,n/a,n/a,n/a,n/a,n/a,n/a,n/a,n/a,n/a,n/a,n/a,n/a,n/a,n/a,n/a,n/a,n/a,n/a,n/a,n/a,n/a,1.30E+00,
x,x,C22 TETRALINS OR INDANES,n/a,n/a,n/a,n/a,n/a,n/a,n/a,n/a,n/a,n/a,n/a,n/a,n/a,n/a,n/a,n/a,n/a,n/a,n/a,n/a,n/a,n/a,n/a,n/a,n/a,1.31E+00,
x,x,CARB HYDROCARBON BIN 2,n/a,n/a,n/a,n/a,n/a,n/a,n/a,n/a,n/a,n/a,n/a,n/a,n/a,n/a,n/a,n/a,n/a,n/a,n/a,n/a,n/a,n/a,n/a,n/a,n/a,1.31E+00,
x,x,BRANCHED C6 ALKANES,n/a,n/a,n/a,n/a,n/a,n/a,n/a,n/a,n/a,n/a,n/a,n/a,n/a,n/a,n/a,n/a,n/a,n/a,n/a,n/a,n/a,n/a,n/a,n/a,n/a,1.31E+00,
x,x,"2,4,4-TRIMETHYL HEPTANE",n/a,n/a,n/a,n/a,n/a,n/a,n/a,n/a,n/a,n/a,n/a,n/a,n/a,n/a,n/a,n/a,n/a,n/a,n/a,n/a,n/a,n/a,n/a,n/a,n/a,1.31E+00,
x,x,C14 TERMINAL ALKENES,n/a,n/a,n/a,n/a,n/a,n/a,n/a,n/a,n/a,n/a,n/a,n/a,n/a,n/a,n/a,n/a,n/a,n/a,n/a,n/a,n/a,n/a,n/a,n/a,n/a,1.34E+00,
x,x,C6 CYCLIC KETONES,n/a,n/a,n/a,n/a,n/a,n/a,n/a,n/a,n/a,n/a,n/a,n/a,n/a,n/a,n/a,n/a,n/a,n/a,n/a,n/a,n/a,n/a,n/a,n/a,n/a,1.35E+00,
x,x,C9 CYCLOALKANES,n/a,n/a,n/a,n/a,n/a,n/a,n/a,n/a,n/a,n/a,n/a,n/a,n/a,n/a,n/a,n/a,n/a,n/a,n/a,n/a,n/a,n/a,n/a,n/a,n/a,1.36E+00,
x,x,C10 STYRENES,n/a,n/a,n/a,n/a,n/a,n/a,n/a,n/a,n/a,n/a,n/a,n/a,n/a,n/a,n/a,n/a,n/a,n/a,n/a,n/a,n/a,n/a,n/a,n/a,n/a,1.37E+00,
x,x,C21 TETRALINS OR INDANES,n/a,n/a,n/a,n/a,n/a,n/a,n/a,n/a,n/a,n/a,n/a,n/a,n/a,n/a,n/a,n/a,n/a,n/a,n/a,n/a,n/a,n/a,n/a,n/a,n/a,1.37E+00,
x,x,DIPROPYLENE GLYCOL METHYL ETHER ACETATE ISOMER #1,n/a,n/a,n/a,n/a,n/a,n/a,n/a,n/a,n/a,n/a,n/a,n/a,n/a,n/a,n/a,n/a,n/a,n/a,n/a,n/a,n/a,n/a,n/a,n/a,n/a,1.38E+00,
x,x,C16 MONOSUBSTITUTED BENZENES,n/a,n/a,n/a,n/a,n/a,n/a,n/a,n/a,n/a,n/a,n/a,n/a,n/a,n/a,n/a,n/a,n/a,n/a,n/a,n/a,n/a,n/a,n/a,n/a,n/a,1.38E+00,
x,x,C9 BICYCLOALKANES,n/a,n/a,n/a,n/a,n/a,n/a,n/a,n/a,n/a,n/a,n/a,n/a,n/a,n/a,n/a,n/a,n/a,n/a,n/a,n/a,n/a,n/a,n/a,n/a,n/a,1.39E+00,
x,x,C8 KETONES,n/a,n/a,n/a,n/a,n/a,n/a,n/a,n/a,n/a,n/a,n/a,n/a,n/a,n/a,n/a,n/a,n/a,n/a,n/a,n/a,n/a,n/a,n/a,n/a,n/a,1.40E+00,
x,x,UNSPECIATED C7 ALKANES,n/a,n/a,n/a,n/a,n/a,n/a,n/a,n/a,n/a,n/a,n/a,n/a,n/a,n/a,n/a,n/a,n/a,n/a,n/a,n/a,n/a,n/a,n/a,n/a,n/a,1.41E+00,
x,x,CARB HYDROCARBON BIN 1,n/a,n/a,n/a,n/a,n/a,n/a,n/a,n/a,n/a,n/a,n/a,n/a,n/a,n/a,n/a,n/a,n/a,n/a,n/a,n/a,n/a,n/a,n/a,n/a,n/a,1.42E+00,
x,x,CARB HYDROCARBON BIN 9,n/a,n/a,n/a,n/a,n/a,n/a,n/a,n/a,n/a,n/a,n/a,n/a,n/a,n/a,n/a,n/a,n/a,n/a,n/a,n/a,n/a,n/a,n/a,n/a,n/a,1.44E+00,
x,x,C20 TETRALINS OR INDANES,n/a,n/a,n/a,n/a,n/a,n/a,n/a,n/a,n/a,n/a,n/a,n/a,n/a,n/a,n/a,n/a,n/a,n/a,n/a,n/a,n/a,n/a,n/a,n/a,n/a,1.44E+00,
x,x,CARB HYDROCARBON BIN 8,n/a,n/a,n/a,n/a,n/a,n/a,n/a,n/a,n/a,n/a,n/a,n/a,n/a,n/a,n/a,n/a,n/a,n/a,n/a,n/a,n/a,n/a,n/a,n/a,n/a,1.44E+00,
x,x,BRANCHED C5 ALKANES,n/a,n/a,n/a,n/a,n/a,n/a,n/a,n/a,n/a,n/a,n/a,n/a,n/a,n/a,n/a,n/a,n/a,n/a,n/a,n/a,n/a,n/a,n/a,n/a,n/a,1.45E+00,
x,x,BRANCHED C8 ALKANES,n/a,n/a,n/a,n/a,n/a,n/a,n/a,n/a,n/a,n/a,n/a,n/a,n/a,n/a,n/a,n/a,n/a,n/a,n/a,n/a,n/a,n/a,n/a,n/a,n/a,1.45E+00,
x,x,C12 ALKYL PHENOLS,n/a,n/a,n/a,n/a,n/a,n/a,n/a,n/a,n/a,n/a,n/a,n/a,n/a,n/a,n/a,n/a,n/a,n/a,n/a,n/a,n/a,n/a,n/a,n/a,n/a,1.46E+00,
x,x,CARB HYDROCARBON BIN 4,n/a,n/a,n/a,n/a,n/a,n/a,n/a,n/a,n/a,n/a,n/a,n/a,n/a,n/a,n/a,n/a,n/a,n/a,n/a,n/a,n/a,n/a,n/a,n/a,n/a,1.47E+00,
x,x,C8 CYCLOALKANES,n/a,n/a,n/a,n/a,n/a,n/a,n/a,n/a,n/a,n/a,n/a,n/a,n/a,n/a,n/a,n/a,n/a,n/a,n/a,n/a,n/a,n/a,n/a,n/a,n/a,1.47E+00,
x,x,BRANCHED C7 ALKANES,n/a,n/a,n/a,n/a,n/a,n/a,n/a,n/a,n/a,n/a,n/a,n/a,n/a,n/a,n/a,n/a,n/a,n/a,n/a,n/a,n/a,n/a,n/a,n/a,n/a,1.48E+00,
x,x,C13 TERMINAL ALKENES,n/a,n/a,n/a,n/a,n/a,n/a,n/a,n/a,n/a,n/a,n/a,n/a,n/a,n/a,n/a,n/a,n/a,n/a,n/a,n/a,n/a,n/a,n/a,n/a,n/a,1.48E+00,
x,x,C15 MONOSUBSTITUTED BENZENES,n/a,n/a,n/a,n/a,n/a,n/a,n/a,n/a,n/a,n/a,n/a,n/a,n/a,n/a,n/a,n/a,n/a,n/a,n/a,n/a,n/a,n/a,n/a,n/a,n/a,1.48E+00,
x,x,C8 BICYCLOALKANES,n/a,n/a,n/a,n/a,n/a,n/a,n/a,n/a,n/a,n/a,n/a,n/a,n/a,n/a,n/a,n/a,n/a,n/a,n/a,n/a,n/a,n/a,n/a,n/a,n/a,1.51E+00,
x,x,C19 TETRALINS OR INDANES,n/a,n/a,n/a,n/a,n/a,n/a,n/a,n/a,n/a,n/a,n/a,n/a,n/a,n/a,n/a,n/a,n/a,n/a,n/a,n/a,n/a,n/a,n/a,n/a,n/a,1.52E+00,
x,x,DIPROPYLENE GLYCOL METHYL ETHER ACETATE ISOMER #2,n/a,n/a,n/a,n/a,n/a,n/a,n/a,n/a,n/a,n/a,n/a,n/a,n/a,n/a,n/a,n/a,n/a,n/a,n/a,n/a,n/a,n/a,n/a,n/a,n/a,1.52E+00,
x,x,C9 STYRENES,n/a,n/a,n/a,n/a,n/a,n/a,n/a,n/a,n/a,n/a,n/a,n/a,n/a,n/a,n/a,n/a,n/a,n/a,n/a,n/a,n/a,n/a,n/a,n/a,n/a,1.53E+00,
x,x,"1,2,4-TRIMETHYL CYCLOPENTANE",n/a,n/a,n/a,n/a,n/a,n/a,n/a,n/a,n/a,n/a,n/a,n/a,n/a,n/a,n/a,n/a,n/a,n/a,n/a,n/a,n/a,n/a,n/a,n/a,n/a,1.53E+00,
x,x,TLEV EXHAUST -- M-85,n/a,n/a,n/a,n/a,n/a,n/a,n/a,n/a,n/a,n/a,n/a,n/a,n/a,n/a,n/a,n/a,n/a,n/a,n/a,n/a,n/a,n/a,n/a,n/a,n/a,1.56E+00,
x,x,CARB HYDROCARBON BIN 5,n/a,n/a,n/a,n/a,n/a,n/a,n/a,n/a,n/a,n/a,n/a,n/a,n/a,n/a,n/a,n/a,n/a,n/a,n/a,n/a,n/a,n/a,n/a,n/a,n/a,1.56E+00,
x,x,CARB HYDROCARBON BIN 15,n/a,n/a,n/a,n/a,n/a,n/a,n/a,n/a,n/a,n/a,n/a,n/a,n/a,n/a,n/a,n/a,n/a,n/a,n/a,n/a,n/a,n/a,n/a,n/a,n/a,1.57E+00,
x,x,SOY METHYL ESTERS; ALKYL C16-C18 METHYL ESTERS,n/a,n/a,n/a,n/a,n/a,n/a,n/a,n/a,n/a,n/a,n/a,n/a,n/a,n/a,n/a,n/a,n/a,n/a,n/a,n/a,n/a,n/a,n/a,n/a,n/a,1.58E+00,
x,x,C11 ALKYL PHENOLS,n/a,n/a,n/a,n/a,n/a,n/a,n/a,n/a,n/a,n/a,n/a,n/a,n/a,n/a,n/a,n/a,n/a,n/a,n/a,n/a,n/a,n/a,n/a,n/a,n/a,1.58E+00,
x,x,C14 MONOSUBSTITUTED BENZENES,n/a,n/a,n/a,n/a,n/a,n/a,n/a,n/a,n/a,n/a,n/a,n/a,n/a,n/a,n/a,n/a,n/a,n/a,n/a,n/a,n/a,n/a,n/a,n/a,n/a,1.60E+00,
x,x,C18 TETRALINS OR INDANES,n/a,n/a,n/a,n/a,n/a,n/a,n/a,n/a,n/a,n/a,n/a,n/a,n/a,n/a,n/a,n/a,n/a,n/a,n/a,n/a,n/a,n/a,n/a,n/a,n/a,1.61E+00,
x,x,KEROSENE,n/a,n/a,n/a,n/a,n/a,n/a,n/a,n/a,n/a,n/a,n/a,n/a,n/a,n/a,n/a,n/a,n/a,n/a,n/a,n/a,n/a,n/a,n/a,n/a,n/a,1.62E+00,
x,x,METHYL CIS-9-HEPTADECENOATE,n/a,n/a,n/a,n/a,n/a,n/a,n/a,n/a,n/a,n/a,n/a,n/a,n/a,n/a,n/a,n/a,n/a,n/a,n/a,n/a,n/a,n/a,n/a,n/a,n/a,1.62E+00,
x,x,"1,2,3-TRIMETHYL CYCLOPENTANE",n/a,n/a,n/a,n/a,n/a,n/a,n/a,n/a,n/a,n/a,n/a,n/a,n/a,n/a,n/a,n/a,n/a,n/a,n/a,n/a,n/a,n/a,n/a,n/a,n/a,1.63E+00,
x,x,CARB HYDROCARBON BIN 3,n/a,n/a,n/a,n/a,n/a,n/a,n/a,n/a,n/a,n/a,n/a,n/a,n/a,n/a,n/a,n/a,n/a,n/a,n/a,n/a,n/a,n/a,n/a,n/a,n/a,1.63E+00,
x,x,1-METHYL-3-ETHYL CYCLOPENTANE,n/a,n/a,n/a,n/a,n/a,n/a,n/a,n/a,n/a,n/a,n/a,n/a,n/a,n/a,n/a,n/a,n/a,n/a,n/a,n/a,n/a,n/a,n/a,n/a,n/a,1.64E+00,
x,x,C12 TERMINAL ALKENES,n/a,n/a,n/a,n/a,n/a,n/a,n/a,n/a,n/a,n/a,n/a,n/a,n/a,n/a,n/a,n/a,n/a,n/a,n/a,n/a,n/a,n/a,n/a,n/a,n/a,1.64E+00,
x,x,C7 CYCLOALKANES,n/a,n/a,n/a,n/a,n/a,n/a,n/a,n/a,n/a,n/a,n/a,n/a,n/a,n/a,n/a,n/a,n/a,n/a,n/a,n/a,n/a,n/a,n/a,n/a,n/a,1.70E+00,
x,x,"CIS-1,2-DICHLOROETHENE",n/a,n/a,n/a,n/a,n/a,n/a,n/a,n/a,n/a,n/a,n/a,n/a,n/a,n/a,n/a,n/a,n/a,n/a,n/a,n/a,n/a,n/a,n/a,n/a,n/a,1.70E+00,
x,x,C17 TETRALINS OR INDANES,n/a,n/a,n/a,n/a,n/a,n/a,n/a,n/a,n/a,n/a,n/a,n/a,n/a,n/a,n/a,n/a,n/a,n/a,n/a,n/a,n/a,n/a,n/a,n/a,n/a,1.70E+00,
x,x,C15 ALKENES,n/a,n/a,n/a,n/a,n/a,n/a,n/a,n/a,n/a,n/a,n/a,n/a,n/a,n/a,n/a,n/a,n/a,n/a,n/a,n/a,n/a,n/a,n/a,n/a,n/a,1.71E+00,
x,x,C10 ALKYL PHENOLS,n/a,n/a,n/a,n/a,n/a,n/a,n/a,n/a,n/a,n/a,n/a,n/a,n/a,n/a,n/a,n/a,n/a,n/a,n/a,n/a,n/a,n/a,n/a,n/a,n/a,1.73E+00,
x,x,C13 MONOSUBSTITUTED BENZENES,n/a,n/a,n/a,n/a,n/a,n/a,n/a,n/a,n/a,n/a,n/a,n/a,n/a,n/a,n/a,n/a,n/a,n/a,n/a,n/a,n/a,n/a,n/a,n/a,n/a,1.74E+00,
x,x,METHYL CIS-9-PENTADECENOATE,n/a,n/a,n/a,n/a,n/a,n/a,n/a,n/a,n/a,n/a,n/a,n/a,n/a,n/a,n/a,n/a,n/a,n/a,n/a,n/a,n/a,n/a,n/a,n/a,n/a,1.80E+00,
x,x,C16 TETRALINS OR INDANES,n/a,n/a,n/a,n/a,n/a,n/a,n/a,n/a,n/a,n/a,n/a,n/a,n/a,n/a,n/a,n/a,n/a,n/a,n/a,n/a,n/a,n/a,n/a,n/a,n/a,1.82E+00,
x,x,C14 ALKENES,n/a,n/a,n/a,n/a,n/a,n/a,n/a,n/a,n/a,n/a,n/a,n/a,n/a,n/a,n/a,n/a,n/a,n/a,n/a,n/a,n/a,n/a,n/a,n/a,n/a,1.85E+00,
x,x,C11 TERMINAL ALKENES,n/a,n/a,n/a,n/a,n/a,n/a,n/a,n/a,n/a,n/a,n/a,n/a,n/a,n/a,n/a,n/a,n/a,n/a,n/a,n/a,n/a,n/a,n/a,n/a,n/a,1.87E+00,
x,x,REGULAR MINERAL SPIRITS,n/a,n/a,n/a,n/a,n/a,n/a,n/a,n/a,n/a,n/a,n/a,n/a,n/a,n/a,n/a,n/a,n/a,n/a,n/a,n/a,n/a,n/a,n/a,n/a,n/a,1.89E+00,
x,x,C9 ALKYL PHENOLS,n/a,n/a,n/a,n/a,n/a,n/a,n/a,n/a,n/a,n/a,n/a,n/a,n/a,n/a,n/a,n/a,n/a,n/a,n/a,n/a,n/a,n/a,n/a,n/a,n/a,1.90E+00,
x,x,C12 MONOSUBSTITUTED BENZENES,n/a,n/a,n/a,n/a,n/a,n/a,n/a,n/a,n/a,n/a,n/a,n/a,n/a,n/a,n/a,n/a,n/a,n/a,n/a,n/a,n/a,n/a,n/a,n/a,n/a,1.90E+00,
x,x,COMPOSITE MINERAL SPIRIT (NAPHTHAS OR LACTOL SPIRITS) (CARB PROFILE ID 802),n/a,n/a,n/a,n/a,n/a,n/a,n/a,n/a,n/a,n/a,n/a,n/a,n/a,n/a,n/a,n/a,n/a,n/a,n/a,n/a,n/a,n/a,n/a,n/a,n/a,1.92E+00,
x,x,THINNING SOLVENT/MINERAL SPIRITS (CAL POLY SLO 1996),n/a,n/a,n/a,n/a,n/a,n/a,n/a,n/a,n/a,n/a,n/a,n/a,n/a,n/a,n/a,n/a,n/a,n/a,n/a,n/a,n/a,n/a,n/a,n/a,n/a,1.93E+00,
x,x,C15 TETRALINS OR INDANES,n/a,n/a,n/a,n/a,n/a,n/a,n/a,n/a,n/a,n/a,n/a,n/a,n/a,n/a,n/a,n/a,n/a,n/a,n/a,n/a,n/a,n/a,n/a,n/a,n/a,1.94E+00,
x,x,DIPROPYLENE GLYCOL METHYL ETHER: 1-METHOXY-2-(2-HYDROXYPROPOXY)-PROPANE,n/a,n/a,n/a,n/a,n/a,n/a,n/a,n/a,n/a,n/a,n/a,n/a,n/a,n/a,n/a,n/a,n/a,n/a,n/a,n/a,n/a,n/a,n/a,n/a,n/a,1.98E+00,
x,x,CARB HYDROCARBON BIN 10,n/a,n/a,n/a,n/a,n/a,n/a,n/a,n/a,n/a,n/a,n/a,n/a,n/a,n/a,n/a,n/a,n/a,n/a,n/a,n/a,n/a,n/a,n/a,n/a,n/a,1.98E+00,
x,x,DIPROPYLENE GLYCOL N-PROPYL ETHER ISOMER #1,n/a,n/a,n/a,n/a,n/a,n/a,n/a,n/a,n/a,n/a,n/a,n/a,n/a,n/a,n/a,n/a,n/a,n/a,n/a,n/a,n/a,n/a,n/a,n/a,n/a,2.00E+00,
x,x,C9 MONOSUBSTITUTED BENZENES,n/a,n/a,n/a,n/a,n/a,n/a,n/a,n/a,n/a,n/a,n/a,n/a,n/a,n/a,n/a,n/a,n/a,n/a,n/a,n/a,n/a,n/a,n/a,n/a,n/a,2.03E+00,
x,x,C13 ALKENES,n/a,n/a,n/a,n/a,n/a,n/a,n/a,n/a,n/a,n/a,n/a,n/a,n/a,n/a,n/a,n/a,n/a,n/a,n/a,n/a,n/a,n/a,n/a,n/a,n/a,2.03E+00,
x,x,TLEV EXHAUST -- LPG,n/a,n/a,n/a,n/a,n/a,n/a,n/a,n/a,n/a,n/a,n/a,n/a,n/a,n/a,n/a,n/a,n/a,n/a,n/a,n/a,n/a,n/a,n/a,n/a,n/a,2.04E+00,
x,x,C22 NAPHTHALENES,n/a,n/a,n/a,n/a,n/a,n/a,n/a,n/a,n/a,n/a,n/a,n/a,n/a,n/a,n/a,n/a,n/a,n/a,n/a,n/a,n/a,n/a,n/a,n/a,n/a,2.05E+00,
x,x,C14 TETRALINS OR INDANES,n/a,n/a,n/a,n/a,n/a,n/a,n/a,n/a,n/a,n/a,n/a,n/a,n/a,n/a,n/a,n/a,n/a,n/a,n/a,n/a,n/a,n/a,n/a,n/a,n/a,2.09E+00,
x,x,C11 MONOSUBSTITUTED BENZENES,n/a,n/a,n/a,n/a,n/a,n/a,n/a,n/a,n/a,n/a,n/a,n/a,n/a,n/a,n/a,n/a,n/a,n/a,n/a,n/a,n/a,n/a,n/a,n/a,n/a,2.12E+00,
x,x,"2,5-DIMETHYL PHENOL",n/a,n/a,n/a,n/a,n/a,n/a,n/a,n/a,n/a,n/a,n/a,n/a,n/a,n/a,n/a,n/a,n/a,n/a,n/a,n/a,n/a,n/a,n/a,n/a,n/a,2.12E+00,
x,x,C8 ALKYL PHENOLS,n/a,n/a,n/a,n/a,n/a,n/a,n/a,n/a,n/a,n/a,n/a,n/a,n/a,n/a,n/a,n/a,n/a,n/a,n/a,n/a,n/a,n/a,n/a,n/a,n/a,2.12E+00,
x,x,C22 DISUBSTITUTED BENZENES,n/a,n/a,n/a,n/a,n/a,n/a,n/a,n/a,n/a,n/a,n/a,n/a,n/a,n/a,n/a,n/a,n/a,n/a,n/a,n/a,n/a,n/a,n/a,n/a,n/a,2.14E+00,
x,x,C21 NAPHTHALENES,n/a,n/a,n/a,n/a,n/a,n/a,n/a,n/a,n/a,n/a,n/a,n/a,n/a,n/a,n/a,n/a,n/a,n/a,n/a,n/a,n/a,n/a,n/a,n/a,n/a,2.15E+00,
x,x,C15 3-ALKENES,n/a,n/a,n/a,n/a,n/a,n/a,n/a,n/a,n/a,n/a,n/a,n/a,n/a,n/a,n/a,n/a,n/a,n/a,n/a,n/a,n/a,n/a,n/a,n/a,n/a,2.16E+00,
x,x,C15 INTERNAL ALKENES,n/a,n/a,n/a,n/a,n/a,n/a,n/a,n/a,n/a,n/a,n/a,n/a,n/a,n/a,n/a,n/a,n/a,n/a,n/a,n/a,n/a,n/a,n/a,n/a,n/a,2.16E+00,
x,x,C10 TERMINAL ALKENES,n/a,n/a,n/a,n/a,n/a,n/a,n/a,n/a,n/a,n/a,n/a,n/a,n/a,n/a,n/a,n/a,n/a,n/a,n/a,n/a,n/a,n/a,n/a,n/a,n/a,2.17E+00,
x,x,C15 CYCLIC OLEFINS OR DI-OLEFINS,n/a,n/a,n/a,n/a,n/a,n/a,n/a,n/a,n/a,n/a,n/a,n/a,n/a,n/a,n/a,n/a,n/a,n/a,n/a,n/a,n/a,n/a,n/a,n/a,n/a,2.19E+00,
x,x,C21 DISUBSTITUTED BENZENES,n/a,n/a,n/a,n/a,n/a,n/a,n/a,n/a,n/a,n/a,n/a,n/a,n/a,n/a,n/a,n/a,n/a,n/a,n/a,n/a,n/a,n/a,n/a,n/a,n/a,2.25E+00,
x,x,C13 TETRALINS OR INDANES,n/a,n/a,n/a,n/a,n/a,n/a,n/a,n/a,n/a,n/a,n/a,n/a,n/a,n/a,n/a,n/a,n/a,n/a,n/a,n/a,n/a,n/a,n/a,n/a,n/a,2.25E+00,
x,x,C20 NAPHTHALENES,n/a,n/a,n/a,n/a,n/a,n/a,n/a,n/a,n/a,n/a,n/a,n/a,n/a,n/a,n/a,n/a,n/a,n/a,n/a,n/a,n/a,n/a,n/a,n/a,n/a,2.26E+00,
x,x,C14 3-ALKENES,n/a,n/a,n/a,n/a,n/a,n/a,n/a,n/a,n/a,n/a,n/a,n/a,n/a,n/a,n/a,n/a,n/a,n/a,n/a,n/a,n/a,n/a,n/a,n/a,n/a,2.35E+00,
x,x,C14 INTERNAL ALKENES,n/a,n/a,n/a,n/a,n/a,n/a,n/a,n/a,n/a,n/a,n/a,n/a,n/a,n/a,n/a,n/a,n/a,n/a,n/a,n/a,n/a,n/a,n/a,n/a,n/a,2.35E+00,
x,x,C10 MONOSUBSTITUTED BENZENES,n/a,n/a,n/a,n/a,n/a,n/a,n/a,n/a,n/a,n/a,n/a,n/a,n/a,n/a,n/a,n/a,n/a,n/a,n/a,n/a,n/a,n/a,n/a,n/a,n/a,2.36E+00,
x,x,C7 KETONES,n/a,n/a,n/a,n/a,n/a,n/a,n/a,n/a,n/a,n/a,n/a,n/a,n/a,n/a,n/a,n/a,n/a,n/a,n/a,n/a,n/a,n/a,n/a,n/a,n/a,2.36E+00,
x,x,C20 DISUBSTITUTED BENZENES,n/a,n/a,n/a,n/a,n/a,n/a,n/a,n/a,n/a,n/a,n/a,n/a,n/a,n/a,n/a,n/a,n/a,n/a,n/a,n/a,n/a,n/a,n/a,n/a,n/a,2.36E+00,
x,x,P-C16 DISUBSTITUTED BENZENES,n/a,n/a,n/a,n/a,n/a,n/a,n/a,n/a,n/a,n/a,n/a,n/a,n/a,n/a,n/a,n/a,n/a,n/a,n/a,n/a,n/a,n/a,n/a,n/a,n/a,2.38E+00,
x,x,C14 CYCLIC OLEFINS OR DI-OLEFINS,n/a,n/a,n/a,n/a,n/a,n/a,n/a,n/a,n/a,n/a,n/a,n/a,n/a,n/a,n/a,n/a,n/a,n/a,n/a,n/a,n/a,n/a,n/a,n/a,n/a,2.38E+00,
x,x,C19 NAPHTHALENES,n/a,n/a,n/a,n/a,n/a,n/a,n/a,n/a,n/a,n/a,n/a,n/a,n/a,n/a,n/a,n/a,n/a,n/a,n/a,n/a,n/a,n/a,n/a,n/a,n/a,2.39E+00,
x,x,C12 ALKENES,n/a,n/a,n/a,n/a,n/a,n/a,n/a,n/a,n/a,n/a,n/a,n/a,n/a,n/a,n/a,n/a,n/a,n/a,n/a,n/a,n/a,n/a,n/a,n/a,n/a,2.39E+00,
x,x,C12 TETRALINS OR INDANES,n/a,n/a,n/a,n/a,n/a,n/a,n/a,n/a,n/a,n/a,n/a,n/a,n/a,n/a,n/a,n/a,n/a,n/a,n/a,n/a,n/a,n/a,n/a,n/a,n/a,2.45E+00,
x,x,C19 DISUBSTITUTED BENZENES,n/a,n/a,n/a,n/a,n/a,n/a,n/a,n/a,n/a,n/a,n/a,n/a,n/a,n/a,n/a,n/a,n/a,n/a,n/a,n/a,n/a,n/a,n/a,n/a,n/a,2.49E+00,
x,x,C18 NAPHTHALENES,n/a,n/a,n/a,n/a,n/a,n/a,n/a,n/a,n/a,n/a,n/a,n/a,n/a,n/a,n/a,n/a,n/a,n/a,n/a,n/a,n/a,n/a,n/a,n/a,n/a,2.53E+00,
x,x,TLEV EXHAUST -- E-85,n/a,n/a,n/a,n/a,n/a,n/a,n/a,n/a,n/a,n/a,n/a,n/a,n/a,n/a,n/a,n/a,n/a,n/a,n/a,n/a,n/a,n/a,n/a,n/a,n/a,2.55E+00,
x,x,C13 MONOSUBSTITUTED NAPHTHALENE,n/a,n/a,n/a,n/a,n/a,n/a,n/a,n/a,n/a,n/a,n/a,n/a,n/a,n/a,n/a,n/a,n/a,n/a,n/a,n/a,n/a,n/a,n/a,n/a,n/a,2.55E+00,
x,x,C13 3-ALKENES,n/a,n/a,n/a,n/a,n/a,n/a,n/a,n/a,n/a,n/a,n/a,n/a,n/a,n/a,n/a,n/a,n/a,n/a,n/a,n/a,n/a,n/a,n/a,n/a,n/a,2.59E+00,
x,x,C13 INTERNAL ALKENES,n/a,n/a,n/a,n/a,n/a,n/a,n/a,n/a,n/a,n/a,n/a,n/a,n/a,n/a,n/a,n/a,n/a,n/a,n/a,n/a,n/a,n/a,n/a,n/a,n/a,2.59E+00,
x,x,P-C15 DISUBSTITUTED BENZENES,n/a,n/a,n/a,n/a,n/a,n/a,n/a,n/a,n/a,n/a,n/a,n/a,n/a,n/a,n/a,n/a,n/a,n/a,n/a,n/a,n/a,n/a,n/a,n/a,n/a,2.59E+00,
x,x,C9 TERMINAL ALKENES,n/a,n/a,n/a,n/a,n/a,n/a,n/a,n/a,n/a,n/a,n/a,n/a,n/a,n/a,n/a,n/a,n/a,n/a,n/a,n/a,n/a,n/a,n/a,n/a,n/a,2.60E+00,
x,x,C13 CYCLIC OLEFINS OR DI-OLEFINS,n/a,n/a,n/a,n/a,n/a,n/a,n/a,n/a,n/a,n/a,n/a,n/a,n/a,n/a,n/a,n/a,n/a,n/a,n/a,n/a,n/a,n/a,n/a,n/a,n/a,2.62E+00,
x,x,C18 DISUBSTITUTED BENZENES,n/a,n/a,n/a,n/a,n/a,n/a,n/a,n/a,n/a,n/a,n/a,n/a,n/a,n/a,n/a,n/a,n/a,n/a,n/a,n/a,n/a,n/a,n/a,n/a,n/a,2.63E+00,
x,x,C17 NAPHTHALENES,n/a,n/a,n/a,n/a,n/a,n/a,n/a,n/a,n/a,n/a,n/a,n/a,n/a,n/a,n/a,n/a,n/a,n/a,n/a,n/a,n/a,n/a,n/a,n/a,n/a,2.68E+00,
x,x,C11 TETRALINS OR INDANES,n/a,n/a,n/a,n/a,n/a,n/a,n/a,n/a,n/a,n/a,n/a,n/a,n/a,n/a,n/a,n/a,n/a,n/a,n/a,n/a,n/a,n/a,n/a,n/a,n/a,2.69E+00,
x,x,C11 ALKENES,n/a,n/a,n/a,n/a,n/a,n/a,n/a,n/a,n/a,n/a,n/a,n/a,n/a,n/a,n/a,n/a,n/a,n/a,n/a,n/a,n/a,n/a,n/a,n/a,n/a,2.73E+00,
x,x,C12 MONOSUBSTITUTED NAPHTHALENE,n/a,n/a,n/a,n/a,n/a,n/a,n/a,n/a,n/a,n/a,n/a,n/a,n/a,n/a,n/a,n/a,n/a,n/a,n/a,n/a,n/a,n/a,n/a,n/a,n/a,2.78E+00,
x,x,UNSPECIATED C16 AROMATICS,n/a,n/a,n/a,n/a,n/a,n/a,n/a,n/a,n/a,n/a,n/a,n/a,n/a,n/a,n/a,n/a,n/a,n/a,n/a,n/a,n/a,n/a,n/a,n/a,n/a,2.79E+00,
x,x,C17 DISUBSTITUTED BENZENES,n/a,n/a,n/a,n/a,n/a,n/a,n/a,n/a,n/a,n/a,n/a,n/a,n/a,n/a,n/a,n/a,n/a,n/a,n/a,n/a,n/a,n/a,n/a,n/a,n/a,2.79E+00,
x,x,C5 KETONES,n/a,n/a,n/a,n/a,n/a,n/a,n/a,n/a,n/a,n/a,n/a,n/a,n/a,n/a,n/a,n/a,n/a,n/a,n/a,n/a,n/a,n/a,n/a,n/a,n/a,2.81E+00,
x,x,O-C16 DISUBSTITUTED BENZENES,n/a,n/a,n/a,n/a,n/a,n/a,n/a,n/a,n/a,n/a,n/a,n/a,n/a,n/a,n/a,n/a,n/a,n/a,n/a,n/a,n/a,n/a,n/a,n/a,n/a,2.83E+00,
x,x,P-C14 DISUBSTITUTED BENZENES,n/a,n/a,n/a,n/a,n/a,n/a,n/a,n/a,n/a,n/a,n/a,n/a,n/a,n/a,n/a,n/a,n/a,n/a,n/a,n/a,n/a,n/a,n/a,n/a,n/a,2.84E+00,
x,x,C16 NAPHTHALENES,n/a,n/a,n/a,n/a,n/a,n/a,n/a,n/a,n/a,n/a,n/a,n/a,n/a,n/a,n/a,n/a,n/a,n/a,n/a,n/a,n/a,n/a,n/a,n/a,n/a,2.86E+00,
x,x,C16 DISUBSTITUTED BENZENES,n/a,n/a,n/a,n/a,n/a,n/a,n/a,n/a,n/a,n/a,n/a,n/a,n/a,n/a,n/a,n/a,n/a,n/a,n/a,n/a,n/a,n/a,n/a,n/a,n/a,2.97E+00,
x,x,METHYL INDANES,n/a,n/a,n/a,n/a,n/a,n/a,n/a,n/a,n/a,n/a,n/a,n/a,n/a,n/a,n/a,n/a,n/a,n/a,n/a,n/a,n/a,n/a,n/a,n/a,n/a,2.97E+00,
x,x,C15 NAPHTHALENES,n/a,n/a,n/a,n/a,n/a,n/a,n/a,n/a,n/a,n/a,n/a,n/a,n/a,n/a,n/a,n/a,n/a,n/a,n/a,n/a,n/a,n/a,n/a,n/a,n/a,3.06E+00,
x,x,O-C15 DISUBSTITUTED BENZENES,n/a,n/a,n/a,n/a,n/a,n/a,n/a,n/a,n/a,n/a,n/a,n/a,n/a,n/a,n/a,n/a,n/a,n/a,n/a,n/a,n/a,n/a,n/a,n/a,n/a,3.09E+00,
x,x,P-C13 DISUBSTITUTED BENZENES,n/a,n/a,n/a,n/a,n/a,n/a,n/a,n/a,n/a,n/a,n/a,n/a,n/a,n/a,n/a,n/a,n/a,n/a,n/a,n/a,n/a,n/a,n/a,n/a,n/a,3.13E+00,
x,x,C12 2-ALKENES,n/a,n/a,n/a,n/a,n/a,n/a,n/a,n/a,n/a,n/a,n/a,n/a,n/a,n/a,n/a,n/a,n/a,n/a,n/a,n/a,n/a,n/a,n/a,n/a,n/a,3.14E+00,
x,x,C12 3-ALKENES,n/a,n/a,n/a,n/a,n/a,n/a,n/a,n/a,n/a,n/a,n/a,n/a,n/a,n/a,n/a,n/a,n/a,n/a,n/a,n/a,n/a,n/a,n/a,n/a,n/a,3.14E+00,
x,x,C12 INTERNAL ALKENES,n/a,n/a,n/a,n/a,n/a,n/a,n/a,n/a,n/a,n/a,n/a,n/a,n/a,n/a,n/a,n/a,n/a,n/a,n/a,n/a,n/a,n/a,n/a,n/a,n/a,3.14E+00,
x,x,C6 KETONES,n/a,n/a,n/a,n/a,n/a,n/a,n/a,n/a,n/a,n/a,n/a,n/a,n/a,n/a,n/a,n/a,n/a,n/a,n/a,n/a,n/a,n/a,n/a,n/a,n/a,3.14E+00,
x,x,C8 ALDEHYDES,n/a,n/a,n/a,n/a,n/a,n/a,n/a,n/a,n/a,n/a,n/a,n/a,n/a,n/a,n/a,n/a,n/a,n/a,n/a,n/a,n/a,n/a,n/a,n/a,n/a,3.16E+00,
x,x,C12 CYCLIC OLEFINS OR DI-OLEFINS,n/a,n/a,n/a,n/a,n/a,n/a,n/a,n/a,n/a,n/a,n/a,n/a,n/a,n/a,n/a,n/a,n/a,n/a,n/a,n/a,n/a,n/a,n/a,n/a,n/a,3.18E+00,
x,x,UNSPECIATED C15 AROMATICS,n/a,n/a,n/a,n/a,n/a,n/a,n/a,n/a,n/a,n/a,n/a,n/a,n/a,n/a,n/a,n/a,n/a,n/a,n/a,n/a,n/a,n/a,n/a,n/a,n/a,3.20E+00,
x,x,C15 DISUBSTITUTED BENZENES,n/a,n/a,n/a,n/a,n/a,n/a,n/a,n/a,n/a,n/a,n/a,n/a,n/a,n/a,n/a,n/a,n/a,n/a,n/a,n/a,n/a,n/a,n/a,n/a,n/a,3.25E+00,
x,x,C8 TERMINAL ALKENES,n/a,n/a,n/a,n/a,n/a,n/a,n/a,n/a,n/a,n/a,n/a,n/a,n/a,n/a,n/a,n/a,n/a,n/a,n/a,n/a,n/a,n/a,n/a,n/a,n/a,3.25E+00,
x,x,C14 NAPHTHALENES,n/a,n/a,n/a,n/a,n/a,n/a,n/a,n/a,n/a,n/a,n/a,n/a,n/a,n/a,n/a,n/a,n/a,n/a,n/a,n/a,n/a,n/a,n/a,n/a,n/a,3.30E+00,
x,x,C10 ALKENES,n/a,n/a,n/a,n/a,n/a,n/a,n/a,n/a,n/a,n/a,n/a,n/a,n/a,n/a,n/a,n/a,n/a,n/a,n/a,n/a,n/a,n/a,n/a,n/a,n/a,3.31E+00,
x,x,O-C14 DISUBSTITUTED BENZENES,n/a,n/a,n/a,n/a,n/a,n/a,n/a,n/a,n/a,n/a,n/a,n/a,n/a,n/a,n/a,n/a,n/a,n/a,n/a,n/a,n/a,n/a,n/a,n/a,n/a,3.40E+00,
x,x,FINAL LEV -- PHASE 2,n/a,n/a,n/a,n/a,n/a,n/a,n/a,n/a,n/a,n/a,n/a,n/a,n/a,n/a,n/a,n/a,n/a,n/a,n/a,n/a,n/a,n/a,n/a,n/a,n/a,3.45E+00,
x,x,"1,4 DI-ISOPROPYL BENZENE",n/a,n/a,n/a,n/a,n/a,n/a,n/a,n/a,n/a,n/a,n/a,n/a,n/a,n/a,n/a,n/a,n/a,n/a,n/a,n/a,n/a,n/a,n/a,n/a,n/a,3.49E+00,
x,x,P-C12 DISUBSTITUTED BENZENES,n/a,n/a,n/a,n/a,n/a,n/a,n/a,n/a,n/a,n/a,n/a,n/a,n/a,n/a,n/a,n/a,n/a,n/a,n/a,n/a,n/a,n/a,n/a,n/a,n/a,3.49E+00,
x,x,FINAL LEV – RFA,n/a,n/a,n/a,n/a,n/a,n/a,n/a,n/a,n/a,n/a,n/a,n/a,n/a,n/a,n/a,n/a,n/a,n/a,n/a,n/a,n/a,n/a,n/a,n/a,n/a,3.54E+00,
x,x,C14 DISUBSTITUTED BENZENES,n/a,n/a,n/a,n/a,n/a,n/a,n/a,n/a,n/a,n/a,n/a,n/a,n/a,n/a,n/a,n/a,n/a,n/a,n/a,n/a,n/a,n/a,n/a,n/a,n/a,3.56E+00,
x,x,C13 NAPHTHALENES,n/a,n/a,n/a,n/a,n/a,n/a,n/a,n/a,n/a,n/a,n/a,n/a,n/a,n/a,n/a,n/a,n/a,n/a,n/a,n/a,n/a,n/a,n/a,n/a,n/a,3.57E+00,
x,x,C9 ALKENES,n/a,n/a,n/a,n/a,n/a,n/a,n/a,n/a,n/a,n/a,n/a,n/a,n/a,n/a,n/a,n/a,n/a,n/a,n/a,n/a,n/a,n/a,n/a,n/a,n/a,3.57E+00,
x,x,BASE ROG MIXTURE,n/a,n/a,n/a,n/a,n/a,n/a,n/a,n/a,n/a,n/a,n/a,n/a,n/a,n/a,n/a,n/a,n/a,n/a,n/a,n/a,n/a,n/a,n/a,n/a,n/a,3.60E+00,
x,x,VOCS,n/a,n/a,n/a,n/a,n/a,n/a,n/a,n/a,n/a,n/a,n/a,n/a,n/a,n/a,n/a,n/a,n/a,n/a,n/a,n/a,n/a,n/a,n/a,n/a,n/a,3.60E+00,
x,x,C11 3-ALKENES,n/a,n/a,n/a,n/a,n/a,n/a,n/a,n/a,n/a,n/a,n/a,n/a,n/a,n/a,n/a,n/a,n/a,n/a,n/a,n/a,n/a,n/a,n/a,n/a,n/a,3.60E+00,
x,x,C11 INTERNAL ALKENES,n/a,n/a,n/a,n/a,n/a,n/a,n/a,n/a,n/a,n/a,n/a,n/a,n/a,n/a,n/a,n/a,n/a,n/a,n/a,n/a,n/a,n/a,n/a,n/a,n/a,3.60E+00,
x,x,C11 CYCLIC OLEFINS OR DI-OLEFINS,n/a,n/a,n/a,n/a,n/a,n/a,n/a,n/a,n/a,n/a,n/a,n/a,n/a,n/a,n/a,n/a,n/a,n/a,n/a,n/a,n/a,n/a,n/a,n/a,n/a,3.65E+00,
x,x,C22 TRISUBSTITUTED BENZENES,n/a,n/a,n/a,n/a,n/a,n/a,n/a,n/a,n/a,n/a,n/a,n/a,n/a,n/a,n/a,n/a,n/a,n/a,n/a,n/a,n/a,n/a,n/a,n/a,n/a,3.66E+00,
x,x,C7 ALDEHYDES,n/a,n/a,n/a,n/a,n/a,n/a,n/a,n/a,n/a,n/a,n/a,n/a,n/a,n/a,n/a,n/a,n/a,n/a,n/a,n/a,n/a,n/a,n/a,n/a,n/a,3.69E+00,
x,x,M-C16 DISUBSTITUTED BENZENES,n/a,n/a,n/a,n/a,n/a,n/a,n/a,n/a,n/a,n/a,n/a,n/a,n/a,n/a,n/a,n/a,n/a,n/a,n/a,n/a,n/a,n/a,n/a,n/a,n/a,3.71E+00,
x,x,O-C13 DISUBSTITUTED BENZENES,n/a,n/a,n/a,n/a,n/a,n/a,n/a,n/a,n/a,n/a,n/a,n/a,n/a,n/a,n/a,n/a,n/a,n/a,n/a,n/a,n/a,n/a,n/a,n/a,n/a,3.78E+00,
x,x,UNSPECIATED C14 AROMATICS,n/a,n/a,n/a,n/a,n/a,n/a,n/a,n/a,n/a,n/a,n/a,n/a,n/a,n/a,n/a,n/a,n/a,n/a,n/a,n/a,n/a,n/a,n/a,n/a,n/a,3.80E+00,
x,x,CARB HYDROCARBON BIN 24,n/a,n/a,n/a,n/a,n/a,n/a,n/a,n/a,n/a,n/a,n/a,n/a,n/a,n/a,n/a,n/a,n/a,n/a,n/a,n/a,n/a,n/a,n/a,n/a,n/a,3.82E+00,
x,x,C21 TRISUBSTITUTED BENZENES,n/a,n/a,n/a,n/a,n/a,n/a,n/a,n/a,n/a,n/a,n/a,n/a,n/a,n/a,n/a,n/a,n/a,n/a,n/a,n/a,n/a,n/a,n/a,n/a,n/a,3.84E+00,
x,x,C10 3-ALKENES,n/a,n/a,n/a,n/a,n/a,n/a,n/a,n/a,n/a,n/a,n/a,n/a,n/a,n/a,n/a,n/a,n/a,n/a,n/a,n/a,n/a,n/a,n/a,n/a,n/a,3.87E+00,
x,x,C10 INTERNAL ALKENES,n/a,n/a,n/a,n/a,n/a,n/a,n/a,n/a,n/a,n/a,n/a,n/a,n/a,n/a,n/a,n/a,n/a,n/a,n/a,n/a,n/a,n/a,n/a,n/a,n/a,3.87E+00,
x,x,P-C11 DISUBSTITUTED BENZENES,n/a,n/a,n/a,n/a,n/a,n/a,n/a,n/a,n/a,n/a,n/a,n/a,n/a,n/a,n/a,n/a,n/a,n/a,n/a,n/a,n/a,n/a,n/a,n/a,n/a,3.88E+00,
x,x,C12 NAPHTHALENES,n/a,n/a,n/a,n/a,n/a,n/a,n/a,n/a,n/a,n/a,n/a,n/a,n/a,n/a,n/a,n/a,n/a,n/a,n/a,n/a,n/a,n/a,n/a,n/a,n/a,3.89E+00,
x,x,TLEV EXHAUST – PHASE 2,n/a,n/a,n/a,n/a,n/a,n/a,n/a,n/a,n/a,n/a,n/a,n/a,n/a,n/a,n/a,n/a,n/a,n/a,n/a,n/a,n/a,n/a,n/a,n/a,n/a,3.89E+00,
x,x,C10 CYCLIC OLEFINS OR DI-OLEFINS,n/a,n/a,n/a,n/a,n/a,n/a,n/a,n/a,n/a,n/a,n/a,n/a,n/a,n/a,n/a,n/a,n/a,n/a,n/a,n/a,n/a,n/a,n/a,n/a,n/a,3.93E+00,
x,x,C13 DISUBSTITUTED BENZENES,n/a,n/a,n/a,n/a,n/a,n/a,n/a,n/a,n/a,n/a,n/a,n/a,n/a,n/a,n/a,n/a,n/a,n/a,n/a,n/a,n/a,n/a,n/a,n/a,n/a,3.95E+00,
x,x,TLEV EXHAUST -- RFA,n/a,n/a,n/a,n/a,n/a,n/a,n/a,n/a,n/a,n/a,n/a,n/a,n/a,n/a,n/a,n/a,n/a,n/a,n/a,n/a,n/a,n/a,n/a,n/a,n/a,3.98E+00,
x,x,C8 ALKENES,n/a,n/a,n/a,n/a,n/a,n/a,n/a,n/a,n/a,n/a,n/a,n/a,n/a,n/a,n/a,n/a,n/a,n/a,n/a,n/a,n/a,n/a,n/a,n/a,n/a,4.03E+00,
x,x,C20 TRISUBSTITUTED BENZENES,n/a,n/a,n/a,n/a,n/a,n/a,n/a,n/a,n/a,n/a,n/a,n/a,n/a,n/a,n/a,n/a,n/a,n/a,n/a,n/a,n/a,n/a,n/a,n/a,n/a,4.04E+00,
x,x,TERPENE (MONOTERPENES),n/a,n/a,n/a,n/a,n/a,n/a,n/a,n/a,n/a,n/a,n/a,n/a,n/a,n/a,n/a,n/a,n/a,n/a,n/a,n/a,n/a,n/a,n/a,n/a,n/a,4.04E+00,
x,x,M-C15 DISUBSTITUTED BENZENES,n/a,n/a,n/a,n/a,n/a,n/a,n/a,n/a,n/a,n/a,n/a,n/a,n/a,n/a,n/a,n/a,n/a,n/a,n/a,n/a,n/a,n/a,n/a,n/a,n/a,4.04E+00,
x,x,"1,2,4-C16 TRISUBSTITUTED BENZENES",n/a,n/a,n/a,n/a,n/a,n/a,n/a,n/a,n/a,n/a,n/a,n/a,n/a,n/a,n/a,n/a,n/a,n/a,n/a,n/a,n/a,n/a,n/a,n/a,n/a,4.13E+00,
x,x,"1,3-DI-N-PROPYL BENZENE",n/a,n/a,n/a,n/a,n/a,n/a,n/a,n/a,n/a,n/a,n/a,n/a,n/a,n/a,n/a,n/a,n/a,n/a,n/a,n/a,n/a,n/a,n/a,n/a,n/a,4.23E+00,
x,x,O-C12 DISUBSTITUTED BENZENES,n/a,n/a,n/a,n/a,n/a,n/a,n/a,n/a,n/a,n/a,n/a,n/a,n/a,n/a,n/a,n/a,n/a,n/a,n/a,n/a,n/a,n/a,n/a,n/a,n/a,4.23E+00,
x,x,C19 TRISUBSTITUTED BENZENES,n/a,n/a,n/a,n/a,n/a,n/a,n/a,n/a,n/a,n/a,n/a,n/a,n/a,n/a,n/a,n/a,n/a,n/a,n/a,n/a,n/a,n/a,n/a,n/a,n/a,4.25E+00,
x,x,"1,3-DICHLOROPROPENE MIXTURE",n/a,n/a,n/a,n/a,n/a,n/a,n/a,n/a,n/a,n/a,n/a,n/a,n/a,n/a,n/a,n/a,n/a,n/a,n/a,n/a,n/a,n/a,n/a,n/a,n/a,4.29E+00,
x,x,C6 ALDEHYDES,n/a,n/a,n/a,n/a,n/a,n/a,n/a,n/a,n/a,n/a,n/a,n/a,n/a,n/a,n/a,n/a,n/a,n/a,n/a,n/a,n/a,n/a,n/a,n/a,n/a,4.35E+00,
x,x,"2,3-BUTANEDIOL",n/a,n/a,n/a,n/a,n/a,n/a,n/a,n/a,n/a,n/a,n/a,n/a,n/a,n/a,n/a,n/a,n/a,n/a,n/a,n/a,n/a,n/a,n/a,n/a,n/a,4.38E+00,
x,x,HEXYL BENZENES,n/a,n/a,n/a,n/a,n/a,n/a,n/a,n/a,n/a,n/a,n/a,n/a,n/a,n/a,n/a,n/a,n/a,n/a,n/a,n/a,n/a,n/a,n/a,n/a,n/a,4.39E+00,
x,x,C12 DISUBSTITUTED BENZENES,n/a,n/a,n/a,n/a,n/a,n/a,n/a,n/a,n/a,n/a,n/a,n/a,n/a,n/a,n/a,n/a,n/a,n/a,n/a,n/a,n/a,n/a,n/a,n/a,n/a,4.40E+00,
x,x,P-C10 DISUBSTITUTED BENZENES,n/a,n/a,n/a,n/a,n/a,n/a,n/a,n/a,n/a,n/a,n/a,n/a,n/a,n/a,n/a,n/a,n/a,n/a,n/a,n/a,n/a,n/a,n/a,n/a,n/a,4.43E+00,
x,x,C7 TERMINAL ALKENES,n/a,n/a,n/a,n/a,n/a,n/a,n/a,n/a,n/a,n/a,n/a,n/a,n/a,n/a,n/a,n/a,n/a,n/a,n/a,n/a,n/a,n/a,n/a,n/a,n/a,4.43E+00,
x,x,M-C14 DISUBSTITUTED BENZENES,n/a,n/a,n/a,n/a,n/a,n/a,n/a,n/a,n/a,n/a,n/a,n/a,n/a,n/a,n/a,n/a,n/a,n/a,n/a,n/a,n/a,n/a,n/a,n/a,n/a,4.45E+00,
x,x,"1,2,4-C15 TRISUBSTITUTED BENZENES",n/a,n/a,n/a,n/a,n/a,n/a,n/a,n/a,n/a,n/a,n/a,n/a,n/a,n/a,n/a,n/a,n/a,n/a,n/a,n/a,n/a,n/a,n/a,n/a,n/a,4.47E+00,
x,x,C18 TRISUBSTITUTED BENZENES,n/a,n/a,n/a,n/a,n/a,n/a,n/a,n/a,n/a,n/a,n/a,n/a,n/a,n/a,n/a,n/a,n/a,n/a,n/a,n/a,n/a,n/a,n/a,n/a,n/a,4.49E+00,
x,x,3-NONENES,n/a,n/a,n/a,n/a,n/a,n/a,n/a,n/a,n/a,n/a,n/a,n/a,n/a,n/a,n/a,n/a,n/a,n/a,n/a,n/a,n/a,n/a,n/a,n/a,n/a,4.54E+00,
x,x,C9 INTERNAL ALKENES,n/a,n/a,n/a,n/a,n/a,n/a,n/a,n/a,n/a,n/a,n/a,n/a,n/a,n/a,n/a,n/a,n/a,n/a,n/a,n/a,n/a,n/a,n/a,n/a,n/a,4.54E+00,
x,x,C13 DISUBSTITUTED NAPHTHALENES,n/a,n/a,n/a,n/a,n/a,n/a,n/a,n/a,n/a,n/a,n/a,n/a,n/a,n/a,n/a,n/a,n/a,n/a,n/a,n/a,n/a,n/a,n/a,n/a,n/a,4.58E+00,
x,x,C13 TRISUBSTITUTED NAPHTHALENES,n/a,n/a,n/a,n/a,n/a,n/a,n/a,n/a,n/a,n/a,n/a,n/a,n/a,n/a,n/a,n/a,n/a,n/a,n/a,n/a,n/a,n/a,n/a,n/a,n/a,4.58E+00,
x,x,C9 CYCLIC OLEFINS OR DI-OLEFINS,n/a,n/a,n/a,n/a,n/a,n/a,n/a,n/a,n/a,n/a,n/a,n/a,n/a,n/a,n/a,n/a,n/a,n/a,n/a,n/a,n/a,n/a,n/a,n/a,n/a,4.62E+00,
x,x,1-BUTYL-2-METHYL BENZENE,n/a,n/a,n/a,n/a,n/a,n/a,n/a,n/a,n/a,n/a,n/a,n/a,n/a,n/a,n/a,n/a,n/a,n/a,n/a,n/a,n/a,n/a,n/a,n/a,n/a,4.73E+00,
x,x,1-ETHYL-2-N-PROPYL BENZENE,n/a,n/a,n/a,n/a,n/a,n/a,n/a,n/a,n/a,n/a,n/a,n/a,n/a,n/a,n/a,n/a,n/a,n/a,n/a,n/a,n/a,n/a,n/a,n/a,n/a,4.73E+00,
x,x,O-C11 DISUBSTITUTED BENZENES,n/a,n/a,n/a,n/a,n/a,n/a,n/a,n/a,n/a,n/a,n/a,n/a,n/a,n/a,n/a,n/a,n/a,n/a,n/a,n/a,n/a,n/a,n/a,n/a,n/a,4.73E+00,
x,x,C17 TRISUBSTITUTED BENZENES,n/a,n/a,n/a,n/a,n/a,n/a,n/a,n/a,n/a,n/a,n/a,n/a,n/a,n/a,n/a,n/a,n/a,n/a,n/a,n/a,n/a,n/a,n/a,n/a,n/a,4.77E+00,
x,x,C8 INTERNAL ALKENES,n/a,n/a,n/a,n/a,n/a,n/a,n/a,n/a,n/a,n/a,n/a,n/a,n/a,n/a,n/a,n/a,n/a,n/a,n/a,n/a,n/a,n/a,n/a,n/a,n/a,4.81E+00,
x,x,UNSPECIATED C13 AROMATICS,n/a,n/a,n/a,n/a,n/a,n/a,n/a,n/a,n/a,n/a,n/a,n/a,n/a,n/a,n/a,n/a,n/a,n/a,n/a,n/a,n/a,n/a,n/a,n/a,n/a,4.81E+00,
x,x,"1,2,4-C14 TRISUBSTITUTED BENZENES",n/a,n/a,n/a,n/a,n/a,n/a,n/a,n/a,n/a,n/a,n/a,n/a,n/a,n/a,n/a,n/a,n/a,n/a,n/a,n/a,n/a,n/a,n/a,n/a,n/a,4.89E+00,
x,x,C8 CYCLIC OLEFINS OR DI-OLEFINS,n/a,n/a,n/a,n/a,n/a,n/a,n/a,n/a,n/a,n/a,n/a,n/a,n/a,n/a,n/a,n/a,n/a,n/a,n/a,n/a,n/a,n/a,n/a,n/a,n/a,4.89E+00,
x,x,PENTYL BENZENES,n/a,n/a,n/a,n/a,n/a,n/a,n/a,n/a,n/a,n/a,n/a,n/a,n/a,n/a,n/a,n/a,n/a,n/a,n/a,n/a,n/a,n/a,n/a,n/a,n/a,4.90E+00,
x,x,C11 DISUBSTITUTED BENZENES,n/a,n/a,n/a,n/a,n/a,n/a,n/a,n/a,n/a,n/a,n/a,n/a,n/a,n/a,n/a,n/a,n/a,n/a,n/a,n/a,n/a,n/a,n/a,n/a,n/a,4.92E+00,
x,x,M-C13 DISUBSTITUTED BENZENES,n/a,n/a,n/a,n/a,n/a,n/a,n/a,n/a,n/a,n/a,n/a,n/a,n/a,n/a,n/a,n/a,n/a,n/a,n/a,n/a,n/a,n/a,n/a,n/a,n/a,4.93E+00,
x,x,C12 DISUBSTITUTED NAPHTHALENES,n/a,n/a,n/a,n/a,n/a,n/a,n/a,n/a,n/a,n/a,n/a,n/a,n/a,n/a,n/a,n/a,n/a,n/a,n/a,n/a,n/a,n/a,n/a,n/a,n/a,4.99E+00,
x,x,DIMETHYL NAPHTHALENES,n/a,n/a,n/a,n/a,n/a,n/a,n/a,n/a,n/a,n/a,n/a,n/a,n/a,n/a,n/a,n/a,n/a,n/a,n/a,n/a,n/a,n/a,n/a,n/a,n/a,4.99E+00,
x,x,C16 TRISUBSTITUTED BENZENES,n/a,n/a,n/a,n/a,n/a,n/a,n/a,n/a,n/a,n/a,n/a,n/a,n/a,n/a,n/a,n/a,n/a,n/a,n/a,n/a,n/a,n/a,n/a,n/a,n/a,5.07E+00,
x,x,C5 ALDEHYDES,n/a,n/a,n/a,n/a,n/a,n/a,n/a,n/a,n/a,n/a,n/a,n/a,n/a,n/a,n/a,n/a,n/a,n/a,n/a,n/a,n/a,n/a,n/a,n/a,n/a,5.08E+00,
x,x,3-OCTENES,n/a,n/a,n/a,n/a,n/a,n/a,n/a,n/a,n/a,n/a,n/a,n/a,n/a,n/a,n/a,n/a,n/a,n/a,n/a,n/a,n/a,n/a,n/a,n/a,n/a,5.34E+00,
x,x,"1,2,4-C13 TRISUBSTITUTED BENZENES",n/a,n/a,n/a,n/a,n/a,n/a,n/a,n/a,n/a,n/a,n/a,n/a,n/a,n/a,n/a,n/a,n/a,n/a,n/a,n/a,n/a,n/a,n/a,n/a,n/a,5.35E+00,
x,x,C7 ALKENES,n/a,n/a,n/a,n/a,n/a,n/a,n/a,n/a,n/a,n/a,n/a,n/a,n/a,n/a,n/a,n/a,n/a,n/a,n/a,n/a,n/a,n/a,n/a,n/a,n/a,5.37E+00,
x,x,"1,2,3-C16 TRISUBSTITUTED BENZENES",n/a,n/a,n/a,n/a,n/a,n/a,n/a,n/a,n/a,n/a,n/a,n/a,n/a,n/a,n/a,n/a,n/a,n/a,n/a,n/a,n/a,n/a,n/a,n/a,n/a,5.46E+00,
x,x,C6 TERMINAL ALKENES,n/a,n/a,n/a,n/a,n/a,n/a,n/a,n/a,n/a,n/a,n/a,n/a,n/a,n/a,n/a,n/a,n/a,n/a,n/a,n/a,n/a,n/a,n/a,n/a,n/a,5.49E+00,
x,x,M-C12 DISUBSTITUTED BENZENES,n/a,n/a,n/a,n/a,n/a,n/a,n/a,n/a,n/a,n/a,n/a,n/a,n/a,n/a,n/a,n/a,n/a,n/a,n/a,n/a,n/a,n/a,n/a,n/a,n/a,5.49E+00,
x,x,O-C10 DISUBSTITUTED BENZENES,n/a,n/a,n/a,n/a,n/a,n/a,n/a,n/a,n/a,n/a,n/a,n/a,n/a,n/a,n/a,n/a,n/a,n/a,n/a,n/a,n/a,n/a,n/a,n/a,n/a,5.49E+00,
x,x,C15 TRISUBSTITUTED BENZENES,n/a,n/a,n/a,n/a,n/a,n/a,n/a,n/a,n/a,n/a,n/a,n/a,n/a,n/a,n/a,n/a,n/a,n/a,n/a,n/a,n/a,n/a,n/a,n/a,n/a,5.50E+00,
x,x,"1,3,5-C16 TRISUBSTITUTED BENZENES",n/a,n/a,n/a,n/a,n/a,n/a,n/a,n/a,n/a,n/a,n/a,n/a,n/a,n/a,n/a,n/a,n/a,n/a,n/a,n/a,n/a,n/a,n/a,n/a,n/a,5.63E+00,
x,x,C10 DISUBSTITUTED BENZENES,n/a,n/a,n/a,n/a,n/a,n/a,n/a,n/a,n/a,n/a,n/a,n/a,n/a,n/a,n/a,n/a,n/a,n/a,n/a,n/a,n/a,n/a,n/a,n/a,n/a,5.68E+00,
x,x,BUTYLBENZENES,n/a,n/a,n/a,n/a,n/a,n/a,n/a,n/a,n/a,n/a,n/a,n/a,n/a,n/a,n/a,n/a,n/a,n/a,n/a,n/a,n/a,n/a,n/a,n/a,n/a,5.76E+00,
x,x,C9 DISUBSTITUTED BENZENES,n/a,n/a,n/a,n/a,n/a,n/a,n/a,n/a,n/a,n/a,n/a,n/a,n/a,n/a,n/a,n/a,n/a,n/a,n/a,n/a,n/a,n/a,n/a,n/a,n/a,5.81E+00,
x,x,"1,2,3-C15 TRISUBSTITUTED BENZENES",n/a,n/a,n/a,n/a,n/a,n/a,n/a,n/a,n/a,n/a,n/a,n/a,n/a,n/a,n/a,n/a,n/a,n/a,n/a,n/a,n/a,n/a,n/a,n/a,n/a,5.94E+00,
x,x,"1,2,4-C12 TRISUBSTITUTED BENZENES",n/a,n/a,n/a,n/a,n/a,n/a,n/a,n/a,n/a,n/a,n/a,n/a,n/a,n/a,n/a,n/a,n/a,n/a,n/a,n/a,n/a,n/a,n/a,n/a,n/a,5.94E+00,
x,x,C4 ALDEHYDES,n/a,n/a,n/a,n/a,n/a,n/a,n/a,n/a,n/a,n/a,n/a,n/a,n/a,n/a,n/a,n/a,n/a,n/a,n/a,n/a,n/a,n/a,n/a,n/a,n/a,5.97E+00,
x,x,C14 TRISUBSTITUTED BENZENES,n/a,n/a,n/a,n/a,n/a,n/a,n/a,n/a,n/a,n/a,n/a,n/a,n/a,n/a,n/a,n/a,n/a,n/a,n/a,n/a,n/a,n/a,n/a,n/a,n/a,6.00E+00,
x,x,UNSPECIATED C12 AROMATICS,n/a,n/a,n/a,n/a,n/a,n/a,n/a,n/a,n/a,n/a,n/a,n/a,n/a,n/a,n/a,n/a,n/a,n/a,n/a,n/a,n/a,n/a,n/a,n/a,n/a,6.02E+00,
x,x,"1,3,5-C15 TRISUBSTITUTED BENZENES",n/a,n/a,n/a,n/a,n/a,n/a,n/a,n/a,n/a,n/a,n/a,n/a,n/a,n/a,n/a,n/a,n/a,n/a,n/a,n/a,n/a,n/a,n/a,n/a,n/a,6.10E+00,
x,x,M-C11 DISUBSTITUTED BENZENES,n/a,n/a,n/a,n/a,n/a,n/a,n/a,n/a,n/a,n/a,n/a,n/a,n/a,n/a,n/a,n/a,n/a,n/a,n/a,n/a,n/a,n/a,n/a,n/a,n/a,6.15E+00,
x,x,ISOMERS OF PROPYL BENZENE,n/a,n/a,n/a,n/a,n/a,n/a,n/a,n/a,n/a,n/a,n/a,n/a,n/a,n/a,n/a,n/a,n/a,n/a,n/a,n/a,n/a,n/a,n/a,n/a,n/a,6.23E+00,
x,x,C7 INTERNAL ALKENES,n/a,n/a,n/a,n/a,n/a,n/a,n/a,n/a,n/a,n/a,n/a,n/a,n/a,n/a,n/a,n/a,n/a,n/a,n/a,n/a,n/a,n/a,n/a,n/a,n/a,6.32E+00,
x,x,LUMPED C5+ UNSATURATED CARBONYL SPECIES,n/a,n/a,n/a,n/a,n/a,n/a,n/a,n/a,n/a,n/a,n/a,n/a,n/a,n/a,n/a,n/a,n/a,n/a,n/a,n/a,n/a,n/a,n/a,n/a,n/a,6.38E+00,
x,x,"1,2,3-C14 TRISUBSTITUTED BENZENES",n/a,n/a,n/a,n/a,n/a,n/a,n/a,n/a,n/a,n/a,n/a,n/a,n/a,n/a,n/a,n/a,n/a,n/a,n/a,n/a,n/a,n/a,n/a,n/a,n/a,6.49E+00,
x,x,ISOMERS OF ETHYLBENZENE,n/a,n/a,n/a,n/a,n/a,n/a,n/a,n/a,n/a,n/a,n/a,n/a,n/a,n/a,n/a,n/a,n/a,n/a,n/a,n/a,n/a,n/a,n/a,n/a,n/a,6.57E+00,
x,x,C13 TRISUBSTITUTED BENZENES,n/a,n/a,n/a,n/a,n/a,n/a,n/a,n/a,n/a,n/a,n/a,n/a,n/a,n/a,n/a,n/a,n/a,n/a,n/a,n/a,n/a,n/a,n/a,n/a,n/a,6.57E+00,
x,x,"1,2,4-C11 TRISUBSTITUTED BENZENES",n/a,n/a,n/a,n/a,n/a,n/a,n/a,n/a,n/a,n/a,n/a,n/a,n/a,n/a,n/a,n/a,n/a,n/a,n/a,n/a,n/a,n/a,n/a,n/a,n/a,6.62E+00,
x,x,"1,3,5-C14 TRISUBSTITUTED BENZENES",n/a,n/a,n/a,n/a,n/a,n/a,n/a,n/a,n/a,n/a,n/a,n/a,n/a,n/a,n/a,n/a,n/a,n/a,n/a,n/a,n/a,n/a,n/a,n/a,n/a,6.63E+00,
x,x,CARB HYDROCARBON BIN 23,n/a,n/a,n/a,n/a,n/a,n/a,n/a,n/a,n/a,n/a,n/a,n/a,n/a,n/a,n/a,n/a,n/a,n/a,n/a,n/a,n/a,n/a,n/a,n/a,n/a,6.85E+00,
x,x,UNSPECIATED C11 AROMATICS,n/a,n/a,n/a,n/a,n/a,n/a,n/a,n/a,n/a,n/a,n/a,n/a,n/a,n/a,n/a,n/a,n/a,n/a,n/a,n/a,n/a,n/a,n/a,n/a,n/a,6.95E+00,
x,x,C6 ALKENES,n/a,n/a,n/a,n/a,n/a,n/a,n/a,n/a,n/a,n/a,n/a,n/a,n/a,n/a,n/a,n/a,n/a,n/a,n/a,n/a,n/a,n/a,n/a,n/a,n/a,6.98E+00,
x,x,UNSPECIATED C10 AROMATICS,n/a,n/a,n/a,n/a,n/a,n/a,n/a,n/a,n/a,n/a,n/a,n/a,n/a,n/a,n/a,n/a,n/a,n/a,n/a,n/a,n/a,n/a,n/a,n/a,n/a,7.07E+00,
x,x,M-C10 DISUBSTITUTED BENZENES,n/a,n/a,n/a,n/a,n/a,n/a,n/a,n/a,n/a,n/a,n/a,n/a,n/a,n/a,n/a,n/a,n/a,n/a,n/a,n/a,n/a,n/a,n/a,n/a,n/a,7.10E+00,
x,x,"1,2,3-C13 TRISUBSTITUTED BENZENES",n/a,n/a,n/a,n/a,n/a,n/a,n/a,n/a,n/a,n/a,n/a,n/a,n/a,n/a,n/a,n/a,n/a,n/a,n/a,n/a,n/a,n/a,n/a,n/a,n/a,7.13E+00,
x,x,TRANS-4-METHYL-2-HEXENE,n/a,n/a,n/a,n/a,n/a,n/a,n/a,n/a,n/a,n/a,n/a,n/a,n/a,n/a,n/a,n/a,n/a,n/a,n/a,n/a,n/a,n/a,n/a,n/a,n/a,7.18E+00,
x,x,C5 TERMINAL ALKENES,n/a,n/a,n/a,n/a,n/a,n/a,n/a,n/a,n/a,n/a,n/a,n/a,n/a,n/a,n/a,n/a,n/a,n/a,n/a,n/a,n/a,n/a,n/a,n/a,n/a,7.21E+00,
x,x,"1,3,5-C13 TRISUBSTITUTED BENZENES",n/a,n/a,n/a,n/a,n/a,n/a,n/a,n/a,n/a,n/a,n/a,n/a,n/a,n/a,n/a,n/a,n/a,n/a,n/a,n/a,n/a,n/a,n/a,n/a,n/a,7.24E+00,
x,x,C7 CYCLIC OLEFINS OR DI-OLEFINS,n/a,n/a,n/a,n/a,n/a,n/a,n/a,n/a,n/a,n/a,n/a,n/a,n/a,n/a,n/a,n/a,n/a,n/a,n/a,n/a,n/a,n/a,n/a,n/a,n/a,7.29E+00,
x,x,C12 HEXASUBSTITUTED BENZENES,n/a,n/a,n/a,n/a,n/a,n/a,n/a,n/a,n/a,n/a,n/a,n/a,n/a,n/a,n/a,n/a,n/a,n/a,n/a,n/a,n/a,n/a,n/a,n/a,n/a,7.30E+00,
x,x,C12 PENTASUBSTITUTED BENZENES,n/a,n/a,n/a,n/a,n/a,n/a,n/a,n/a,n/a,n/a,n/a,n/a,n/a,n/a,n/a,n/a,n/a,n/a,n/a,n/a,n/a,n/a,n/a,n/a,n/a,7.30E+00,
x,x,C12 TETRASUBSTITUTED BENZENES,n/a,n/a,n/a,n/a,n/a,n/a,n/a,n/a,n/a,n/a,n/a,n/a,n/a,n/a,n/a,n/a,n/a,n/a,n/a,n/a,n/a,n/a,n/a,n/a,n/a,7.30E+00,
x,x,C12 TRISUBSTITUTED BENZENES,n/a,n/a,n/a,n/a,n/a,n/a,n/a,n/a,n/a,n/a,n/a,n/a,n/a,n/a,n/a,n/a,n/a,n/a,n/a,n/a,n/a,n/a,n/a,n/a,n/a,7.30E+00,
x,x,AROMATIC 100®,n/a,n/a,n/a,n/a,n/a,n/a,n/a,n/a,n/a,n/a,n/a,n/a,n/a,n/a,n/a,n/a,n/a,n/a,n/a,n/a,n/a,n/a,n/a,n/a,n/a,7.38E+00,
x,x,"1,2,4-C10 TRISUBSTITUTED BENZENES",n/a,n/a,n/a,n/a,n/a,n/a,n/a,n/a,n/a,n/a,n/a,n/a,n/a,n/a,n/a,n/a,n/a,n/a,n/a,n/a,n/a,n/a,n/a,n/a,n/a,7.55E+00,
x,x,CARB HYDROCARBON BIN 22,n/a,n/a,n/a,n/a,n/a,n/a,n/a,n/a,n/a,n/a,n/a,n/a,n/a,n/a,n/a,n/a,n/a,n/a,n/a,n/a,n/a,n/a,n/a,n/a,n/a,7.60E+00,
x,x,CARB HYDROCARBON BIN 21,n/a,n/a,n/a,n/a,n/a,n/a,n/a,n/a,n/a,n/a,n/a,n/a,n/a,n/a,n/a,n/a,n/a,n/a,n/a,n/a,n/a,n/a,n/a,n/a,n/a,7.64E+00,
x,x,UNSPECIATED C8 AROMATICS,n/a,n/a,n/a,n/a,n/a,n/a,n/a,n/a,n/a,n/a,n/a,n/a,n/a,n/a,n/a,n/a,n/a,n/a,n/a,n/a,n/a,n/a,n/a,n/a,n/a,7.64E+00,
x,x,"1,2,3-C12 TRISUBSTITUTED BENZENES",n/a,n/a,n/a,n/a,n/a,n/a,n/a,n/a,n/a,n/a,n/a,n/a,n/a,n/a,n/a,n/a,n/a,n/a,n/a,n/a,n/a,n/a,n/a,n/a,n/a,7.95E+00,
x,x,UNSPECIATED C9 AROMATICS,n/a,n/a,n/a,n/a,n/a,n/a,n/a,n/a,n/a,n/a,n/a,n/a,n/a,n/a,n/a,n/a,n/a,n/a,n/a,n/a,n/a,n/a,n/a,n/a,n/a,7.99E+00,
x,x,"1,3,5-C12 TRISUBSTITUTED BENZENES",n/a,n/a,n/a,n/a,n/a,n/a,n/a,n/a,n/a,n/a,n/a,n/a,n/a,n/a,n/a,n/a,n/a,n/a,n/a,n/a,n/a,n/a,n/a,n/a,n/a,8.02E+00,
x,x,CIS 4-METHYL-2-PENTENE,n/a,n/a,n/a,n/a,n/a,n/a,n/a,n/a,n/a,n/a,n/a,n/a,n/a,n/a,n/a,n/a,n/a,n/a,n/a,n/a,n/a,n/a,n/a,n/a,n/a,8.12E+00,
x,x,C11 PENTASUBSTITUTED BENZENES,n/a,n/a,n/a,n/a,n/a,n/a,n/a,n/a,n/a,n/a,n/a,n/a,n/a,n/a,n/a,n/a,n/a,n/a,n/a,n/a,n/a,n/a,n/a,n/a,n/a,8.13E+00,
x,x,C11 TETRASUBSTITUTED BENZENES,n/a,n/a,n/a,n/a,n/a,n/a,n/a,n/a,n/a,n/a,n/a,n/a,n/a,n/a,n/a,n/a,n/a,n/a,n/a,n/a,n/a,n/a,n/a,n/a,n/a,8.13E+00,
x,x,C11 TRISUBSTITUTED BENZENES,n/a,n/a,n/a,n/a,n/a,n/a,n/a,n/a,n/a,n/a,n/a,n/a,n/a,n/a,n/a,n/a,n/a,n/a,n/a,n/a,n/a,n/a,n/a,n/a,n/a,8.13E+00,
x,x,C6 INTERNAL ALKENES,n/a,n/a,n/a,n/a,n/a,n/a,n/a,n/a,n/a,n/a,n/a,n/a,n/a,n/a,n/a,n/a,n/a,n/a,n/a,n/a,n/a,n/a,n/a,n/a,n/a,8.47E+00,
x,x,C6 CYCLIC OLEFINS OR DI-OLEFINS,n/a,n/a,n/a,n/a,n/a,n/a,n/a,n/a,n/a,n/a,n/a,n/a,n/a,n/a,n/a,n/a,n/a,n/a,n/a,n/a,n/a,n/a,n/a,n/a,n/a,8.68E+00,
x,x,C5 ALKENES,n/a,n/a,n/a,n/a,n/a,n/a,n/a,n/a,n/a,n/a,n/a,n/a,n/a,n/a,n/a,n/a,n/a,n/a,n/a,n/a,n/a,n/a,n/a,n/a,n/a,8.84E+00,
x,x,"1,2,3-C11 TRISUBSTITUTED BENZENES",n/a,n/a,n/a,n/a,n/a,n/a,n/a,n/a,n/a,n/a,n/a,n/a,n/a,n/a,n/a,n/a,n/a,n/a,n/a,n/a,n/a,n/a,n/a,n/a,n/a,8.88E+00,
x,x,"1,3,5-C11 TRISUBSTITUTED BENZENES",n/a,n/a,n/a,n/a,n/a,n/a,n/a,n/a,n/a,n/a,n/a,n/a,n/a,n/a,n/a,n/a,n/a,n/a,n/a,n/a,n/a,n/a,n/a,n/a,n/a,8.90E+00,
x,x,C10 TETRASUBSTITUTED BENZENES,n/a,n/a,n/a,n/a,n/a,n/a,n/a,n/a,n/a,n/a,n/a,n/a,n/a,n/a,n/a,n/a,n/a,n/a,n/a,n/a,n/a,n/a,n/a,n/a,n/a,9.26E+00,
x,x,C10 TRISUBSTITUTED BENZENES,n/a,n/a,n/a,n/a,n/a,n/a,n/a,n/a,n/a,n/a,n/a,n/a,n/a,n/a,n/a,n/a,n/a,n/a,n/a,n/a,n/a,n/a,n/a,n/a,n/a,9.26E+00,
x,x,C4 TERMINAL ALKENES,n/a,n/a,n/a,n/a,n/a,n/a,n/a,n/a,n/a,n/a,n/a,n/a,n/a,n/a,n/a,n/a,n/a,n/a,n/a,n/a,n/a,n/a,n/a,n/a,n/a,9.73E+00,
x,x,TRANS-3-METHYL-2-HEXENE,n/a,n/a,n/a,n/a,n/a,n/a,n/a,n/a,n/a,n/a,n/a,n/a,n/a,n/a,n/a,n/a,n/a,n/a,n/a,n/a,n/a,n/a,n/a,n/a,n/a,1.01E+01,
x,x,"1,3,5-C10 TRISUBSTITUTED BENZENES",n/a,n/a,n/a,n/a,n/a,n/a,n/a,n/a,n/a,n/a,n/a,n/a,n/a,n/a,n/a,n/a,n/a,n/a,n/a,n/a,n/a,n/a,n/a,n/a,n/a,1.01E+01,
x,x,"1,2,3-C10 TRISUBSTITUTED BENZENES",n/a,n/a,n/a,n/a,n/a,n/a,n/a,n/a,n/a,n/a,n/a,n/a,n/a,n/a,n/a,n/a,n/a,n/a,n/a,n/a,n/a,n/a,n/a,n/a,n/a,1.01E+01,
x,x,2-PENTENES,n/a,n/a,n/a,n/a,n/a,n/a,n/a,n/a,n/a,n/a,n/a,n/a,n/a,n/a,n/a,n/a,n/a,n/a,n/a,n/a,n/a,n/a,n/a,n/a,n/a,1.05E+01,
x,x,C5 INTERNAL ALKENES,n/a,n/a,n/a,n/a,n/a,n/a,n/a,n/a,n/a,n/a,n/a,n/a,n/a,n/a,n/a,n/a,n/a,n/a,n/a,n/a,n/a,n/a,n/a,n/a,n/a,1.05E+01,
x,x,C4 ALKENES,n/a,n/a,n/a,n/a,n/a,n/a,n/a,n/a,n/a,n/a,n/a,n/a,n/a,n/a,n/a,n/a,n/a,n/a,n/a,n/a,n/a,n/a,n/a,n/a,n/a,1.22E+01,
x,x,C4 INTERNAL ALKENES,n/a,n/a,n/a,n/a,n/a,n/a,n/a,n/a,n/a,n/a,n/a,n/a,n/a,n/a,n/a,n/a,n/a,n/a,n/a,n/a,n/a,n/a,n/a,n/a,n/a,1.47E+01,
x,x,NITROGEN OXIDES,7.00E-01,n/a,n/a,n/a,n/a,n/a,n/a,n/a,n/a,n/a,n/a,n/a,n/a,n/a,n/a,n/a,n/a,n/a,n/a,n/a,n/a,n/a,n/a,7.22E-03,n/a,2.48E+01,
,,,,,,,,,,,,,,,,,,,,,,,,,,,,,
,,,,,,,,,,,,,,,,,,,,,,,,,,,,,
,,,,,,,,,,,,,,,,,,,,,,,,,,,,,
,,,,,,,,,,,,,,,,,,,,,,,,,,,,,
,,,,,,,,,,,,,,,,,,,,,,,,,,,,,
,,,,,,,,,,,,,,,,,,,,,,,,,,,,,
,,,,,,,,,,,,,,,,,,,,,,,,,,,,,
,,,,,,,,,,,,,,,,,,,,,,,,,,,,,
,,,,,,,,,,,,,,,,,,,,,,,,,,,,,
,,,,,,,,,,,,,,,,,,,,,,,,,,,,,
,,,,,,,,,,,,,,,,,,,,,,,,,,,,,
,,,,,,,,,,,,,,,,,,,,,,,,,,,,,
,,,,,,,,,,,,,,,,,,,,,,,,,,,,,
,,,,,,,,,,,,,,,,,,,,,,,,,,,,,
,,,,,,,,,,,,,,,,,,,,,,,,,,,,,
,,,,,,,,,,,,,,,,,,,,,,,,,,,,,
,,,,,,,,,,,,,,,,,,,,,,,,,,,,,
,,,,,,,,,,,,,,,,,,,,,,,,,,,,,
,,,,,,,,,,,,,,,,,,,,,,,,,,,,,
,,,,,,,,,,,,,,,,,,,,,,,,,,,,,
,,,,,,,,,,,,,,,,,,,,,,,,,,,,,
,,,,,,,,,,,,,,,,,,,,,,,,,,,,,
,,,,,,,,,,,,,,,,,,,,,,,,,,,,,
,,,,,,,,,,,,,,,,,,,,,,,,,,,,,
,,,,,,,,,,,,,,,,,,,,,,,,,,,,,
,,,,,,,,,,,,,,,,,,,,,,,,,,,,,
,,,,,,,,,,,,,,,,,,,,,,,,,,,,,
,,,,,,,,,,,,,,,,,,,,,,,,,,,,,
,,,,,,,,,,,,,,,,,,,,,,,,,,,,,
,,,,,,,,,,,,,,,,,,,,,,,,,,,,,
,,,,,,,,,,,,,,,,,,,,,,,,,,,,,
,,,,,,,,,,,,,,,,,,,,,,,,,,,,,
,,,,,,,,,,,,,,,,,,,,,,,,,,,,,
,,,,,,,,,,,,,,,,,,,,,,,,,,,,,
,,,,,,,,,,,,,,,,,,,,,,,,,,,,,
,,,,,,,,,,,,,,,,,,,,,,,,,,,,,
,,,,,,,,,,,,,,,,,,,,,,,,,,,,,
,,,,,,,,,,,,,,,,,,,,,,,,,,,,,
,,,,,,,,,,,,,,,,,,,,,,,,,,,,,
,,,,,,,,,,,,,,,,,,,,,,,,,,,,,
,,,,,,,,,,,,,,,,,,,,,,,,,,,,,
,,,,,,,,,,,,,,,,,,,,,,,,,,,,,
,,,,,,,,,,,,,,,,,,,,,,,,,,,,,
,,,,,,,,,,,,,,,,,,,,,,,,,,,,,
,,,,,,,,,,,,,,,,,,,,,,,,,,,,,
,,,,,,,,,,,,,,,,,,,,,,,,,,,,,
,,,,,,,,,,,,,,,,,,,,,,,,,,,,,
,,,,,,,,,,,,,,,,,,,,,,,,,,,,,
,,,,,,,,,,,,,,,,,,,,,,,,,,,,,
,,,,,,,,,,,,,,,,,,,,,,,,,,,,,
,,,,,,,,,,,,,,,,,,,,,,,,,,,,,
,,,,,,,,,,,,,,,,,,,,,,,,,,,,,
,,,,,,,,,,,,,,,,,,,,,,,,,,,,,
,,,,,,,,,,,,,,,,,,,,,,,,,,,,,
,,,,,,,,,,,,,,,,,,,,,,,,,,,,,
,,,,,,,,,,,,,,,,,,,,,,,,,,,,,
,,,,,,,,,,,,,,,,,,,,,,,,,,,,,
,,,,,,,,,,,,,,,,,,,,,,,,,,,,,
,,,,,,,,,,,,,,,,,,,,,,,,,,,,,
,,,,,,,,,,,,,,,,,,,,,,,,,,,,,
,,,,,,,,,,,,,,,,,,,,,,,,,,,,,
,,,,,,,,,,,,,,,,,,,,,,,,,,,,,
,,,,,,,,,,,,,,,,,,,,,,,,,,,,,
,,,,,,,,,,,,,,,,,,,,,,,,,,,,,
,,,,,,,,,,,,,,,,,,,,,,,,,,,,,
,,,,,,,,,,,,,,,,,,,,,,,,,,,,,
,,,,,,,,,,,,,,,,,,,,,,,,,,,,,
,,,,,,,,,,,,,,,,,,,,,,,,,,,,,
,,,,,,,,,,,,,,,,,,,,,,,,,,,,,
,,,,,,,,,,,,,,,,,,,,,,,,,,,,,
,,,,,,,,,,,,,,,,,,,,,,,,,,,,,
,,,,,,,,,,,,,,,,,,,,,,,,,,,,,
,,,,,,,,,,,,,,,,,,,,,,,,,,,,,
,,,,,,,,,,,,,,,,,,,,,,,,,,,,,
,,,,,,,,,,,,,,,,,,,,,,,,,,,,,
,,,,,,,,,,,,,,,,,,,,,,,,,,,,,
,,,,,,,,,,,,,,,,,,,,,,,,,,,,,
,,,,,,,,,,,,,,,,,,,,,,,,,,,,,
,,,,,,,,,,,,,,,,,,,,,,,,,,,,,
,,,,,,,,,,,,,,,,,,,,,,,,,,,,,
,,,,,,,,,,,,,,,,,,,,,,,,,,,,,
,,,,,,,,,,,,,,,,,,,,,,,,,,,,,
,,,,,,,,,,,,,,,,,,,,,,,,,,,,,
,,,,,,,,,,,,,,,,,,,,,,,,,,,,,
,,,,,,,,,,,,,,,,,,,,,,,,,,,,,
,,,,,,,,,,,,,,,,,,,,,,,,,,,,,
,,,,,,,,,,,,,,,,,,,,,,,,,,,,,
,,,,,,,,,,,,,,,,,,,,,,,,,,,,,
,,,,,,,,,,,,,,,,,,,,,,,,,,,,,
,,,,,,,,,,,,,,,,,,,,,,,,,,,,,
,,,,,,,,,,,,,,,,,,,,,,,,,,,,,
,,,,,,,,,,,,,,,,,,,,,,,,,,,,,
,,,,,,,,,,,,,,,,,,,,,,,,,,,,,
,,,,,,,,,,,,,,,,,,,,,,,,,,,,,
,,,,,,,,,,,,,,,,,,,,,,,,,,,,,
,,,,,,,,,,,,,,,,,,,,,,,,,,,,,
,,,,,,,,,,,,,,,,,,,,,,,,,,,,,
,,,,,,,,,,,,,,,,,,,,,,,,,,,,,
,,,,,,,,,,,,,,,,,,,,,,,,,,,,,
,,,,,,,,,,,,,,,,,,,,,,,,,,,,,
,,,,,,,,,,,,,,,,,,,,,,,,,,,,,
,,,,,,,,,,,,,,,,,,,,,,,,,,,,,
,,,,,,,,,,,,,,,,,,,,,,,,,,,,,
,,,,,,,,,,,,,,,,,,,,,,,,,,,,,
,,,,,,,,,,,,,,,,,,,,,,,,,,,,,
,,,,,,,,,,,,,,,,,,,,,,,,,,,,,
,,,,,,,,,,,,,,,,,,,,,,,,,,,,,
,,,,,,,,,,,,,,,,,,,,,,,,,,,,,
,,,,,,,,,,,,,,,,,,,,,,,,,,,,,
,,,,,,,,,,,,,,,,,,,,,,,,,,,,,
,,,,,,,,,,,,,,,,,,,,,,,,,,,,,
,,,,,,,,,,,,,,,,,,,,,,,,,,,,,
,,,,,,,,,,,,,,,,,,,,,,,,,,,,,
,,,,,,,,,,,,,,,,,,,,,,,,,,,,,
,,,,,,,,,,,,,,,,,,,,,,,,,,,,,
,,,,,,,,,,,,,,,,,,,,,,,,,,,,,
,,,,,,,,,,,,,,,,,,,,,,,,,,,,,
,,,,,,,,,,,,,,,,,,,,,,,,,,,,,
,,,,,,,,,,,,,,,,,,,,,,,,,,,,,
,,,,,,,,,,,,,,,,,,,,,,,,,,,,,
,,,,,,,,,,,,,,,,,,,,,,,,,,,,,
,,,,,,,,,,,,,,,,,,,,,,,,,,,,,
,,,,,,,,,,,,,,,,,,,,,,,,,,,,,
,,,,,,,,,,,,,,,,,,,,,,,,,,,,,
,,,,,,,,,,,,,,,,,,,,,,,,,,,,,
,,,,,,,,,,,,,,,,,,,,,,,,,,,,,
,,,,,,,,,,,,,,,,,,,,,,,,,,,,,
,,,,,,,,,,,,,,,,,,,,,,,,,,,,,
,,,,,,,,,,,,,,,,,,,,,,,,,,,,,
,,,,,,,,,,,,,,,,,,,,,,,,,,,,,
,,,,,,,,,,,,,,,,,,,,,,,,,,,,,
,,,,,,,,,,,,,,,,,,,,,,,,,,,,,
,,,,,,,,,,,,,,,,,,,,,,,,,,,,,
,,,,,,,,,,,,,,,,,,,,,,,,,,,,,
,,,,,,,,,,,,,,,,,,,,,,,,,,,,,
,,,,,,,,,,,,,,,,,,,,,,,,,,,,,
,,,,,,,,,,,,,,,,,,,,,,,,,,,,,
,,,,,,,,,,,,,,,,,,,,,,,,,,,,,
,,,,,,,,,,,,,,,,,,,,,,,,,,,,,
,,,,,,,,,,,,,,,,,,,,,,,,,,,,,
,,,,,,,,,,,,,,,,,,,,,,,,,,,,,
,,,,,,,,,,,,,,,,,,,,,,,,,,,,,
,,,,,,,,,,,,,,,,,,,,,,,,,,,,,
,,,,,,,,,,,,,,,,,,,,,,,,,,,,,
,,,,,,,,,,,,,,,,,,,,,,,,,,,,,
,,,,,,,,,,,,,,,,,,,,,,,,,,,,,
,,,,,,,,,,,,,,,,,,,,,,,,,,,,,
,,,,,,,,,,,,,,,,,,,,,,,,,,,,,
,,,,,,,,,,,,,,,,,,,,,,,,,,,,,
,,,,,,,,,,,,,,,,,,,,,,,,,,,,,
,,,,,,,,,,,,,,,,,,,,,,,,,,,,,
,,,,,,,,,,,,,,,,,,,,,,,,,,,,,
,,,,,,,,,,,,,,,,,,,,,,,,,,,,,
,,,,,,,,,,,,,,,,,,,,,,,,,,,,,
,,,,,,,,,,,,,,,,,,,,,,,,,,,,,
,,,,,,,,,,,,,,,,,,,,,,,,,,,,,
,,,,,,,,,,,,,,,,,,,,,,,,,,,,,
,,,,,,,,,,,,,,,,,,,,,,,,,,,,,
,,,,,,,,,,,,,,,,,,,,,,,,,,,,,
,,,,,,,,,,,,,,,,,,,,,,,,,,,,,
,,,,,,,,,,,,,,,,,,,,,,,,,,,,,
,,,,,,,,,,,,,,,,,,,,,,,,,,,,,
,,,,,,,,,,,,,,,,,,,,,,,,,,,,,
,,,,,,,,,,,,,,,,,,,,,,,,,,,,,
,,,,,,,,,,,,,,,,,,,,,,,,,,,,,
,,,,,,,,,,,,,,,,,,,,,,,,,,,,,
,,,,,,,,,,,,,,,,,,,,,,,,,,,,,
,,,,,,,,,,,,,,,,,,,,,,,,,,,,,
,,,,,,,,,,,,,,,,,,,,,,,,,,,,,
,,,,,,,,,,,,,,,,,,,,,,,,,,,,,
,,,,,,,,,,,,,,,,,,,,,,,,,,,,,
,,,,,,,,,,,,,,,,,,,,,,,,,,,,,
,,,,,,,,,,,,,,,,,,,,,,,,,,,,,
,,,,,,,,,,,,,,,,,,,,,,,,,,,,,
,,,,,,,,,,,,,,,,,,,,,,,,,,,,,
,,,,,,,,,,,,,,,,,,,,,,,,,,,,,
,,,,,,,,,,,,,,,,,,,,,,,,,,,,,
,,,,,,,,,,,,,,,,,,,,,,,,,,,,,
,,,,,,,,,,,,,,,,,,,,,,,,,,,,,
,,,,,,,,,,,,,,,,,,,,,,,,,,,,,
,,,,,,,,,,,,,,,,,,,,,,,,,,,,,
,,,,,,,,,,,,,,,,,,,,,,,,,,,,,
,,,,,,,,,,,,,,,,,,,,,,,,,,,,,
,,,,,,,,,,,,,,,,,,,,,,,,,,,,,
,,,,,,,,,,,,,,,,,,,,,,,,,,,,,
,,,,,,,,,,,,,,,,,,,,,,,,,,,,,
,,,,,,,,,,,,,,,,,,,,,,,,,,,,,
,,,,,,,,,,,,,,,,,,,,,,,,,,,,,
,,,,,,,,,,,,,,,,,,,,,,,,,,,,,
,,,,,,,,,,,,,,,,,,,,,,,,,,,,,
,,,,,,,,,,,,,,,,,,,,,,,,,,,,,
,,,,,,,,,,,,,,,,,,,,,,,,,,,,,
,,,,,,,,,,,,,,,,,,,,,,,,,,,,,
,,,,,,,,,,,,,,,,,,,,,,,,,,,,,
,,,,,,,,,,,,,,,,,,,,,,,,,,,,,
,,,,,,,,,,,,,,,,,,,,,,,,,,,,,
,,,,,,,,,,,,,,,,,,,,,,,,,,,,,
,,,,,,,,,,,,,,,,,,,,,,,,,,,,,
,,,,,,,,,,,,,,,,,,,,,,,,,,,,,
,,,,,,,,,,,,,,,,,,,,,,,,,,,,,
,,,,,,,,,,,,,,,,,,,,,,,,,,,,,
,,,,,,,,,,,,,,,,,,,,,,,,,,,,,
,,,,,,,,,,,,,,,,,,,,,,,,,,,,,
,,,,,,,,,,,,,,,,,,,,,,,,,,,,,
,,,,,,,,,,,,,,,,,,,,,,,,,,,,,
,,,,,,,,,,,,,,,,,,,,,,,,,,,,,
,,,,,,,,,,,,,,,,,,,,,,,,,,,,,
,,,,,,,,,,,,,,,,,,,,,,,,,,,,,
,,,,,,,,,,,,,,,,,,,,,,,,,,,,,
,,,,,,,,,,,,,,,,,,,,,,,,,,,,,
,,,,,,,,,,,,,,,,,,,,,,,,,,,,,
,,,,,,,,,,,,,,,,,,,,,,,,,,,,,
,,,,,,,,,,,,,,,,,,,,,,,,,,,,,
